{"type":"FeatureCollection", "features": [
{"type":"Feature","geometry":{"type":"Polygon","coordinates":[[[52.09906431500926,30.39519151650506],[52.09846189832692,30.39559811884877],[52.09842720067962,30.39563675946685],[52.09841244120909,30.3956549300907],[52.09828765264029,30.39572365383862],[52.09794507353438,30.39580548748053],[52.09779027149292,30.39598274206641],[52.09724615764041,30.39630989541871],[52.09690426599194,30.39656992981588],[52.09676436237852,30.39662524419581],[52.09651616152215,30.39682809550316],[52.09632957214995,30.39689733623608],[52.09614187856079,30.39692598133791],[52.09575155035257,30.39692700075528],[52.09542359103499,30.39686207734843],[52.09468762570253,30.39655468967744],[52.09427889198978,30.39624681242015],[52.09415386682777,30.3961779295962],[52.09363761482426,30.39608750907886],[52.0933714793545,30.39596566740728],[52.09297976809955,30.39572531789288],[52.09253969149621,30.39534776702263],[52.09221038400003,30.39516103267232],[52.09172332332508,30.39547189546909],[52.09138524077987,30.39549051156295],[52.09116873160293,30.39573594854755],[52.09082489378368,30.39576363454811],[52.09044905289241,30.39560435414051],[52.09004386887912,30.39567315490765],[52.08976490791646,30.39591911080035],[52.08842207604846,30.39591226123184],[52.08787358152185,30.39567094678375],[52.08755949416737,30.39538932951603],[52.0871676971314,30.39525724220626],[52.08696277228135,30.3949047844509],[52.08665479287901,30.39470432348811],[52.0862587678281,30.39471889668431],[52.08540293007357,30.39515687256124],[52.08475129128409,30.39558863557064],[52.08424156748274,30.394674749894],[52.08410837436907,30.39398331921974],[52.08404911086071,30.39385974106476],[52.08387606510759,30.39368296744653],[52.08378299279376,30.39373787937625],[52.08376837427509,30.39388688470118],[52.08361165965741,30.39383404525267],[52.08354548750088,30.39332026750948],[52.08323072636177,30.39291683076826],[52.08297858100467,30.39264596741639],[52.08275704525143,30.39220115171391],[52.08255310533153,30.39205395795465],[52.08236616239264,30.39215025156027],[52.0822730121078,30.39225704691632],[52.08226201432524,30.39285267442026],[52.08240407748195,30.39311091651245],[52.08243952142179,30.39361141468028],[52.08233108151961,30.39374766242954],[52.08216016961854,30.3938821718605],[52.08183217456432,30.39387135393734],[52.08162853068771,30.39375122618506],[52.0814871600344,30.39361479177937],[52.08126587258999,30.39325118099373],[52.08120213877897,30.39307575461769],[52.08115272951619,30.39272425568248],[52.08102580508656,30.39248167760656],[52.08083732953916,30.39232081823663],[52.08033546412889,30.39199787599773],[52.08008409835237,30.39179693084862],[52.08002051655556,30.39163503747713],[52.08001597169567,30.39098539864541],[52.07998361304546,30.39082324707018],[52.07988878486787,30.39065935610978],[52.07969971935959,30.39044436013616],[52.0793230787196,30.39014970428506],[52.07911840434519,30.38993483638617],[52.07885155927148,30.38974529566125],[52.07835018431298,30.3894652019253],[52.07819286025794,30.38935596525645],[52.07784730163298,30.38904751348199],[52.077361759814,30.38884623897233],[52.07711031630455,30.38857761373659],[52.0770468900852,30.3884292523839],[52.07692116913086,30.38829493949729],[52.07687300064001,30.38817352213981],[52.07684064823246,30.38801136956981],[52.07683922062986,30.38782189219285],[52.07679146284147,30.38761926176876],[52.07680564607384,30.38742965570171],[52.07711568983087,30.38716993583514],[52.0773493122887,30.38705972984899],[52.07753621924721,30.38701983930633],[52.07777052740803,30.38703144137044],[52.07802089202302,30.38708351532887],[52.07823958971599,30.38709524536625],[52.07841014247961,30.38698781387403],[52.07847160028336,30.38683842220984],[52.0782371751225,30.38675689184942],[52.07784434844108,30.38640822511273],[52.07754533600188,30.3860723182986],[52.07724654129626,30.38581536278546],[52.07710545340662,30.38576238634624],[52.07632475803489,30.38575302999048],[52.07604412380684,30.38572827191876],[52.0757305558105,30.38560678398857],[52.0752750046304,30.38523155583025],[52.07521143528864,30.38506965966439],[52.07520962415824,30.38478544065272],[52.07516038958411,30.38444747212479],[52.07495591768082,30.38418973484506],[52.07456311289947,30.38384105757815],[52.07445236105106,30.38370661895366],[52.07429616988183,30.38364022865001],[52.07410823163464,30.38358537829883],[52.07393652038773,30.38358678992572],[52.07377967931978,30.38352040433696],[52.07360743490458,30.38341354027256],[52.07335764882853,30.38341333688235],[52.07318652944921,30.38346888247924],[52.07278208628069,30.38366169354878],[52.07253215171121,30.38364795485207],[52.07214086409452,30.3835564218508],[52.07201515615384,30.38342210383262],[52.07206033235926,30.38315103395749],[52.07254193818871,30.38287638192566],[52.0727758763036,30.38279550728299],[52.07325845489904,30.38266972919704],[52.07341416952337,30.38257370521911],[52.07412857830628,30.38205576109613],[52.07457888785458,30.38171594002655],[52.07524443831977,30.38095476256125],[52.07547632759145,30.38062801498914],[52.07553695454944,30.38034328182928],[52.07553523363472,30.3801267366816],[52.07567179937661,30.37953007426907],[52.07566481757955,30.37936771224825],[52.0756401601698,30.37931377541149],[52.07563215783697,30.37929579467982],[52.07561550278795,30.37925983856897],[52.07557130080529,30.37926245827813],[52.07552812790433,30.37924025540949],[52.07540262138234,30.37895037979598],[52.07532343602496,30.37884265890536],[52.07530071375224,30.37872779874609],[52.07519713746435,30.3786542088468],[52.07508639084221,30.37851977053511],[52.07503707027745,30.3781141274868],[52.07483053907537,30.37766691700838],[52.07478205058504,30.37739661659037],[52.07467062374248,30.37714036877916],[52.07451316878588,30.37689803434588],[52.07434019534011,30.37672350213399],[52.07393321088946,30.37656217239466],[52.07337067071484,30.37651039906888],[52.07301068803579,30.37636447109137],[52.07277543019219,30.3762039831727],[52.07255507783565,30.37591930188553],[52.07239780681344,30.37581231296471],[52.07225605672981,30.37563752161403],[52.07205672619838,30.37531206198597],[52.07184907946804,30.37505885677114],[52.07182202071412,30.37502298546122],[52.07171644719081,30.374408009978],[52.07132136482571,30.37366682594426],[52.07110098699294,30.37343853790155],[52.07083256016729,30.37333696971895],[52.0707727521641,30.37333971565486],[52.0707172016317,30.37331535671491],[52.07058813654879,30.373289344246],[52.07047355136064,30.3732790038406],[52.07039748452898,30.37328188279762],[52.07016145517929,30.37328832768933],[52.07011528004254,30.3732887058433],[52.06998487824568,30.37331909948497],[52.06986495572888,30.3733561746908],[52.0696542644717,30.37324059635745],[52.06958878704918,30.37320052737672],[52.06949815425289,30.37312005929868],[52.06948331819054,30.37301190084828],[52.06967630989669,30.3725772016521],[52.06973160137776,30.37251809742709],[52.06976198305729,30.37244115045974],[52.0700074306895,30.37210527789586],[52.07040264703085,30.37142754768927],[52.07045943289145,30.37126691852707],[52.07044247547173,30.37048653985496],[52.07034970677446,30.37020983247285],[52.07026297820759,30.37012933287792],[52.07003929600327,30.36971609162706],[52.06990244251486,30.36951193145177],[52.06961753152471,30.36861193092542],[52.06927013455405,30.36788613996333],[52.06901138220876,30.36669943290892],[52.06893707523316,30.366564690723],[52.06868787240997,30.36637498296085],[52.06833222904314,30.3661455398525],[52.06786504189108,30.36588542553968],[52.06728636799722,30.36524047237846],[52.06690645321446,30.36487136170826],[52.06652042998861,30.36453839307124],[52.06626539829156,30.36429007633668],[52.06593508060374,30.36405590813319],[52.06578532145981,30.36391952352722],[52.06554890712408,30.36364849514292],[52.06526923750025,30.36322667788597],[52.06515118328137,30.36313515079497],[52.06463969598251,30.36298592146087],[52.06453377818649,30.36287399240964],[52.06434744768751,30.36248299445948],[52.06423688103227,30.36188158652217],[52.06404440818481,30.36146356800913],[52.06396398206343,30.36124315074234],[52.06392155625892,30.36098858654298],[52.06394135010655,30.36047409460803],[52.06400476309547,30.36014422620178],[52.06416844504524,30.35970526124905],[52.06441809389155,30.35855726311802],[52.06443455172451,30.35845561640818],[52.06460528887453,30.35740751725107],[52.06462318411513,30.35725848620533],[52.06459749754664,30.35716846190168],[52.06453451780877,30.35699753115069],[52.06428478640542,30.3567559342351],[52.06423465957425,30.35669092305919],[52.06416275730286,30.35659676324549],[52.06406309650273,30.35640131663475],[52.06382164811458,30.35596339339511],[52.06356896128651,30.35556842202509],[52.06332072512444,30.35518947457868],[52.06304148480403,30.35511929272301],[52.06219072319056,30.35370130123486],[52.06187632191148,30.3538916352897],[52.06155654035674,30.35428607647687],[52.06152374097201,30.35382747429929],[52.06132569656315,30.35353927097924],[52.06117812986679,30.35276763701064],[52.06139332920662,30.35206551185983],[52.06163532835961,30.35126656456221],[52.06148984872618,30.35068812200543],[52.06149496793906,30.35028615540929],[52.06150491944666,30.3495046015219],[52.06113643244078,30.34890381787044],[52.06046349144333,30.34847456033622],[52.05946130895249,30.34879466970443],[52.05902003655283,30.34889682804512],[52.05896226826093,30.34870408848059],[52.0588064982156,30.34856743603971],[52.05871485670841,30.348474855791],[52.05877807881552,30.3483074114184],[52.05894069570896,30.34801057892073],[52.05894744794639,30.34785261522151],[52.05886127407046,30.3474585406528],[52.05876209491508,30.34730594654533],[52.0586621984636,30.34720749840211],[52.05831339815648,30.34706143671454],[52.05812631022958,30.34701783416934],[52.05796411853825,30.34693116886087],[52.05786453375931,30.34680113574988],[52.0577903014209,30.34660998965357],[52.05768500634329,30.34643262986986],[52.05747324292477,30.34615010651683],[52.05708745192706,30.34588929257679],[52.05685634444993,30.34580318302442],[52.05650109438946,30.34560077237149],[52.05633981126999,30.34535618849754],[52.05613538065804,30.3447871112791],[52.05588675588052,30.34446202185805],[52.05573728313705,30.34434818079519],[52.05557569968423,30.34425699578461],[52.05542548733905,30.34425595259552],[52.05511305143222,30.34434645229726],[52.05497303399738,30.34435535941569],[52.05492690686416,30.34434586724242],[52.05484474767322,30.34430801201107],[52.05484707349718,30.34361544860165],[52.05480561831307,30.34284202786848],[52.05464503408908,30.34241922417056],[52.0545209806258,30.34200740484094],[52.05387505132033,30.34095010882839],[52.05356493987754,30.34046760078862],[52.05329793184975,30.33994188361696],[52.05319315186289,30.33956825689632],[52.05314590215411,30.33855576171539],[52.05296819494219,30.3375037116531],[52.05293166242281,30.33731000284531],[52.05284451737206,30.33712572493142],[52.05254593972423,30.33692961388907],[52.05184120750479,30.33663074487148],[52.0515043745629,30.33656577835762],[52.05113000516965,30.33663871952476],[52.05065421834876,30.33701701422212],[52.05038480495373,30.33729890396206],[52.05022896873631,30.33737911039417],[52.04996001130852,30.33739931705763],[52.05005485726525,30.33708724820026],[52.05021837426175,30.33669116132178],[52.05026289513496,30.33641559006894],[52.05023539776879,30.33609322437017],[52.05032660600266,30.33592781475851],[52.05060210777588,30.3356684347228],[52.05097107903001,30.33539476784685],[52.05107779205849,30.33528111766212],[52.05119129285881,30.3349508512262],[52.05124139735419,30.33477223629487],[52.05146777147598,30.33423577982907],[52.05161285946083,30.33388044468258],[52.05160693389684,30.33369100090808],[52.05149444316402,30.33368964960384],[52.0513634129591,30.33371777331014],[52.05058202239281,30.33421357265891],[52.05041302058544,30.33427809408321],[52.05030048101048,30.33427223045294],[52.05025711698292,30.33416880959905],[52.05026997457951,30.33403335529548],[52.05051554216151,30.33340651218333],[52.05193043172797,30.33001587394763],[52.05225083034689,30.32921472504315],[52.05260455965615,30.32794408991094],[52.05276174333176,30.3275051894954],[52.05300099810638,30.32695960309847],[52.05487690260821,30.32365545437425],[52.05559142925813,30.322693208388],[52.05676870687049,30.32135951682401],[52.05711929896706,30.32089423413431],[52.05736736850419,30.32062829433672],[52.05739500392699,30.32059874485876],[52.05795114641187,30.32026714937335],[52.0595003909195,30.31961620391036],[52.06093282050614,30.31862329833242],[52.06142084099343,30.31812530778697],[52.06283785643976,30.31582862435491],[52.06317691415369,30.31514234598525],[52.06357983727838,30.3139299338886],[52.0644209896516,30.31218834200677],[52.06464834711068,30.3114533398014],[52.06484287255666,30.31092839874911],[52.06508098531518,30.3107076427515],[52.06526168466488,30.31064751938975],[52.06546189091539,30.31064814495474],[52.06558627370098,30.31066969047594],[52.06573654747686,30.3106210935337],[52.06593046158549,30.31040069605168],[52.06601808724142,30.3102691426348],[52.0662272680287,30.3097779179683],[52.06623734954727,30.30974850971871],[52.06625710682395,30.30971225505455],[52.06631065126426,30.3096148169889],[52.06672725036556,30.30895045604855],[52.06717805551293,30.3083241643103],[52.06772370249838,30.30745346496615],[52.06794964099985,30.30707038177779],[52.06810679175069,30.30645776271456],[52.06832773286401,30.30573408578115],[52.06852666589393,30.3052587320899],[52.06853997135688,30.30522704147966],[52.06854757447486,30.30520893255894],[52.06858775994822,30.30513867291132],[52.06871903544626,30.30483757219353],[52.06879371714778,30.30465198217709],[52.0688313651742,30.30452760268956],[52.06885895735374,30.30443488728916],[52.06887818511999,30.30440991582762],[52.06886114089985,30.30439651993624],[52.06891393485133,30.30417050327187],[52.06909201652912,30.30369080733273],[52.0692082233963,30.30313942942117],[52.06921000702867,30.30222579384234],[52.06932550844999,30.30190903038642],[52.07004741779132,30.30081580713453],[52.07052834220732,30.30015541990668],[52.07096773027558,30.29944123037929],[52.0715021500066,30.29820290297242],[52.07164879617763,30.29794227882958],[52.07185975261702,30.29767887194294],[52.07222436985497,30.29768039669497],[52.07257819502578,30.29752635490321],[52.07300457017327,30.29741006685648],[52.07334454109197,30.29741630229245],[52.07344144276777,30.2974222750375],[52.07349930417862,30.29742405625992],[52.07358368665323,30.29741434061399],[52.07388037403651,30.29738483606767],[52.07434990021408,30.29705388340402],[52.07455215739692,30.29688754543899],[52.07457598041283,30.29686704713498],[52.07461335183703,30.29683741415668],[52.0746273779137,30.29681248458264],[52.07465032966054,30.29677169073113],[52.07468070030109,30.29675565034899],[52.07506408213214,30.29633291254497],[52.07553263957215,30.29621175812835],[52.07679672890747,30.29591712555419],[52.07753755774974,30.29567416322063],[52.0779025786373,30.29559445821333],[52.07844694520975,30.29521550174688],[52.0788872457796,30.29512615024239],[52.07946694122426,30.29518453386761],[52.0800464253096,30.29534217418144],[52.0804681831776,30.29522138846225],[52.08083344051748,30.29522288407713],[52.08117024165038,30.29511858869779],[52.08141368234869,30.29509401878818],[52.08158310362941,30.29495726756671],[52.08192173990226,30.29448750702826],[52.08228733378453,30.29434236544534],[52.08278807999192,30.29431340904016],[52.08282153510418,30.29416424599791],[52.08337657008403,30.29351673469317],[52.08388291146149,30.29316965270672],[52.08401471080478,30.29303997753345],[52.08422177418397,30.29278109516759],[52.08501937184085,30.2921496141808],[52.0858545451463,30.29156744543482],[52.08659676127721,30.29098378739617],[52.08691567646486,30.29079164776272],[52.08768335613274,30.29057322019128],[52.08786125302783,30.29055820656097],[52.08894722439817,30.29056271079602],[52.0893495308665,30.29044882625279],[52.08988417282397,30.29025488378625],[52.09041781245217,30.29008801772293],[52.0909050641112,30.28995762976731],[52.09135472555452,30.28989522897585],[52.09155336445818,30.28981687358501],[52.09156226180158,30.28979875257863],[52.09184382455346,30.28969714664217],[52.09236171252928,30.28951686903783],[52.09279437655333,30.28950423390245],[52.09302440372667,30.28944366103083],[52.09313461878261,30.28942018207169],[52.09315693636027,30.28938164622637],[52.09324045842175,30.28923657422094],[52.09332683028388,30.28917268895695],[52.09411952001359,30.28875098860295],[52.09435195241709,30.2890829111698],[52.09452962270686,30.28916489195341],[52.0947918369404,30.2890769766394],[52.0950291530614,30.28879526606379],[52.09505097030885,30.2887702691888],[52.09513068880547,30.28857559915091],[52.09520646173104,30.28849375455423],[52.0954877159804,30.28836507326606],[52.09588825440287,30.28821057835747],[52.09600571529357,30.28819605973833],[52.09604647628061,30.28817992746897],[52.09700551847504,30.28781772468906],[52.09751201066658,30.28754954436332],[52.09776405724581,30.28765796729],[52.09838217258917,30.28760992057713],[52.09874761498288,30.28745571153161],[52.09906698508843,30.28713269971728],[52.10035317822263,30.28598269006024],[52.10087893296099,30.28557898410045],[52.10150842779401,30.28498040017082],[52.10266278321429,30.28401645726929],[52.10353646883542,30.28323308286524],[52.10394800753165,30.28319351922458],[52.10488346251596,30.2832848840036],[52.10722181912918,30.28342980261044],[52.10757386735303,30.28347419708958],[52.10934024540748,30.2830283728004],[52.11090523628111,30.28258874583305],[52.11228267774756,30.28222964867743],[52.11361369691156,30.28184611780538],[52.11462616844818,30.28150814735315],[52.11517040438245,30.2813095095329],[52.11580819767806,30.28099502399445],[52.1165884251351,30.28046275952799],[52.11783425202712,30.28013405317354],[52.1184340483894,30.28002290542452],[52.11923798208237,30.28009273307624],[52.11995788759783,30.28020162401556],[52.12036875418548,30.28033345882741],[52.1220395903439,30.2810951579249],[52.12228235183991,30.28112917035992],[52.12310737136588,30.28082432357451],[52.12350201879376,30.28061565552738],[52.12369046910072,30.2803884538777],[52.12397399356045,30.27989424639852],[52.12463470317447,30.27885765236596],[52.12471993234551,30.2787531514346],[52.12488070882512,30.27843595220622],[52.12495749112342,30.27810368369679],[52.1250255757862,30.2776925354166],[52.12499945869676,30.277681480646],[52.12503679440524,30.27730894588908],[52.12557957507536,30.27573421426094],[52.12583421530456,30.27538688087243],[52.1264357553142,30.27486286289487],[52.12694443505016,30.27434415325385],[52.12726394781208,30.27410228331612],[52.12751652120281,30.27408657332634],[52.12826443001012,30.2742042014406],[52.12851700343686,30.27418848951806],[52.12883688174599,30.27386540235885],[52.12925133570977,30.27340389239753],[52.12965632866396,30.27291088100696],[52.12993887967622,30.27261969506926],[52.13024899612559,30.27240948087378],[52.13062410111986,30.27225735664533],[52.13094221162545,30.27217791060766],[52.13126105182868,30.27204882899143],[52.13150573078718,30.27179857211825],[52.13197752578733,30.27112676494119],[52.13233736554598,30.27043787764322],[52.13328735519251,30.26954085698491],[52.1339069033797,30.26912041831172],[52.13548867714899,30.26903903529282],[52.13621841749783,30.26904849574382],[52.13712621361299,30.26894812557355],[52.13805292643772,30.26891074823169],[52.13882938831614,30.26891527636018],[52.13917487482932,30.26901378375937],[52.13965427186496,30.26923068421722],[52.1398190805776,30.26938039082763],[52.14009639029722,30.26970732893059],[52.14030306525728,30.26988148456433],[52.14041683550892,30.26994365716133],[52.14079101143599,30.2699381417439],[52.14114566620214,30.26981774764788],[52.14219051109044,30.26920858428091],[52.14274255056831,30.26907744056642],[52.14341885841988,30.2690173962109],[52.14476146483126,30.26887482619557],[52.14496893823795,30.26889331463828],[52.1451242091039,30.26894835270064],[52.14542207186618,30.26936533297554],[52.1455746400453,30.26969109451397],[52.14572943057139,30.26987246286695],[52.14591647869936,30.26986631429619],[52.14603115310575,30.26983824058846],[52.14612552542908,30.26974041357272],[52.14628270423194,30.26962398996465],[52.14638726084261,30.26950802691433],[52.14677270840566,30.26946630236137],[52.14713658596452,30.26941348647876],[52.14745037501527,30.26924380508609],[52.14772260528263,30.26902034718756],[52.14796388094912,30.2687610667568],[52.14824650304627,30.26853751668623],[52.14886359046027,30.26813507660385],[52.14930427883269,30.26770485626095],[52.14939795832132,30.26771531314013],[52.14942847245091,30.26776918533473],[52.14942701126088,30.26792259498429],[52.14901468687877,30.26866838381338],[52.14899254145896,30.26883099830208],[52.14913652196945,30.26897636405857],[52.14960197008845,30.26927681602803],[52.15011831200774,30.2696512617877],[52.15028408638979,30.26971522472806],[52.15061642715302,30.26974388628726],[52.1506786096388,30.26972754898295],[52.15089804416755,30.26960154945143],[52.15122685127925,30.26893769934992],[52.15128956906993,30.26885593785522],[52.1515403155248,30.26874094112724],[52.15252931242264,30.26858561024502],[52.15297692510048,30.26847113362581],[52.15322774761501,30.26836290054101],[52.1535833701416,30.26810485867745],[52.15427579252766,30.26742426217839],[52.15459997276675,30.26720033229953],[52.15483104271701,30.26695917618742],[52.15505102553259,30.26677000165724],[52.15564527407191,30.26658429165224],[52.15596758553979,30.26653407413359],[52.15617605281927,30.26647132608771],[52.15646859015325,30.26631985773817],[52.15726393521132,30.26577594260505],[52.15766063477601,30.26558745769502],[52.15798360570837,30.2654830894549],[52.15837874937633,30.26543898947099],[52.15971032949722,30.26535952808417],[52.16016829933285,30.26529907545684],[52.16037676112589,30.26523632084838],[52.1605234154833,30.26511095040699],[52.16061876240465,30.26493189460134],[52.1613933198352,30.26317675717207],[52.16157306957384,30.26282776465102],[52.16159629231614,30.26259295207214],[52.16173355272897,30.26233231369383],[52.16210137684502,30.26190044186193],[52.16236183654522,30.26178533860902],[52.16298798862531,30.2615541960557],[52.1632588283918,30.26149313883624],[52.16347781792074,30.26138742509701],[52.16378349402513,30.26092000749686],[52.16396197872734,30.26074021046049],[52.16413947190884,30.26064163196159],[52.16467163506441,30.26042936365019],[52.16519396638985,30.26009987742592],[52.1656968003536,30.25966002695164],[52.16604250819336,30.25939301693688],[52.16764048910366,30.25850126059272],[52.16793265547645,30.25837684044279],[52.16838085211938,30.25826230687487],[52.16903642148621,30.25815945582641],[52.16921367452129,30.25815110596357],[52.16961001777117,30.25799191453709],[52.16990218790502,30.25781335007747],[52.17019467789076,30.25766185209105],[52.17059153332261,30.25749137401324],[52.17081598930975,30.25746455343738],[52.17121646538007,30.25732562275124],[52.1725206644975,30.25681090269034],[52.17289585607441,30.25667670496726],[52.17336408863716,30.25660934753396],[52.17397770904736,30.25658580185906],[52.17431001023863,30.2566144043133],[52.17463126374627,30.25669724491158],[52.17536593680192,30.25707414451044],[52.17560445618216,30.25713742269925],[52.17598831699913,30.25718586047278],[52.17626898246183,30.25718785161319],[52.17712016848807,30.25736518176492],[52.17778401676052,30.25746749307951],[52.17816864033461,30.25747080100292],[52.17852262974578,30.2574112203003],[52.17887702875832,30.25727719265515],[52.17974372883808,30.25684980432516],[52.18007744603566,30.25672498309292],[52.18044193443799,30.256620186118],[52.18201395497707,30.25634207582375],[52.18227480789986,30.25626302318971],[52.18267131131026,30.25606544218114],[52.18321455942539,30.25575374301828],[52.18362277862354,30.25545002950985],[52.18403012910908,30.25518241582989],[52.18518848703904,30.25464858701825],[52.18559539838707,30.25450729878093],[52.18581388834582,30.2544714833717],[52.18629130521723,30.25457543958976],[52.18663129432652,30.25486561691431],[52.18697128686362,30.25520993307398],[52.18734302673282,30.25549305321369],[52.18809515329514,30.25623742184025],[52.18821849584006,30.25644609448229],[52.18834975110708,30.25688027757372],[52.18845252181747,30.25699890366921],[52.18981753415455,30.25776476855245],[52.19010773277661,30.25785687628521],[52.19032625872877,30.25787744849822],[52.19063885591362,30.25777986236362],[52.19109762407052,30.25757492250774],[52.19215093987463,30.25716605796434],[52.19231749536953,30.25713296021593],[52.19252678090663,30.25703405433811],[52.1927766930092,30.25696410381214],[52.19312978511692,30.25699246901319],[52.19351450979917,30.25695061451561],[52.19454991468627,30.25624412572701],[52.19498895048931,30.25591302643961],[52.19518764665564,30.25579842225451],[52.19542670854771,30.25579849622098],[52.19551994942157,30.25582697079332],[52.19570597928045,30.25595385431472],[52.19600624880366,30.25607292689697],[52.19645344137567,30.25609365634306],[52.19685958914653,30.25599745668903],[52.1977463394114,30.25562390711878],[52.19801734299606,30.25547254428264],[52.1983212382325,30.25519455402021],[52.19888926806743,30.25446749306939],[52.19919371699975,30.25412858862495],[52.20024140336818,30.25315575655925],[52.20029628446508,30.25312818377881],[52.20039447464186,30.2529761439442],[52.20161684016703,30.25189342074399],[52.20257074546531,30.25143801363251],[52.20364398787935,30.25096796818208],[52.20463391698813,30.25048514542906],[52.20569477053525,30.25001294158307],[52.20576486251222,30.25000778472789],[52.205783560558,30.249996333506],[52.20629351951883,30.24968033499458],[52.20784273670737,30.24946529043386],[52.21007746230249,30.24889650058973],[52.21185658028954,30.24867928479277],[52.21329266332219,30.2486163625478],[52.2141010813353,30.24890889535296],[52.21456706002104,30.24940311059549],[52.2149752372845,30.24989786023112],[52.215211885781,30.25001973472077],[52.21528387602538,30.25011606683989],[52.215338573556,30.2501268384042],[52.21542327649684,30.25020049433477],[52.21563593289233,30.25027296273456],[52.21595291061865,30.25032416003294],[52.21709566568339,30.25038798823224],[52.21795377025514,30.25028301178035],[52.21846418182644,30.25005945070199],[52.21854534238174,30.25005643986265],[52.21901539848165,30.24982648465904],[52.21965324927434,30.24977091891411],[52.22032186033876,30.24983913320737],[52.220738523579,30.25007211095483],[52.22101497446126,30.25015525503873],[52.22176196134275,30.25036259161717],[52.22200616910813,30.2504121971468],[52.22255744843305,30.25028975051592],[52.22289073657695,30.25024152299282],[52.22340979801748,30.25029758271296],[52.22460859073474,30.25053226345674],[52.22493051152939,30.25061497405092],[52.22513241348966,30.25071008555888],[52.22528252296456,30.25081921612713],[52.22583057231275,30.25132615703292],[52.22600637870649,30.25146437175909],[52.22635876467091,30.25164604921583],[52.22672719848791,30.25175990110341],[52.22725651704884,30.25185645387378],[52.22751637986977,30.2518585303112],[52.22770906628603,30.25178679422311],[52.22794381104347,30.25159736147785],[52.22826196922212,30.25148158782988],[52.22837682095924,30.25147148750468],[52.22845131860051,30.25145499814282],[52.22911148461561,30.25136533980177],[52.22976925448467,30.2511877241167],[52.23111919293065,30.25062236946939],[52.23157653078477,30.25062483743638],[52.23176768080718,30.25069071418852],[52.23190850716442,30.25078413367164],[52.23198251877524,30.25088494889328],[52.23202360257236,30.25100186445496],[52.2320296890061,30.25133341092416],[52.23200333003665,30.25161563480549],[52.23201950535605,30.25176662175479],[52.2320683535933,30.251933092006],[52.23218384890028,30.2520786329873],[52.23288785450882,30.25253444842877],[52.23339724749181,30.25363499758036],[52.2340017779773,30.25413460368482],[52.23420860883449,30.25425897988684],[52.23436644405888,30.25430937594898],[52.23464136568609,30.25426843588881],[52.23515915771634,30.25385750873803],[52.23548386592458,30.25369428391355],[52.23612500505285,30.2535370954035],[52.23706458592974,30.25350566614937],[52.23801238569065,30.25355987303793],[52.23852703893169,30.25367682068929],[52.23982173257807,30.25414505721805],[52.24014444624897,30.25439239602926],[52.24069100757721,30.25487672874958],[52.24087325082979,30.25500809455261],[52.24225890762705,30.25547544447573],[52.24306460420996,30.25569563568755],[52.24340480369421,30.25583452173127],[52.24455422367613,30.2569875970886],[52.24508287577483,30.25764577741431],[52.24610651522402,30.25902110219031],[52.24660199263157,30.25957131312227],[52.24712322420518,30.26005134702174],[52.24764526890998,30.26044113905224],[52.24795122588063,30.26074726803181],[52.24818195510122,30.26111501984084],[52.24904694107127,30.26262717941739],[52.24966573410078,30.26357547742598],[52.25008032052791,30.26419863144984],[52.25009811671482,30.26421876371573],[52.25016394102983,30.26433769245671],[52.25016594152449,30.26449557904912],[52.25019643849541,30.26464642618045],[52.250197896053,30.26476145783416],[52.25019969657693,30.26490355575647],[52.2502030976016,30.26517196293436],[52.25018657420976,30.26535484011517],[52.25016942974786,30.26553997901512],[52.25017185904964,30.26573169841264],[52.25015354274461,30.26582436089034],[52.2501361903873,30.26594182790791],[52.25009943558937,30.26606624754675],[52.25007137508506,30.26615900304007],[52.2500438498257,30.26624273023705],[52.25001567491557,30.26632646363002],[52.24996917572948,30.26645097625611],[52.24998164023091,30.26651176373142],[52.24969834203048,30.26681674442359],[52.24903791043884,30.2674050412301],[52.24830199981813,30.26819030860327],[52.24815073599522,30.26850756196105],[52.24773412653696,30.26870101952339],[52.24728331976058,30.26896473121384],[52.24697397027882,30.26931732605586],[52.24667086573056,30.2699586025274],[52.24646177084286,30.27022452134824],[52.246177812898,30.27037610685421],[52.24596918887972,30.27057660236607],[52.2456344708408,30.27097906305566],[52.24516607686398,30.2714978398701],[52.24457323948366,30.27183507864824],[52.24403851957563,30.27240185373279],[52.24380118155786,30.27315980022152],[52.24343225486955,30.27373627669297],[52.243488691977,30.2740899005249],[52.2434870493277,30.27437189052807],[52.24331009161584,30.27476607954603],[52.24272409413112,30.27549349787461],[52.24215547978724,30.27610570317322],[52.24173669957828,30.27659467200993],[52.241453456234,30.27726958529474],[52.24101637879136,30.27754442487785],[52.24034173849248,30.27778767717961],[52.23968370058953,30.27795632758098],[52.23912372158666,30.27848271808435],[52.2379284092158,30.27953846052945],[52.23772594656356,30.28012913769957],[52.2373327747405,30.28053889788533],[52.23683971469615,30.28096313554354],[52.23637896933443,30.28158106462231],[52.23628129326809,30.28203089051291],[52.23626318688079,30.28208971220606],[52.23624903605663,30.28220489143029],[52.23623132627658,30.28234717381055],[52.23622189162682,30.28237207666479],[52.23592060187381,30.28316670599908],[52.23549317504728,30.283851991316],[52.23496300116667,30.28494654368731],[52.2348421229294,30.28525672807253],[52.23478669779523,30.28539711025383],[52.23476299657096,30.28542440338562],[52.23451383578615,30.28597265606835],[52.23424131050967,30.28636773454168],[52.23422424679546,30.28656189382511],[52.23424416201006,30.28675119281141],[52.23436716053008,30.2870771231537],[52.23431970021213,30.28723096478441],[52.2341419508066,30.28741084872546],[52.23392792803988,30.28754821430543],[52.23373415939647,30.28774629508894],[52.2331890063878,30.28852968190751],[52.23292683606739,30.28897428764127],[52.23262875827007,30.28935381299645],[52.2322682198054,30.28957150856426],[52.23206020809771,30.28967046606897],[52.23148648426335,30.28998942119869],[52.23133994349493,30.29011938029529],[52.23131352501782,30.29024144177979],[52.23123970148627,30.29036620502737],[52.23113536674029,30.29049351104539],[52.23078075516565,30.29066603095763],[52.23033109553209,30.2910853251611],[52.22979419802073,30.29138813628596],[52.22965838961208,30.29149317895283],[52.22953286219624,30.29164098500736],[52.22945894833165,30.29181086404018],[52.22940576825521,30.29202791996449],[52.22916444933445,30.29247908992044],[52.22906857368822,30.29281610384462],[52.22870258227929,30.29317144456916],[52.22813633189187,30.29409261257233],[52.22799857653216,30.29451122736493],[52.22789855023999,30.29472421066331],[52.22776258779954,30.29492174047284],[52.22760052749808,30.29500672521019],[52.22747027546054,30.29514103889695],[52.22712214393681,30.29562704393385],[52.22709787263608,30.29566110845064],[52.22700937903553,30.29575668160679],[52.22699013761058,30.2957771641726],[52.22687242271203,30.29597903358401],[52.22671040802469,30.29617229498616],[52.22650135371446,30.29634569492276],[52.22621429325024,30.29651756970157],[52.22572996934081,30.29671384965459],[52.22554221572973,30.29687576960253],[52.22523424097101,30.29709069825306],[52.22472797656881,30.29740448135634],[52.22410682022064,30.29783438291373],[52.22352121935266,30.29835418097992],[52.22297400385503,30.29866834034287],[52.22196496551568,30.2995800852407],[52.22164062482256,30.29994404100156],[52.22142680894748,30.30010168692117],[52.22110850837537,30.30027158656578],[52.22096258853362,30.30040152857399],[52.22068463874185,30.3007334680145],[52.22054256725772,30.30101676779758],[52.22032688652505,30.30154889149682],[52.22022513006816,30.30204385975608],[52.21999464038462,30.30237761097433],[52.21967015137284,30.30267840109856],[52.21910092028664,30.3031596788292],[52.21857372580825,30.3034668663704],[52.21844827014031,30.30367556793149],[52.21828452258724,30.30409892653365],[52.21790017809635,30.30492135854779],[52.21774258820925,30.3051596839031],[52.21750092552898,30.30564241736742],[52.21734327781885,30.3058762312013],[52.21692514120207,30.30627939681074],[52.21676260763558,30.30648618586041],[52.21619317345345,30.30695391843432],[52.21607274988109,30.3070971529254],[52.21523044472072,30.30799601861082],[52.21495397912889,30.30818807310527],[52.21422796798456,30.30860987956294],[52.2116376744274,30.30944146938229],[52.21047521865314,30.30973420461367],[52.20959390214914,30.31005591176845],[52.20869098235843,30.31052443951869],[52.20675958347147,30.31182581844063],[52.20593850719003,30.31245147849101],[52.20553343215354,30.31286576721189],[52.20503898252549,30.31325380843195],[52.20468011589694,30.31362029716414],[52.20452894290574,30.31369613053955],[52.20436724499926,30.31381492081107],[52.20399047082967,30.31404622465483],[52.20365059149521,30.31421176981308],[52.20346896423384,30.31434878875653],[52.20219754283323,30.31509361385888],[52.20177571991356,30.31530953485584],[52.20123818164777,30.31568442309684],[52.20011929668103,30.31625413108022],[52.19895829802287,30.31672947208749],[52.19843020753042,30.3168674034577],[52.19772198758034,30.3169460755318],[52.19688177095048,30.31702143998841],[52.19632290080557,30.31708745892266],[52.19612854478201,30.31714111967148],[52.19593524944457,30.31722860744888],[52.1957707435627,30.31733162238158],[52.19543714088722,30.31764146043392],[52.19501035343603,30.31820028708312],[52.19479478556638,30.31843460374262],[52.19465553627136,30.31869078106965],[52.19436076612676,30.31904086620654],[52.1939960017349,30.3195156586749],[52.19370652321678,30.31976643884094],[52.19307432757356,30.320112832646],[52.19254987549391,30.32033868372047],[52.19199855883574,30.32060087036628],[52.19100629939822,30.32106106940088],[52.19070152209005,30.32117663428105],[52.19049115528145,30.32130487401669],[52.19017884946645,30.32144306423685],[52.18979676181328,30.32172400401557],[52.189447125063,30.32210841449022],[52.18933390687889,30.32231472198534],[52.18927742825903,30.32253630410111],[52.18839160387446,30.32470766934382],[52.1877264444035,30.32631307455886],[52.18764097830984,30.32650333797107],[52.187525269726,30.32688110741364],[52.18741128344627,30.32707839703738],[52.18732676546377,30.32729346544737],[52.18696997957169,30.32773432942779],[52.18658073815083,30.32807172008952],[52.18638993378268,30.32820654336238],[52.1860385806468,30.32855937935061],[52.18546031464506,30.32907217754567],[52.18518254335314,30.32938148407058],[52.18481934352252,30.32966900599792],[52.18455757369015,30.32990372482363],[52.1843220743513,30.33010662401912],[52.1841243580333,30.33031594810312],[52.18400023047847,30.33048174545016],[52.18380360156413,30.33094370894895],[52.18371934391368,30.33118133075554],[52.18366474517168,30.33145252107653],[52.18357306595897,30.33172179117242],[52.18351751809605,30.33196817620294],[52.18339707277264,30.33222417170188],[52.18327977409265,30.33279595072825],[52.18307422645646,30.33327378441947],[52.18292308907954,30.33346463893154],[52.18273343451156,30.33364230684326],[52.18117679071133,30.33476171914234],[52.18027553549356,30.3353992253897],[52.17993995516586,30.33566167103463],[52.17952896347404,30.33592479609873],[52.17919356858059,30.33620302880906],[52.17882740299166,30.33640935244302],[52.17791720503319,30.33706271403345],[52.177059142274,30.33761860066448],[52.17624326645844,30.33827786917476],[52.17576735155063,30.3385505898918],[52.17534915502395,30.33886565033498],[52.17267961437018,30.34072584268136],[52.17220651487628,30.34107296693951],[52.17173238574687,30.34138851751756],[52.17138344767584,30.34178866537452],[52.17124880659173,30.34216659058163],[52.17119311526472,30.34240394871252],[52.17121518634899,30.34272858653685],[52.17124389395595,30.34279149183488],[52.17109742562107,30.34304996529893],[52.17100057020727,30.34343431917722],[52.1708505274376,30.34366575475703],[52.17065445846254,30.34390888130013],[52.1698449434317,30.34472821590613],[52.16874312300411,30.34551857780052],[52.16845971767663,30.34569029618328],[52.16811704570829,30.34601819388032],[52.168262440916,30.3465988916978],[52.16800612183162,30.34697113348269],[52.16779755974372,30.34714894920978],[52.16761422375238,30.34747993386075],[52.16756143559113,30.34779847340693],[52.16756707426774,30.34816386296695],[52.16760519014611,30.34836203311231],[52.16737096164456,30.3484047293059],[52.16732593184644,30.34844573582765],[52.16722071933188,30.34840155920925],[52.16701802402579,30.34825223005472],[52.1668946071859,30.34820821567159],[52.16672551033771,30.34820521329146],[52.16644733796208,30.34827085802639],[52.16564094341896,30.34826225992942],[52.16545447906587,30.34827520137661],[52.16529691603607,30.34831269877598],[52.1651251117943,30.34846536885281],[52.1646668658849,30.3491935648103],[52.16448049666843,30.3494343401278],[52.16423829145133,30.34968237987011],[52.16402269032634,30.3497609970844],[52.16385554908558,30.3498685079608],[52.16368800707889,30.3499421851528],[52.16335220178582,30.35002863864215],[52.16298880168674,30.35020105728812],[52.16268065926377,30.35026244913864],[52.1623160942309,30.35028148168263],[52.16191517778613,30.35041588228634],[52.16176613158726,30.35051420649193],[52.16156173953472,30.35060625490622],[52.16141352936314,30.35072036191378],[52.16105004326169,30.35088600860576],[52.16058649993779,30.35122398373707],[52.16026207892575,30.3515043274381],[52.16009482405824,30.35160281139142],[52.15977102397633,30.35188089258887],[52.15963249774288,30.35204453938973],[52.15928986582496,30.3523250422837],[52.15880936794011,30.35282557949453],[52.15835413989071,30.35309805487154],[52.15828109399743,30.35324532939034],[52.15811460465471,30.35340922239828],[52.15796627997064,30.35351430338832],[52.1576983055836,30.35378511762591],[52.15727102889229,30.35405734176522],[52.15690667392108,30.35415079914084],[52.15664570144013,30.35424334077431],[52.1559652627824,30.35444335902882],[52.15525455453817,30.35455792072861],[52.15505874722399,30.35460702300314],[52.1546591272101,30.35485418051169],[52.15451111442547,30.35498632455953],[52.15428094486978,30.35526582126982],[52.15418929980866,30.35543581587351],[52.15407795078499,30.35553379863082],[52.15376240306023,30.35574186247825],[52.15355723629266,30.35582488223261],[52.15317843708269,30.35618464181429],[52.15275010564837,30.35636888437443],[52.15239670710995,30.35656599976935],[52.15207981493562,30.35671542055772],[52.15192229622733,30.35681380845031],[52.15159534808051,30.35688210771487],[52.1513148460358,30.35691841579703],[52.15100693855859,30.35700233652497],[52.15065136918911,30.35701449033662],[52.15026660899314,30.35697727234171],[52.1500798973557,30.35702628721781],[52.14981009743148,30.35714370693253],[52.14938041017884,30.35721290441687],[52.14921145579856,30.35722341321371],[52.1488755854793,30.35730757481096],[52.14866975218595,30.35733419769842],[52.14833464509736,30.35748376959546],[52.14788948788663,30.35778770199839],[52.14779717098892,30.35790130302253],[52.14733412741737,30.35828885548193],[52.14669659808341,30.35899375015464],[52.14658665071096,30.35915713276268],[52.14631983933796,30.35953168112784],[52.14604264105724,30.35985218068288],[52.14564523049322,30.3602368960006],[52.14548733845554,30.36036009343252],[52.14532092070723,30.36053299313176],[52.14507896108577,30.36064113608334],[52.14491109708172,30.36068997858094],[52.14465085710232,30.36084790862932],[52.14445600327446,30.36098045176826],[52.14435562631226,30.36118435326935],[52.14437222936105,30.36149325340554],[52.14431578687899,30.36172835147355],[52.14411237859699,30.36190834095485],[52.14371592934992,30.36243290214515],[52.1436795203706,30.36248961591545],[52.14357761812055,30.36256269339695],[52.14345743529718,30.3626855584823],[52.14332713079151,30.36277693071339],[52.1429734275615,30.36295146574123],[52.14255459107893,30.36311754602274],[52.14218953206736,30.36315457401976],[52.14188842050392,30.36304215904167],[52.14165225322074,30.36286601346918],[52.14134805680828,30.36254383407806],[52.1408918663743,30.36201319069976],[52.14082618972221,30.36201376399088],[52.14070401444256,30.36196520259826],[52.14057124771752,30.36184454766542],[52.14038941174403,30.36153032125199],[52.13999945664796,30.36104646855355],[52.13978843735366,30.36068286796135],[52.13968420624628,30.36055519578063],[52.13929996670426,30.35983443101413],[52.13915162158231,30.35921086484882],[52.13904588013002,30.35900876354279],[52.13888489768787,30.35886579453203],[52.13880643512149,30.3585484090204],[52.13874863600345,30.35844288953616],[52.13848640610157,30.35842938321318],[52.13834540556843,30.35838323927555],[52.13826885456395,30.35828690611767],[52.13819847927121,30.35788147314913],[52.13797638599201,30.35734652407551],[52.13775949026589,30.35726043561035],[52.13740381270783,30.35726353110997],[52.13717919729245,30.35729706681364],[52.13690815424543,30.3573084478593],[52.13622316978747,30.35723319483177],[52.13567028899858,30.35722220901293],[52.13559161076011,30.35722289258299],[52.13547259199365,30.35722167073706],[52.13534137509473,30.35723408960448],[52.13524004285675,30.35724399297876],[52.13521275909277,30.35724648575193],[52.13504198203559,30.35726827113914],[52.1344518294404,30.35723955732158],[52.1341991487398,30.35726430825042],[52.13366447447672,30.35742234186521],[52.13308227892149,30.35763266895568],[52.13252783200844,30.35793749717886],[52.13235931555411,30.35798632924855],[52.13211524125268,30.35802453650008],[52.13160964160631,30.35799733334746],[52.13117902600128,30.35804392114855],[52.13083158725119,30.35814167164805],[52.13048448500464,30.35826874389224],[52.13030621325665,30.3583176577107],[52.12963078668427,30.35850847347787],[52.1290214258347,30.35861976167341],[52.12877726804886,30.35870759135152],[52.12862648058203,30.35888484691597],[52.12838151030819,30.35907193867948],[52.12796890754939,30.35921536047724],[52.12777221873865,30.35924638330682],[52.12761215072835,30.35929513642407],[52.12751804233245,30.35936813431862],[52.12749852457037,30.35953748871637],[52.1274032895017,30.35973907763085],[52.12729942321238,30.35986855488266],[52.12708342486717,30.36003058043426],[52.1268004419176,30.36030597382145],[52.12674368098528,30.36040346314177],[52.12633896440901,30.36072502120074],[52.12604753245953,30.36088769511771],[52.12562516460067,30.36103119378904],[52.12547557877981,30.36103022615859],[52.1251010590956,30.3609793111077],[52.12504084304108,30.36100238758858],[52.12495482790644,30.36098733725893],[52.1247453099255,30.36103425671931],[52.12455680147269,30.36115543695292],[52.12416288161141,30.36134154664678],[52.12405891152181,30.36140560366625],[52.12387123776855,30.36148617109128],[52.12378630553591,30.36156585489317],[52.12374886832223,30.36164738610283],[52.1238137033213,30.36174382865545],[52.1239070782418,30.36177686295321],[52.12400974290286,30.36176921263428],[52.12437571882275,30.36169839030321],[52.12443184809504,30.36171595393605],[52.12444094667626,30.36177227101214],[52.12439357531198,30.36183809716375],[52.12405473390832,30.3621207327224],[52.12385598238461,30.3624269768302],[52.12374959786828,30.36296251951944],[52.1237859193733,30.3631246258195],[52.12386916949924,30.36323895647345],[52.12397203667823,30.36330574627479],[52.1240933750363,30.36333853991842],[52.12434720475043,30.36318521699068],[52.12458562853075,30.36310646799286],[52.12458913367929,30.36346962381743],[52.12450356578329,30.36366436003928],[52.12442823159773,30.36373042679173],[52.12419389371257,30.36376853573244],[52.1231548620307,30.36367370164556],[52.12276193896015,30.36366354286356],[52.12249901396612,30.36370415016889],[52.12205927067135,30.36369439139374],[52.12165601358495,30.36374748081334],[52.12147846148816,30.3637467486868],[52.12070146876344,30.36364739041931],[52.12052344655253,30.36366245172785],[52.12044836677139,30.3637510721983],[52.12052259420847,30.36381585445334],[52.12064366768008,30.36388249080158],[52.12119246078243,30.36444399342954],[52.12111720092175,30.36451682511758],[52.12075179223525,30.36452447082982],[52.12033934234114,30.36462726300394],[52.12025479770307,30.36468438309517],[52.1203387800407,30.36474908181918],[52.12067418881548,30.36501915968723],[52.1209060746767,30.36527884552147],[52.12118621895846,30.36549300063023],[52.12129750798313,30.3656138597925],[52.12145555334169,30.36584259670889],[52.12169748750849,30.36607061342145],[52.12215369245897,30.36643890623673],[52.1228072311044,30.36677392072776],[52.12306006284654,30.36681686450478],[52.12325526449791,30.36699565190864],[52.12324523498922,30.36714236594669],[52.12306536167637,30.36739430706699],[52.12301758842535,30.367539089626],[52.12301666280879,30.36768572540787],[52.1228174472585,30.36806641373036],[52.12271300714015,30.36831770623566],[52.12259778255567,30.36870669586528],[52.1225869091424,30.36895041702056],[52.12264209041764,30.36911236147764],[52.12266819581396,30.36946178811781],[52.1225331782658,30.37005397078418],[52.12232485178886,30.37043473659698],[52.12212655512401,30.37066878817415],[52.1220502677264,30.37082283845765],[52.12190105965713,30.37079930561723],[52.12185487363468,30.37068465571436],[52.12177051158538,30.37070117062056],[52.12161940369587,30.37091000241988],[52.12159924294237,30.37113801248881],[52.12161586110151,30.37139728823804],[52.12150279334108,30.37152007253202],[52.12099553302973,30.37175226210909],[52.12061019154325,30.3720104740131],[52.12024332197629,30.37223468926308],[52.12002663476215,30.37239670939976],[52.11989441368377,30.37255123787477],[52.11982814115036,30.37267136388472],[52.11973337724797,30.37303085010564],[52.11970272643067,30.37308074062156],[52.11955081880529,30.37356253020661],[52.11951396499634,30.37369593887079],[52.11946195525373,30.37375503557154],[52.11935932120255,30.37382358917918],[52.1192177432595,30.37389924371789],[52.11905526888427,30.37402470493357],[52.11900135100868,30.37414472472356],[52.11886033219693,30.37466928069111],[52.11874706115575,30.37488906431388],[52.11849672698839,30.37506716074889],[52.11841979695968,30.37510842386502],[52.11803879126926,30.37546359118868],[52.11785605767343,30.37552380575022],[52.11760672181713,30.37561842692709],[52.1174658327237,30.37575498064747],[52.11712927204016,30.37664439272361],[52.11693879906094,30.37676783494294],[52.1167894782825,30.37690671584215],[52.11661477639675,30.37698716236993],[52.11619071698736,30.37710357627582],[52.11598315289953,30.37721137244529],[52.11587743304539,30.3776386238718],[52.11586192294673,30.37781922129984],[52.11572130031462,30.37803698014378],[52.11563049404671,30.37811670895342],[52.11553180206656,30.37836117930634],[52.11529126013233,30.37854369776614],[52.11505817356434,30.37863817549586],[52.1147926595711,30.37879834805149],[52.11452745184574,30.37898558721126],[52.11430383142618,30.379226610661],[52.11408074721219,30.3795150012206],[52.11366006062845,30.38027428480354],[52.11295758717624,30.38130892104508],[52.11267730389194,30.38188879625161],[52.11242202324335,30.3823218302038],[52.1121162640348,30.3827778514905],[52.11180154793789,30.38313243677078],[52.11141254270338,30.38353276956061],[52.110766085091,30.38411801117811],[52.11034388755964,30.3845750183667],[52.109704661856,30.38499551911703],[52.10958083790627,30.38514771026765],[52.10944084047385,30.38548050361216],[52.10916857440957,30.38590916398454],[52.10863894835919,30.3865317521314],[52.10818322747733,30.38695971144049],[52.10753705570076,30.38768930699738],[52.10640800357528,30.38932531494068],[52.10626435057483,30.38945060122776],[52.10620861017026,30.3895841661629],[52.10601838811388,30.38979105576454],[52.10566317711664,30.39030838791938],[52.10429972220843,30.39164182731902],[52.1036322019601,30.39221367767293],[52.10153377821823,30.3933908780944],[52.10060219790948,30.39408675375435],[52.10016764564864,30.39449420506406],[52.09960808798105,30.39483503302696],[52.09937583781509,30.39506708093386],[52.09906431500926,30.39519151650506]]]},"properties":{"Name":"منطقه حفاظت شده تنگ بستانک","description":"<html xmlns:fo=\"http://www.w3.org/1999/XSL/Format\" xmlns:msxsl=\"urn:schemas-microsoft-com:xslt\">\n\n<head>\n\n<META http-equiv=\"Content-Type\" content=\"text/html\">\n\n<meta http-equiv=\"content-type\" content=\"text/html; charset=UTF-8\">\n\n</head>\n\n<body style=\"margin:0px 0px 0px 0px;overflow:auto;background:#FFFFFF;\">\n\n<table style=\"font-family:Arial,Verdana,Times;font-size:12px;text-align:left;width:100%;border-collapse:collapse;padding:3px 3px 3px 3px\">\n\n<tr style=\"text-align:center;font-weight:bold;background:#9CBCE2\">\n\n<td>منطقه حفاظت شده تنگ بستانک</td>\n\n</tr>\n\n<tr>\n\n<td>\n\n<table style=\"font-family:Arial,Verdana,Times;font-size:12px;text-align:left;width:100%;border-spacing:0px; padding:3px 3px 3px 3px\">\n\n<tr>\n\n<td>FID</td>\n\n<td>0</td>\n\n</tr>\n\n<tr bgcolor=\"#D4E4F3\">\n\n<td>OBJECTID_1</td>\n\n<td>1</td>\n\n</tr>\n\n<tr>\n\n<td>cod</td>\n\n<td>8</td>\n\n</tr>\n\n<tr bgcolor=\"#D4E4F3\">\n\n<td>tafkik_id</td>\n\n<td>3</td>\n\n</tr>\n\n<tr>\n\n<td>tafkik_nam</td>\n\n<td>منطقه حفاظت شده</td>\n\n</tr>\n\n<tr bgcolor=\"#D4E4F3\">\n\n<td>shahrestan</td>\n\n<td>مرودشت - سپیدان</td>\n\n</tr>\n\n<tr>\n\n<td>NAME1</td>\n\n<td>منطقه حفاظت شده تنگ بستانک</td>\n\n</tr>\n\n<tr bgcolor=\"#D4E4F3\">\n\n<td>sal_mosava</td>\n\n<td>1378</td>\n\n</tr>\n\n<tr>\n\n<td>AREA_ha</td>\n\n<td>15301</td>\n\n</tr>\n\n<tr bgcolor=\"#D4E4F3\">\n\n<td>F_AREA</td>\n\n<td>153013510.181</td>\n\n</tr>\n\n<tr>\n\n<td>Shape_Leng</td>\n\n<td>61791.743235</td>\n\n</tr>\n\n</table>\n\n</td>\n\n</tr>\n\n</table>\n\n</body>\n\n</html>\n\n","timestamp":null,"begin":null,"end":null,"altitudeMode":"clampToGround","tessellate":-1,"extrude":0,"visibility":-1,"drawOrder":null,"icon":null,"snippet":""}},
{"type":"Feature","geometry":{"type":"Polygon","coordinates":[[[53.29362138390696,29.21182839734319],[53.29138600193377,29.21240933944186],[53.27971056809242,29.21551952669907],[53.27515005091962,29.21699267480826],[53.27442146316765,29.21684161141818],[53.27368582396681,29.21678954150836],[53.27327726225262,29.21623367457816],[53.2684176779523,29.20991962690744],[53.26363979927251,29.20121316766194],[53.25934628311669,29.19580037312438],[53.25972554768826,29.19340313758484],[53.27155411178781,29.16514448690321],[53.2718805694342,29.16363227417175],[53.27315547307528,29.15898235086357],[53.28023929934952,29.14046607616833],[53.28757363359841,29.12037537656222],[53.29543060652917,29.10080768304917],[53.30396441064307,29.07854843974354],[53.30781457984373,29.06835958861165],[53.31654430173881,29.04543768612645],[53.32372271506244,29.02673737272212],[53.32440627876669,29.0215108381332],[53.32536164043476,29.01879672700606],[53.32518384201425,29.01727509030052],[53.32478372071395,29.0154505536985],[53.32436758141112,29.01428489740761],[53.32391752074207,29.01389571751005],[53.32307634386564,29.01299904733583],[53.32444060636275,29.01204617996345],[53.32409553575931,29.01130332553771],[53.32270201443026,29.01094850541478],[53.31977611920951,29.00356492847515],[53.31857887323915,28.99636797580335],[53.31812223489582,28.99338053969763],[53.32134135188342,28.98313909703851],[53.31960855054835,28.97262224069677],[53.31863583576109,28.96662867813721],[53.31903779311629,28.96578162589442],[53.31908103145465,28.96457606845157],[53.31927049868744,28.96300390151693],[53.31954148073557,28.96162150301706],[53.31992398213382,28.96005387882258],[53.32069897462509,28.95803400209688],[53.32141416447103,28.95642273467471],[53.32272381950276,28.95320615993896],[53.32313309995721,28.95298044758901],[53.32320169618713,28.95234154811216],[53.32353583534849,28.95153408180957],[53.32358837440008,28.95045452873926],[53.32376356947819,28.94988628597473],[53.3236320582341,28.94957365635709],[53.32382578328789,28.94918694935656],[53.32418091473615,28.94905759087997],[53.325200318402,28.94690583253071],[53.32581882948357,28.94600098727461],[53.32691684135825,28.94464547167278],[53.32881804509699,28.94057087161787],[53.32926208848613,28.93885176045378],[53.33016460164932,28.93717262809204],[53.33111757236614,28.93608819094383],[53.33237793295795,28.93475334346083],[53.33315519856679,28.93364525447373],[53.33361704132387,28.93327429441789],[53.33461219755515,28.93233102173471],[53.33529103308202,28.93230056154413],[53.33561756027898,28.93208940794081],[53.33768870828444,28.9313185163547],[53.33839479371461,28.9311239554516],[53.33912054406935,28.93114606415182],[53.34069938136965,28.93158735697176],[53.34111813755214,28.9317797246185],[53.34175391821235,28.93227987692275],[53.3454219728338,28.93804420437209],[53.34769851892379,28.94166742633914],[53.34775368661953,28.9427491023777],[53.34910841649526,28.94551324493787],[53.35249807266302,28.94663588437551],[53.35535254794842,28.94812868606596],[53.3572180145793,28.95033345017515],[53.35912416702032,28.95251942705898],[53.36221759026714,28.96090965087179],[53.3628257966409,28.96465208171506],[53.36372655883193,28.97905963162398],[53.36356931834523,28.97936340313206],[53.36358676285348,28.97961080871582],[53.36365326121139,28.97998990855055],[53.36366287647639,28.98032595744087],[53.36369910008172,28.98062343623287],[53.36372599714468,28.98089691207156],[53.36374130225926,28.9813399985085],[53.36374196609681,28.98170604825665],[53.36379010387068,28.98186490176904],[53.36382397104023,28.98201890886753],[53.36380546755611,28.98215947235491],[53.36385131725764,28.98232079205095],[53.36385980471675,28.98256381157123],[53.36388394430323,28.98277365928049],[53.36390668401596,28.98302782275581],[53.36390642624961,28.98322513599387],[53.36392759980058,28.98339191030783],[53.36400635824668,28.98351204897256],[53.36408729753163,28.98362169104968],[53.36424746306971,28.98378023103112],[53.36445070834208,28.98398141450831],[53.36471230866046,28.98420647132081],[53.36494129104887,28.98442079079871],[53.36527233553818,28.984662129586],[53.3656768208929,28.98492968882492],[53.36605922865215,28.98533501608967],[53.36642219242527,28.98569963405201],[53.36671010790671,28.98619115886363],[53.36683750227692,28.98657906272289],[53.36707340311579,28.98671064658161],[53.36749586684833,28.98688210059541],[53.36804213565394,28.9871032448118],[53.36846791398435,28.98727138032783],[53.36896077506874,28.98742948059532],[53.36940857901764,28.98761933101997],[53.36996643359512,28.98796414919919],[53.37032006685149,28.98810648434477],[53.37050103793309,28.98819383656502],[53.37094908627785,28.98838536706636],[53.37140430061563,28.98864109177608],[53.37202424906877,28.98902917911355],[53.37230408697786,28.98941599171923],[53.372430050708,28.98982833381836],[53.37257670304666,28.99020575497933],[53.37264295037664,28.99046109006812],[53.37262165131096,28.99066686478101],[53.37259665172657,28.99083588034031],[53.37257882261281,28.99099253656819],[53.37253828154005,28.99111255909453],[53.37257309073963,28.99118648754597],[53.3727116979148,28.99125735720413],[53.3727630443362,28.9913571064391],[53.37271499019323,28.99143037422144],[53.37264524142207,28.99149569516884],[53.3726623507293,28.9915892464683],[53.37268791566031,28.99167296711768],[53.37274590081032,28.99172516134635],[53.37280608951561,28.99182139377815],[53.37281715517738,28.99194495738526],[53.37284328334179,28.99204231810276],[53.37284753151134,28.99212546060985],[53.37285248282653,28.99220510916839],[53.37289098647327,28.99232407608868],[53.37293774321845,28.99239824632623],[53.37299985486342,28.99246758935215],[53.37304838400611,28.9925327803771],[53.37311891425325,28.99258406359722],[53.37319509594497,28.9926222031822],[53.37328445915839,28.99268102525794],[53.37334773161801,28.99274299570065],[53.3734205679027,28.99278430857691],[53.37347507834833,28.99280946309753],[53.37355814204389,28.99285349937715],[53.37362768636368,28.99285856548021],[53.37367538291728,28.99289084574025],[53.37373368182404,28.99292434248889],[53.37378403406188,28.9929571586054],[53.37379138969433,28.99296443920593],[53.3737988174706,28.99299198339595],[53.37379969819252,28.99299913478967],[53.37379462151348,28.99303894855066],[53.37379259495767,28.99305004332655],[53.37372379188604,28.99310161959277],[53.37367971456059,28.99313983977169],[53.373653267226,28.99318248858705],[53.37360343010484,28.99332726824269],[53.37360309862974,28.99334325268512],[53.37363445439024,28.99341758641765],[53.37369355524902,28.99342410722581],[53.37376952826347,28.99343606243037],[53.37385693908191,28.99345539026707],[53.37389880330517,28.99355676800625],[53.37389125855091,28.99359594512344],[53.37388475344098,28.99364900202129],[53.37387424688477,28.99375133744427],[53.37387503226646,28.99380783458402],[53.37388440927131,28.9938861769935],[53.37388491858856,28.99396534548472],[53.37390098628579,28.99403264604185],[53.37392379374455,28.994080186975],[53.37394271399565,28.99410523024708],[53.37397927420507,28.9941761627134],[53.37399077519618,28.99424097812488],[53.3740204398262,28.99428987566445],[53.37407120857937,28.99433710839762],[53.3740820602958,28.99438460431247],[53.37405770534647,28.99442847117618],[53.37402305949883,28.99450064634619],[53.37400342920122,28.9945806172322],[53.37400358949036,28.99465326457723],[53.37400324258346,28.99469712316734],[53.37400722275198,28.99473917311355],[53.37400880923698,28.99474972409394],[53.37402649156056,28.99480468849955],[53.37403583675526,28.99485096601765],[53.37406951128604,28.99491631257874],[53.37407373152042,28.99499059060698],[53.37407786215755,28.99506117306717],[53.37406523991822,28.99511790437823],[53.37406904458275,28.99518782858966],[53.37406117580463,28.99525125853253],[53.37406360961356,28.99539054521524],[53.37405580010705,28.99548089979006],[53.37407310763771,28.99558778517142],[53.3740971875625,28.99574407537093],[53.37411501576013,28.9958729693383],[53.37411439163052,28.99601638339742],[53.37410282779013,28.99619240711858],[53.37408515364276,28.99629596262007],[53.37408520674695,28.99640112835143],[53.37407056961706,28.99658847283937],[53.37404011192838,28.99674027655028],[53.37402846152483,28.99688491120352],[53.37403474626199,28.9971028661031],[53.37399725005208,28.99724013909339],[53.37398062869252,28.99733651714925],[53.37403313225803,28.99751769886809],[53.37414140029988,28.99770437739571],[53.37423855692735,28.99795653868254],[53.37429393046944,28.99828591905105],[53.3742978014483,28.99845060018874],[53.37439729487899,28.99854993973566],[53.37442026346122,28.9986335496639],[53.37446641155235,28.99873279617473],[53.3744903494193,28.99878550360726],[53.37453501399208,28.99887910608282],[53.3745548297663,28.99895116150005],[53.37464940181516,28.99903594356305],[53.37481475826075,28.99912036667322],[53.37495175849988,28.9992150172512],[53.37507738848537,28.99928687473503],[53.37519574002259,28.99933923106543],[53.37531121108316,28.99940105339409],[53.37542827943496,28.99947163915046],[53.3755236032388,28.99957317071477],[53.37564058197813,28.99967535049747],[53.37573448198921,28.99981586873955],[53.37585415743602,28.99994631924545],[53.37594382141427,29.00003416971523],[53.3760978347448,29.00018008601707],[53.37620407646931,29.00030491858712],[53.37632670533984,29.00037092219461],[53.37647219597995,29.0004629471251],[53.37656621151973,29.00057309879898],[53.37663044108648,29.00062107021065],[53.37672365557044,29.00072562255078],[53.37677427284311,29.00081634101788],[53.37682811689469,29.00094880680083],[53.37679702412105,29.00107191654255],[53.37689595272942,29.0012222607577],[53.37705735046712,29.0013544835629],[53.37728918819726,29.00149372733872],[53.37754426406936,29.00163065764525],[53.37782153249248,29.00176263412267],[53.37796621438425,29.00194874481045],[53.37807870871069,29.00207329361796],[53.37821104260259,29.00220827850529],[53.37846413601688,29.00231400037537],[53.3787911175912,29.00242643927194],[53.37917078240574,29.00248850121472],[53.37951523737856,29.00255460677459],[53.37991434204007,29.00253925343204],[53.3801149446356,29.00252609139501],[53.38041992563026,29.00241816583998],[53.38061002972383,29.00238908426127],[53.38088352731808,29.00234505136904],[53.38112765170878,29.00252297969903],[53.38140980845749,29.00261588761962],[53.38172428596515,29.00264051057912],[53.38208951173245,29.00261669980124],[53.38237734676085,29.00253634769425],[53.38268716018251,29.00254506537495],[53.382959772731,29.00264748132118],[53.38329759725535,29.00276735811881],[53.383576319646,29.00296451684953],[53.38381147235688,29.00304639437832],[53.38414712676839,29.00312168113116],[53.3845096293752,29.00325652962657],[53.38485209296054,29.00332184912456],[53.38525098848591,29.00342022034901],[53.38561557250781,29.00355082012851],[53.38596495472249,29.00359140602258],[53.38635035822376,29.00368108284472],[53.38668317590545,29.00370522476156],[53.38684036635597,29.0037160197652],[53.38696353243849,29.00368539655514],[53.38723884826067,29.00347639112515],[53.38725471178529,29.00346370247327],[53.38749615707774,29.00335363677567],[53.387767767917,29.00317393487036],[53.38809139029824,29.00300209240926],[53.38831133344654,29.00290910234329],[53.38850100947436,29.00284940723898],[53.38875702490144,29.00284461982073],[53.38902798019053,29.00276226583205],[53.38935601179427,29.00267661639964],[53.38969337442728,29.00262717059925],[53.38999535293973,29.00255896024307],[53.39035927833942,29.00249682204917],[53.39072430076841,29.00248921081002],[53.39108992945093,29.00250882000863],[53.39155433384308,29.00256383866203],[53.39192420078768,29.00255429656623],[53.3922209296996,29.00255372161135],[53.39243944692947,29.00251236658472],[53.39273315763959,29.00244233063635],[53.39305441372807,29.0023694216569],[53.39331788636549,29.00226910924168],[53.39362958202918,29.00216766649475],[53.39386928796013,29.00205636034555],[53.39418583278925,29.00186921973737],[53.39451886846926,29.00167702552214],[53.39477965424867,29.00155522330052],[53.39503982028455,29.00148256865646],[53.39527259084023,29.00141427860643],[53.39559205588683,29.00133971672052],[53.39582826679194,29.00132809319433],[53.39605575629498,29.00143158452562],[53.3961627695455,29.00136537336121],[53.39615394727269,29.00127853572388],[53.39609386096558,29.00114278612948],[53.39608950800205,29.00100503027322],[53.39617017925396,29.00085017471913],[53.39627782085526,29.00072975498131],[53.39650071745365,29.00054621015707],[53.39656404949611,29.00043731557352],[53.39655725969855,29.00035998131186],[53.39653908260198,29.00025995386147],[53.39646833384448,29.00015798621592],[53.39635187127732,29.00004058301619],[53.39625675693885,28.99989568134684],[53.39622143572251,28.99981372705684],[53.39623844507859,28.99972531630372],[53.39629332660667,28.99962662641083],[53.39643794130605,28.99945609527524],[53.39662682446219,28.99922515405917],[53.39678712906164,28.99904111951616],[53.39698150136311,28.99884491834021],[53.39723100275592,28.99860858517851],[53.39736091348765,28.99850611849644],[53.39769378150975,28.9983824943304],[53.3977204668552,28.99837116403448],[53.39799899834167,28.99822529765407],[53.39808811002123,28.99805758241021],[53.39812737941721,28.99789649819526],[53.39819216435703,28.99781470451691],[53.39828726632537,28.99772772615983],[53.39840070866744,28.99763365764662],[53.39855121330728,28.99753264015983],[53.3987201584055,28.99743829237136],[53.39887163859986,28.99732240371952],[53.39900805020167,28.99714140514056],[53.39920399426772,28.99686476840407],[53.39937874048886,28.99661055911618],[53.39961934441627,28.99636987079787],[53.39994149141163,28.99608793519349],[53.40019031612091,28.99589526801586],[53.40034840287191,28.9957694703176],[53.40040407424798,28.99564073954985],[53.40055722784091,28.99540685179588],[53.40075240285513,28.99526741055145],[53.40092437523744,28.99514628008007],[53.40100123242062,28.99505219836522],[53.40108347014809,28.99497180929795],[53.40114142023883,28.99486215823308],[53.40124767542125,28.99477717002667],[53.4013473336657,28.99468172615515],[53.40143234415964,28.99458463319855],[53.40149907512483,28.99449133936772],[53.40155149826655,28.99440638922601],[53.40159394824259,28.99428044027394],[53.40162908025825,28.99413566020574],[53.40172417921199,28.99395358778665],[53.40174951496569,28.9937812797208],[53.40180683827258,28.99360184739592],[53.40184751987994,28.99340460046486],[53.40187588080727,28.99319365861617],[53.40187779039282,28.99318447011805],[53.40192238297415,28.99314889960748],[53.40200972431537,28.99310723216343],[53.40217006226977,28.99300490566463],[53.40233927994782,28.99293007728809],[53.40235953607714,28.99292014216947],[53.40253816343338,28.99284479166947],[53.40272463340516,28.99277161839241],[53.40283512013312,28.99271085073605],[53.40290940172927,28.99265599552304],[53.40304198636132,28.99257399231651],[53.4030944371725,28.99253574760338],[53.40326478333225,28.9924463801461],[53.4034550801194,28.99231952937514],[53.40347324020578,28.99230540670645],[53.403606212242,28.99219978705482],[53.40368500772157,28.99212571739305],[53.40377019509589,28.99206265354264],[53.40379483538321,28.99203905305266],[53.40392861072307,28.99194152476726],[53.40407654220712,28.99185201602716],[53.40424074605915,28.9917231951676],[53.40438415942256,28.99159398920398],[53.40452994386466,28.99144966985912],[53.4046161830701,28.99135212455446],[53.40474918771596,28.99121800901691],[53.40483941899716,28.9911427940156],[53.40493251732447,28.99104866229421],[53.40508431754986,28.9909661707566],[53.40519297019461,28.99087561636615],[53.4052843434338,28.99077591731024],[53.40541255415559,28.99065538980918],[53.40551255456116,28.99062064784666],[53.4056226084461,28.99060268308848],[53.40578981096957,28.99054435764972],[53.40603647381718,28.99048067312177],[53.40622719756494,28.99041645613113],[53.40640079365817,28.99032342614991],[53.40662204423828,28.99022689643813],[53.40682471726398,28.99012986370172],[53.40697101872925,28.9900805855878],[53.40717886414444,28.99011140676267],[53.40731217083938,28.99014121458194],[53.40757465520615,28.99022539507467],[53.40781225023282,28.99023590030191],[53.40802256460083,28.99022018334259],[53.40838874485819,28.9902221826581],[53.4085551136673,28.9901256112737],[53.40864826824254,28.99006334446544],[53.40876277548458,28.9900641094506],[53.40908060601989,28.99011996806243],[53.40938096890822,28.99013820456255],[53.40942666760406,28.99013850298281],[53.40956153183414,28.99025485214289],[53.40959688924061,28.99028991257978],[53.40962691501667,28.99049337602295],[53.40963962734439,28.9906269537127],[53.40971688145208,28.9906742730418],[53.40992747747043,28.99070035466672],[53.41015666503601,28.99067841911594],[53.41033220435948,28.99066525557618],[53.41052744802651,28.9906916612468],[53.41070063949039,28.99071603359566],[53.41089436172994,28.99072308105788],[53.41108963197808,28.99071835148447],[53.4112620489129,28.99072195006616],[53.41148261054102,28.99081418165217],[53.41167728383228,28.99088114485032],[53.41190194429275,28.99095392441899],[53.4120900121304,28.99107197822221],[53.41231718825951,28.99117586206851],[53.41252559753903,28.99120881364655],[53.41276782838064,28.99122243577215],[53.41301465957961,28.99132467447178],[53.41321101819577,28.9913977597043],[53.41341829785329,28.99145228481049],[53.4136038871687,28.99148617319779],[53.41379764224114,28.99152155208018],[53.41397112248868,28.99153813280555],[53.41411940440979,28.99158752505339],[53.41437649405725,28.99169083267341],[53.41452044420209,28.99178216659551],[53.41463633162306,28.99189992217114],[53.41480740493986,28.99204739938466],[53.41497714556163,28.99220431084366],[53.41519473671967,28.99246997655219],[53.41525780573009,28.99265552623334],[53.41532472867818,28.99276339203005],[53.41542629651681,28.99289977510319],[53.41556579449055,28.99306711711939],[53.41567690182199,28.99320137618615],[53.41582629093843,28.99329717575425],[53.41594549017847,28.99339544499087],[53.41608895815099,28.99352199920334],[53.41623497280192,28.99370079808875],[53.41640977773644,28.99390245154222],[53.41663578041425,28.99412326261545],[53.41677505679802,28.99422915233124],[53.41700395805844,28.99428263762146],[53.41722310936534,28.99430130548457],[53.41745573262816,28.99441822128025],[53.41769655667953,28.99448520561475],[53.41788762974884,28.99456544448183],[53.41808773400805,28.99456175508505],[53.41841807389563,28.99463022334982],[53.41870795704666,28.99472618728574],[53.41899513776228,28.99496048717931],[53.41925826009157,28.99516415522326],[53.41941136200132,28.99544192945457],[53.41962781658433,28.99585784921996],[53.41994712235603,28.99620588468868],[53.42015071733874,28.99647387655097],[53.42047837498129,28.99681474398402],[53.42083390931959,28.99705517606804],[53.42106711668911,28.99710762198373],[53.42146020776386,28.99716472910517],[53.4219995097295,28.99713954444568],[53.42252479178374,28.99712852813821],[53.4229567525678,28.99714603127854],[53.4235012051791,28.9972007437076],[53.42418014533798,28.99730457541386],[53.42460630612584,28.99730916771002],[53.42519995984166,28.99734910004585],[53.42578456372809,28.99734144421092],[53.42607895673321,28.99728254819495],[53.42629498692677,28.99724936560458],[53.42647844293035,28.99729013414144],[53.42664588367256,28.99731228950981],[53.42687219593438,28.99732534209906],[53.427096711213,28.99735801276946],[53.42788697234947,28.99737698404716],[53.42850546316349,28.99742493140176],[53.42909736664419,28.99762705740422],[53.42956568791137,28.99753424442829],[53.42997034334859,28.99743178873386],[53.43011337418181,28.99741294481334],[53.43055146246802,28.99727778732048],[53.43077320328944,28.9971213164313],[53.43094514516736,28.99704242743514],[53.43109128425108,28.99690539424054],[53.43134764633636,28.99674554532032],[53.4317625628656,28.99666663825079],[53.43222147065843,28.99666712958743],[53.43225865685714,28.99666392765798],[53.43265137562802,28.99658512651258],[53.43279216979376,28.99648603860256],[53.43301279460731,28.99637466008532],[53.43320114421583,28.99630677980758],[53.43343056775508,28.99625632674605],[53.43360517209093,28.99626484553],[53.43387124078272,28.99629168026118],[53.43404799123807,28.99631260402093],[53.43425404533705,28.99630583523009],[53.43442969980052,28.9963164666207],[53.4346853209932,28.99637081642098],[53.43487788730181,28.9964736430832],[53.43503885069433,28.99656270865228],[53.43523178944688,28.99665272544021],[53.43523480361677,28.99665597723345],[53.43544214630197,28.9967025136516],[53.43558263179087,28.99673511531234],[53.43580070914368,28.99677551132143],[53.43596763762952,28.99679969144605],[53.43614968325738,28.99681724784446],[53.43635237504331,28.99679389096994],[53.43648795226392,28.99678256058523],[53.43666736770765,28.99681226918084],[53.43689695509887,28.99686587339225],[53.43706187341819,28.99696083700948],[53.43735139709021,28.99713398756722],[53.43767033949241,28.99726099584396],[53.43799928299649,28.99737840058127],[53.43833288059194,28.99744815537795],[53.43834600751703,28.99745611418158],[53.43849893801821,28.99755893479404],[53.43870010256054,28.99754685199971],[53.43897183536716,28.9975800502174],[53.43925589053526,28.99757231055146],[53.4395087965137,28.99758891862601],[53.43975832400967,28.99759507198666],[53.44010074693344,28.9976098711377],[53.4404767478119,28.99763403377744],[53.44049001331419,28.99763229342751],[53.44068407440218,28.99763400622125],[53.44093538192864,28.99762769869452],[53.44120340978593,28.99767407436114],[53.44150465764381,28.99773736034352],[53.44191324055167,28.99778187498501],[53.44213960153274,28.99777476549286],[53.44246841407233,28.9977256569931],[53.44248201663657,28.9977239382864],[53.44270829584092,28.99764596199458],[53.4428557842591,28.99759804706095],[53.44304870182179,28.99750108820747],[53.44329746146334,28.99742062721743],[53.44350323088013,28.99742531757097],[53.44370914611164,28.99743262843455],[53.4441337806043,28.9974378521543],[53.44428153229751,28.99738669215029],[53.44448320180633,28.99733836263693],[53.44469804627236,28.99734165009119],[53.44472332608784,28.99734252710496],[53.44481446153296,28.9973611944231],[53.4450285909405,28.99735951985392],[53.44530139706132,28.99735659659785],[53.44560397606584,28.99739500904788],[53.44574276555257,28.99743644484805],[53.44584271878102,28.99749779534427],[53.44600770546244,28.99755246856702],[53.44623963615114,28.99763160085794],[53.44653263496897,28.99765499234751],[53.44674166502691,28.99766029855762],[53.44679217290111,28.99765636554026],[53.446918199712,28.99763060883651],[53.4469719977504,28.99760552337781],[53.44700212076948,28.99759671639856],[53.44714057107933,28.99754434420129],[53.44717669084502,28.9975303921142],[53.44729830868175,28.99745890379344],[53.4473259737121,28.99744264097635],[53.44741623210241,28.99736773352925],[53.44744307579589,28.99733525853847],[53.44757760338338,28.99728832340281],[53.44773841926663,28.99724648454645],[53.4479110438802,28.99717294324639],[53.4481781010788,28.99707001730288],[53.44836643634762,28.99687415883048],[53.44857871817332,28.99668481663812],[53.44885331538558,28.99655563726119],[53.4490955988629,28.99645772964162],[53.44944975650321,28.99632435627895],[53.44945871014929,28.99631667356739],[53.44976491770589,28.99616938450193],[53.45006355707831,28.99600620144727],[53.450257338833,28.99587071097983],[53.45028955117983,28.99582919267414],[53.45038577221052,28.99569684164528],[53.45048270949279,28.99554719216585],[53.45057023363653,28.99543363639187],[53.45069136714791,28.99530656310042],[53.45088902043837,28.99508254109713],[53.4508969857597,28.9950666865455],[53.45105353694821,28.99488466067051],[53.45106121165303,28.9948777986977],[53.45130031738815,28.99475029139938],[53.45150556687646,28.99461999307151],[53.45166047879206,28.99458055253912],[53.45181022955244,28.99448045208237],[53.4519156892948,28.99438762907586],[53.45209033361292,28.99421803382853],[53.45226313646317,28.99404465676242],[53.45233775811909,28.99393701901097],[53.45234633163903,28.9939314640292],[53.4524585014227,28.99388531933245],[53.45247566339889,28.99387419103802],[53.45257204390767,28.99377646405772],[53.45274716145084,28.99367500827905],[53.45288904126451,28.99357759175518],[53.45306621682579,28.99344517029517],[53.45326078145413,28.99331000162466],[53.45340325987996,28.99314231374456],[53.45355940587439,28.99299348021732],[53.45374205847771,28.99287736453064],[53.4538706825575,28.99278931531807],[53.45389385873266,28.99277407956847],[53.45408519131686,28.99269816918646],[53.45426136848801,28.99261898627653],[53.45441710331021,28.99253707854776],[53.45461198243973,28.99243195130456],[53.45476732578504,28.99233606512348],[53.45494222211117,28.99221198733291],[53.455122752668,28.99211505238718],[53.45524544292307,28.99205340728663],[53.45547956908615,28.99196664140291],[53.45567929870597,28.9918746298043],[53.45590574497673,28.99176960680587],[53.45608794437027,28.99167952988345],[53.45621252577273,28.99160118385824],[53.45622344883633,28.99159281517688],[53.45639682011891,28.99152986013692],[53.45640734759413,28.99152884582514],[53.45662254450929,28.99145307942019],[53.45678350205096,28.99137409762201],[53.45698995528356,28.9912656394403],[53.45719642533444,28.99115717343237],[53.45744836447432,28.99101547920095],[53.45766735688442,28.99088683865473],[53.4578743452322,28.99073659421698],[53.45804083637912,28.99061051833597],[53.45816840468818,28.99052417970496],[53.45834453085304,28.99045107043973],[53.45855903078773,28.99032286525837],[53.45875147402773,28.99023071468168],[53.45890127662065,28.99016223177406],[53.45907421758555,28.99008231448359],[53.45921666652765,28.98996341539452],[53.45937296086753,28.9898737126937],[53.45957335052767,28.98972535298793],[53.45972000341939,28.9895684986082],[53.45983976671761,28.98942652476731],[53.4600167207758,28.98924313969131],[53.46013371096825,28.989123224431],[53.46024905920387,28.98899486249938],[53.46037880394955,28.98888689982832],[53.46038959627664,28.9888805757011],[53.46044785035576,28.98876648723964],[53.46051568185732,28.98869230248952],[53.46059888182379,28.98864085927288],[53.46069095415623,28.98856823245248],[53.46081157107343,28.98845524915519],[53.46095901263671,28.98831984044601],[53.46114273834151,28.98817531658933],[53.4612732319516,28.98806868451949],[53.46133685989127,28.98791318045347],[53.46146634723351,28.9877084114081],[53.46155615695976,28.98753308009463],[53.46161743171579,28.987349571059],[53.46171017105538,28.98722302769815],[53.46177376504412,28.98714204198108],[53.46183133877042,28.98702614581732],[53.46189105424751,28.98688039421495],[53.46194677480333,28.98671886854455],[53.46196753712935,28.98652914144106],[53.46202482127564,28.9863844645917],[53.46207797524978,28.98628961446304],[53.46212660362472,28.98614317366802],[53.46215446381729,28.98603717981146],[53.46217423885151,28.98592383267297],[53.46217284296459,28.98587450051316],[53.46218722994359,28.98580772834425],[53.46224832765556,28.98573744621932],[53.46230953579005,28.98572828025514],[53.46241681978155,28.98563955350094],[53.46251070689462,28.98555889472339],[53.46260302643305,28.98548171444578],[53.46271631932724,28.9854175251],[53.46279871860035,28.9853824955753],[53.46291115749094,28.98533531198185],[53.46299927704591,28.98527220262682],[53.46308310219123,28.98520090007969],[53.46319052599259,28.98513435053393],[53.4632666243702,28.98506532309442],[53.46333658611881,28.98499833870611],[53.46344445855505,28.98492225220315],[53.46350559943804,28.98488972117649],[53.46345319975592,28.98497341728427],[53.46336698051749,28.98509086126325],[53.46328122421508,28.98522870432079],[53.46324517068619,28.98531402684048],[53.46319951961989,28.98542969237258],[53.46314254762397,28.98555723925261],[53.46308192961585,28.98565923719132],[53.46303703981813,28.98576686316736],[53.46301273275217,28.9858380158385],[53.46301984528226,28.98590418925122],[53.46304724104353,28.98596167486513],[53.46306378596602,28.98602598205494],[53.46305131001495,28.98613988384945],[53.46304230686606,28.98619980118587],[53.46303196736988,28.9862891306614],[53.46300622287036,28.98637098034774],[53.4630177196856,28.98647298451872],[53.46302490321641,28.98660494706009],[53.46299576999358,28.98667902365119],[53.46295673868543,28.98675692273579],[53.46291568273944,28.98684489898186],[53.46286554085121,28.98690590586279],[53.46277914476758,28.98697841019478],[53.46270170634983,28.98705893375382],[53.46263096311252,28.98712587625637],[53.46257934349637,28.98718164966367],[53.46249246918254,28.98723559807523],[53.46239605932763,28.98729728481443],[53.46233790706271,28.98735065541648],[53.46222640852402,28.98746237859738],[53.46206453155271,28.98763374407106],[53.46206121776066,28.98764047169892],[53.46203321925734,28.98772687870786],[53.46202007070885,28.98780396504669],[53.46200333950971,28.98786617465147],[53.46196505490234,28.98797801055223],[53.4619583359793,28.9881013939915],[53.46195745424356,28.98819658644718],[53.46197305441235,28.98830953354477],[53.46199831452861,28.98841704410247],[53.46203321344241,28.98852329005929],[53.46212736631176,28.98863360616674],[53.46221239891734,28.98874220470855],[53.46226809286691,28.98882309073789],[53.46234590560943,28.98892308952873],[53.46235450938254,28.98892404603377],[53.46247792771595,28.98901544242065],[53.46248370303926,28.98901927448775],[53.46261698742584,28.98908292915925],[53.46262451129344,28.98909035763657],[53.4627090798662,28.98916376320808],[53.4627123021402,28.98917096378146],[53.46282090907005,28.98928216017726],[53.46291236102456,28.98939027879983],[53.46300382641186,28.9895005568589],[53.4630829461419,28.98956933565789],[53.46309233849313,28.98957792881849],[53.46321293217783,28.98965101110907],[53.46327806029767,28.98972328859283],[53.46334317451089,28.98981124481088],[53.46343745192664,28.98994872502282],[53.46349871818009,28.9900457064627],[53.46357157617815,28.99014454308672],[53.46365243248852,28.99026210335167],[53.46371886605363,28.9903702253428],[53.46379002044241,28.99046319027618],[53.46382957311285,28.99053235483041],[53.46386868472002,28.9906770096657],[53.46395179450619,28.99088823768623],[53.46403093626784,28.99104105185047],[53.46409214000325,28.99116510318839],[53.46415442494732,28.99126958501924],[53.46420051450844,28.99141759856955],[53.46432613726656,28.99154336882098],[53.46433561990308,28.9915597340718],[53.46444100952771,28.99165775247479],[53.46452389628212,28.99175064430185],[53.46452469450288,28.99175604618377],[53.4646117554451,28.99178787048553],[53.4646480329213,28.99180155652186],[53.46476957276528,28.99183621707147],[53.46479071917059,28.99184012522879],[53.4649033056314,28.99185919109353],[53.46502851643928,28.99186663108824],[53.46511109986921,28.99186089219447],[53.46518783043663,28.99187530283722],[53.46527789256046,28.99188510242797],[53.46542235950906,28.99189730486489],[53.4655919202273,28.99186179739425],[53.4656313429869,28.99178086729936],[53.46576858805605,28.99173424175293],[53.46594703355692,28.99173820053097],[53.4660858525315,28.9917481936939],[53.46622686501158,28.99176638399937],[53.46634860711806,28.99172182235453],[53.46645648910236,28.9916796630372],[53.46654736818142,28.99169085684468],[53.46665148800783,28.99168916928925],[53.46676824251655,28.9917121202192],[53.46690563605905,28.991723661531],[53.46704144342461,28.99173149420977],[53.46713963642065,28.99175533500786],[53.46728022683513,28.99179683180756],[53.46742367785053,28.9918125294328],[53.46754548076564,28.99186038918698],[53.46773169629653,28.9918759308549],[53.46784352392695,28.99188368346026],[53.46800086304678,28.99186399562997],[53.46817772753218,28.99183004411576],[53.46827753339343,28.99176426724609],[53.46839672556958,28.99168170511156],[53.46852274625799,28.99166295556845],[53.46863120411854,28.99168621425148],[53.46867210362682,28.99169079185366],[53.46872224378775,28.99169699134151],[53.46876931897508,28.99171506259076],[53.46877094376898,28.991715686798],[53.4688523800266,28.99173755265432],[53.46891991611103,28.99177851708264],[53.46899892365597,28.99179943330147],[53.46906979626458,28.99182095363668],[53.46917302846478,28.99184848665234],[53.46930162536507,28.99183399499925],[53.46936461709525,28.99180940042858],[53.46941995503007,28.99180694452638],[53.46951212267864,28.99182860283067],[53.46952417975648,28.99183280358199],[53.46957212355561,28.99184950805771],[53.46959592527127,28.99185780161937],[53.46968326433294,28.99188145298659],[53.46968940249049,28.9918858545296],[53.4697126529586,28.99189396514138],[53.46977818197914,28.99193253832127],[53.46979502752377,28.99193629107517],[53.469851792265,28.99199862556078],[53.46986953874811,28.99201148338633],[53.46995312315077,28.99208452774806],[53.47000148027723,28.9921360375402],[53.47001940817344,28.99219440639069],[53.47002059256193,28.99220352159642],[53.4699865056289,28.99225794882094],[53.4699126819571,28.99233698909106],[53.46993641942726,28.99243444056881],[53.46994168945793,28.99247616287012],[53.46996714270457,28.99254846062218],[53.46997002525393,28.99257142419326],[53.47000658326583,28.99264674750322],[53.47001364366628,28.99265993886556],[53.47005308144166,28.99271616573441],[53.47010951394915,28.99277982152305],[53.4701689605606,28.99282480961539],[53.47021342207058,28.99283468813335],[53.47024232320091,28.99285041806662],[53.47030210182045,28.99289978353881],[53.47031433900409,28.99291232669091],[53.47036000811465,28.99296956658237],[53.47036195424557,28.99298361336428],[53.47035492814496,28.99305059997614],[53.47038294317871,28.99309581128757],[53.47038897759921,28.99310007486767],[53.47040775329191,28.9931175814112],[53.47047231457651,28.99315036846482],[53.47048909439737,28.99315363516908],[53.47052872082101,28.99316441170222],[53.47058389011523,28.99316903034498],[53.4706108339926,28.99316661785908],[53.47064385896854,28.9931684464259],[53.4707232516876,28.99316361253973],[53.47074329978228,28.99316420829315],[53.47076910130143,28.99316881475786],[53.47082845944921,28.99317055329396],[53.47083425439243,28.99317454068811],[53.47085268099773,28.99316999421734],[53.4709249084464,28.99318979345974],[53.47094090132653,28.99319655687618],[53.47099889335754,28.99325305478672],[53.47109144397966,28.9933067005334],[53.47127241589018,28.99340901122068],[53.47140155269387,28.99351227326357],[53.47163629540934,28.99362943073474],[53.47175754492454,28.99372669475617],[53.47189412520098,28.99379611776004],[53.47192018817822,28.99380251807],[53.47207511011423,28.99386916042436],[53.47223262035735,28.9939045595487],[53.47225938057737,28.99391507429445],[53.47247294873014,28.99396489458277],[53.47248980815346,28.99397688514988],[53.47258771629156,28.9939929793958],[53.47273478443644,28.99402848346518],[53.47278796155577,28.99403870680569],[53.47282500682014,28.99405349237616],[53.4729420897301,28.99408499130068],[53.47301038431695,28.99409252216466],[53.47315499376282,28.99415317601307],[53.47322269031394,28.99419303003955],[53.47331062516565,28.99424124068334],[53.47339810031487,28.99427923657813],[53.47345996298383,28.99427124415171],[53.47355757877193,28.99425863216959],[53.47373267379379,28.9942368649772],[53.47385379446242,28.99419101701044],[53.47386939193792,28.99418250223833],[53.47404590570694,28.99415586037668],[53.47419424650894,28.99414526034117],[53.47420888048843,28.99414260648881],[53.47445539456155,28.9941223920471],[53.47447525983002,28.99412883020734],[53.47467967083089,28.99409716030715],[53.47481920887862,28.99404520124052],[53.47484134287841,28.99404130314483],[53.47498450612267,28.99401070406262],[53.47501387977398,28.99400389306547],[53.47502223247395,28.99400195746362],[53.47519279715371,28.99393023780532],[53.47524586806027,28.99391231870594],[53.47527897081859,28.99390357962774],[53.47532158494899,28.99389493686524],[53.47539192581971,28.99388112278483],[53.47543574105235,28.99386255858792],[53.47548958857357,28.99384145042826],[53.47559078239816,28.99384384776929],[53.47587231240885,28.99392571680018],[53.47596486425905,28.99394416713858],[53.47611558950051,28.99391102870904],[53.47614759745132,28.99390771887337],[53.47624898469364,28.99386830301273],[53.47625719035944,28.9938675184792],[53.47638654800625,28.99382648641542],[53.47640612683039,28.99381238856457],[53.47641809227571,28.99380717464657],[53.47651214389349,28.99379815363303],[53.47654487414585,28.99379501442957],[53.47668894672418,28.99378064177358],[53.47669715578893,28.99377909664043],[53.47673439380103,28.99377613051081],[53.47680016788023,28.99377177229346],[53.4768451492448,28.99377118309443],[53.4768618264305,28.99377340529117],[53.47686993228187,28.99377269563456],[53.47688662590034,28.99377491842741],[53.47696976638408,28.99378240635339],[53.47699823837043,28.99377991930582],[53.47702722533408,28.99378108367319],[53.47722181423062,28.99384210354227],[53.47724337914264,28.99384769350845],[53.47725622303761,28.99385031471048],[53.4773761046365,28.99383374402957],[53.47747709062631,28.99381628931843],[53.47762558717107,28.99376580683618],[53.47777513702206,28.99372455629149],[53.47791944876689,28.99366671967877],[53.477946003718,28.99365459135483],[53.47795700272764,28.99364702338134],[53.47805242805141,28.99363009210072],[53.4782293779902,28.99361404241029],[53.4782417177623,28.99361359829892],[53.47847754876332,28.99355164179178],[53.4785027882786,28.99355035527045],[53.47869871955352,28.99350513033989],[53.47871523918611,28.99349989175114],[53.47884757707148,28.9934579092669],[53.47886481157738,28.99345665578689],[53.47887343546464,28.99345602757046],[53.47899490181081,28.99341474530109],[53.47912915058223,28.99334832331947],[53.47927727835955,28.99334164870364],[53.47930594084839,28.99334431342669],[53.47939763631522,28.99334687956546],[53.47941575123959,28.99334416633489],[53.47961122930811,28.99330311728499],[53.47961966558514,28.99329794115373],[53.47969383783359,28.99328300675838],[53.47984475119519,28.99325672879339],[53.47985758655245,28.99325482473721],[53.48006197042678,28.99323975307838],[53.48007863881696,28.99323713953305],[53.4802338278466,28.99320351542849],[53.48039241810834,28.99317129976236],[53.48061085020278,28.99312739967958],[53.48075350596598,28.99313854172158],[53.48089310426425,28.99320958032076],[53.48089310478181,28.99321308154051],[53.48099784922994,28.9932668947426],[53.48110865172033,28.99336700148615],[53.48121099363928,28.99343320023099],[53.48137458235691,28.99353168873284],[53.48147586536102,28.99360745242171],[53.48157984585194,28.99370085277698],[53.48164937130382,28.9938029627216],[53.48174265681523,28.99393874299852],[53.48179883024196,28.99405882572791],[53.48185516379557,28.9941792482842],[53.4819781320862,28.99431393157656],[53.48198290966038,28.99431985432031],[53.48206493537759,28.99442699531325],[53.48215317373754,28.99452324354421],[53.48215745950178,28.99452593305513],[53.482263414392,28.99458643026754],[53.48241218741711,28.99470667477593],[53.48241594009567,28.99470603618884],[53.48252234972127,28.99477060428124],[53.48252506815573,28.99485247517179],[53.48255741264734,28.99496781225576],[53.48255765393635,28.99497078036651],[53.48259693307993,28.99504413517375],[53.48264857043033,28.99509750553663],[53.48274387462189,28.99516537208489],[53.48280301331663,28.99524583321946],[53.48293599694943,28.99531818797141],[53.48302739707982,28.99536905876204],[53.48310701684327,28.99539789579173],[53.48311094654367,28.99540019671023],[53.48318987332496,28.99540867605947],[53.48319718094747,28.99541045715783],[53.48321223937403,28.9954168042037],[53.48328498435217,28.9954042830423],[53.48329549869799,28.99540220412995],[53.48340841966552,28.99537697158471],[53.48348203777755,28.99536530655427],[53.48351832437189,28.99536116257322],[53.48353124201493,28.99535878752133],[53.48360462765711,28.99534529807385],[53.48361409013793,28.99534355974415],[53.48373306166415,28.99532998086118],[53.48374607364753,28.99533309540101],[53.48386223392839,28.99535514265112],[53.48393360313786,28.9953612154233],[53.48394398585774,28.99536474572433],[53.48401281884829,28.99536328371688],[53.48402942200525,28.99536565612907],[53.48412488650304,28.99535661174291],[53.48413111425445,28.99535550243626],[53.48419607939044,28.99534381657103],[53.48421446023692,28.99533745580836],[53.48429846201267,28.9953279935411],[53.48431091826291,28.99532799417381],[53.4843233263061,28.99532799569672],[53.48439901236372,28.99532248335059],[53.48441364609258,28.99531943956891],[53.4845018975153,28.99527684131022],[53.48451198216139,28.99526816925751],[53.48459616022552,28.99524111714037],[53.48461277242565,28.9952385924725],[53.48465689067302,28.99523188832056],[53.484671340106,28.99523439520668],[53.48468266201556,28.99523502031709],[53.48479649251906,28.99523397343965],[53.48480525784619,28.99523728008221],[53.48488420681284,28.99523438017673],[53.48489251638443,28.99523540740389],[53.48490612262741,28.99523561044522],[53.48503373721288,28.99526381216836],[53.48509794807238,28.9952854073008],[53.48510410545312,28.99528894800128],[53.48518877313909,28.99530007242929],[53.485308065347,28.99529471919688],[53.48539549822225,28.99529275545675],[53.4854924245576,28.99526612553133],[53.48557030111148,28.99524723019542],[53.48564639365198,28.99521459207736],[53.48572610565192,28.99518466916872],[53.48581307483929,28.99517975741247],[53.48595855807633,28.99517064245287],[53.48607804052695,28.9951829760684],[53.48616996649093,28.99522721048442],[53.48624435936899,28.99526567348816],[53.48630571964224,28.99530294681579],[53.48636758794722,28.99534082236558],[53.48643768836774,28.9953593867116],[53.48659153822341,28.99544919958687],[53.48675355280996,28.99554931971083],[53.4868774629894,28.99566048709251],[53.48697787615276,28.99570803347179],[53.48707774942089,28.99591033265893],[53.4871567106055,28.99606594050532],[53.48736557785772,28.99616475946355],[53.48756398725976,28.99623115831619],[53.48757215242751,28.99624106062669],[53.48774541497053,28.99629930029397],[53.48777173349954,28.99630105841088],[53.4877852538385,28.99630465209696],[53.48801154664391,28.99634391983344],[53.48825132043602,28.99635314062925],[53.48825759067512,28.99635221979356],[53.48843713019536,28.9963029123883],[53.48862997781237,28.99624094115264],[53.48864218983206,28.9962390965089],[53.48879095172686,28.99616867211096],[53.48889640006869,28.996079751285],[53.48900940486155,28.99596891627569],[53.48908622798888,28.99591918062109],[53.48911271611455,28.99591230633931],[53.48914420750086,28.99589061187812],[53.4893020519865,28.9958732306705],[53.48934924720196,28.99585140308501],[53.48938520869869,28.99583113503333],[53.48939532359979,28.99582463984083],[53.48941555837519,28.99581164304654],[53.4895281047917,28.99577049943519],[53.48984250484538,28.99571286075145],[53.48986900889037,28.99570378750777],[53.48989689525489,28.99569976950935],[53.49004517849287,28.99575701214172],[53.49005762669857,28.99576044233338],[53.49033291501102,28.99589188659113],[53.49058215024083,28.99600484205164],[53.49081076450732,28.99607547731349],[53.49102040791117,28.99614222383228],[53.49103820147837,28.99614484664259],[53.49105688446857,28.99615225055197],[53.49131653431647,28.99628064651295],[53.49135124618799,28.99628537782027],[53.49157468630435,28.99639089516793],[53.49159216082765,28.99639330550045],[53.49178345287658,28.99650418918032],[53.4918018412738,28.99651141350511],[53.49196123540095,28.99657253635867],[53.49198612965871,28.99658382682884],[53.49213573141584,28.99671549724175],[53.49216233500309,28.99673635385583],[53.49236914668762,28.99693334506111],[53.49237644959916,28.99694214529867],[53.49257896621999,28.99708961337291],[53.4925971588892,28.99709671401066],[53.49270432345696,28.99723080931875],[53.49286946901479,28.99734597444234],[53.49288194626101,28.99735372327308],[53.49303261515881,28.99745563369039],[53.49303953553739,28.99746409726978],[53.4930533656947,28.99748101018974],[53.49314293447649,28.99755324701326],[53.49314437018415,28.99756244115666],[53.49324538953296,28.99767077479713],[53.49341691593575,28.99781807412067],[53.49342409912384,28.99783068535551],[53.49363946991488,28.99795146234016],[53.49365248828547,28.99796763787214],[53.49383313564639,28.9981437531079],[53.49405465842411,28.99836788080696],[53.49413086190399,28.99846878334952],[53.49421298819756,28.99862802738541],[53.49430014577305,28.99875898063813],[53.49433167652119,28.99888640087824],[53.49441828540577,28.99900329714327],[53.49449495246067,28.99913623215597],[53.49454912146393,28.99922878014063],[53.49457316325589,28.99934686958355],[53.49460478831659,28.99940647768532],[53.49460939635438,28.99940914816044],[53.49466303962488,28.99948061470586],[53.4947408540591,28.99957282275846],[53.49477744410642,28.99966600829761],[53.49478040477455,28.99974929755928],[53.49470544840838,28.99978933535971],[53.49458928156493,28.99984298572491],[53.49445673689499,28.99990547975266],[53.49444887743113,28.99991056309814],[53.4943251676285,28.99996573898638],[53.49432151418011,28.99997345967652],[53.49421659365174,29.00002061030245],[53.49412380132777,29.00003755485051],[53.49410173988591,29.00004158380957],[53.49396845690192,29.00006819400398],[53.49378858082936,29.00010721726981],[53.49360322555702,29.00018805969677],[53.49350553731784,29.00024509562482],[53.49341183361743,29.00033161617766],[53.4932881691534,29.00046615885798],[53.49316169849978,29.00060427907983],[53.49303816870714,29.00069577881165],[53.49296510866452,29.00077168661259],[53.4928742541609,29.00082061225662],[53.49278055914698,29.00090873444734],[53.49268024515507,29.00104101379729],[53.49256387496538,29.00114977446351],[53.49247277554551,29.00123695157236],[53.49239657081363,29.00128807968749],[53.49231004663638,29.00139679072163],[53.49222839857493,29.00144778156852],[53.49215288980482,29.00151380723334],[53.4921228298925,29.00155819720449],[53.4921007520277,29.00162637200094],[53.492075889258,29.00169199036569],[53.4920683619947,29.00176688773233],[53.49206665282501,29.00183398641658],[53.49205739136278,29.00187087987682],[53.49202272525595,29.00192875928999],[53.49202939701065,29.00196080046842],[53.49203154666275,29.00196378366683],[53.492027929222,29.00201683622786],[53.49202721155864,29.00201955776845],[53.49203255757806,29.00205724658461],[53.49204429247665,29.00207688412236],[53.49204662010651,29.00208031328508],[53.4920777505187,29.00210761917675],[53.49207997994689,29.00210926572537],[53.49209232278152,29.00215345998956],[53.49209279506411,29.00215748830982],[53.49209615753983,29.00218615912755],[53.49210938044946,29.00222806998235],[53.49213722867348,29.00226394934819],[53.49214002734693,29.00226802021423],[53.49217158726378,29.00228756511186],[53.49219831064202,29.00231304921006],[53.49222605935658,29.00234042050442],[53.49225658809742,29.00235573813269],[53.49229434593885,29.00238766447177],[53.49235834173375,29.00243681935429],[53.4924160192618,29.00246656729387],[53.49241749186758,29.00246861940701],[53.49251603369217,29.00254516819053],[53.49251916186871,29.00254834432512],[53.4925810498772,29.00258749015467],[53.49263643544538,29.00262281244691],[53.49269923482104,29.00267371244098],[53.49273443932082,29.00269425319228],[53.49277871809726,29.00272310928251],[53.49283272616024,29.00275982198739],[53.49286870222435,29.00278757723721],[53.49293238045902,29.00284754626251],[53.49304492462079,29.00293277228296],[53.49306005412379,29.00295675277467],[53.49306489248234,29.00297093214168],[53.4930673177044,29.00297803840254],[53.49309351923834,29.00299903932753],[53.49309477376669,29.00299893214614],[53.49312971514559,29.00303372066449],[53.49320351652548,29.00309558381205],[53.49325635043799,29.00314556425189],[53.4933167592342,29.00319603106389],[53.49337164788807,29.00325319675569],[53.49337497334009,29.00325672284552],[53.49344298583563,29.0033091287996],[53.49344367005484,29.00331313423334],[53.4934538632863,29.00335577144617],[53.4934858303674,29.00339600445451],[53.49352553771149,29.0034328000646],[53.49357489225439,29.00350256934552],[53.49358793429822,29.00352170703379],[53.49359409091172,29.00352458515125],[53.49362198092121,29.0035537081638],[53.49362480385933,29.00355318845351],[53.49363292843949,29.0035753647111],[53.49363180869683,29.00360338522819],[53.49362997707291,29.00367038240325],[53.49362552512153,29.00370425200601],[53.49362479381372,29.00370849752173],[53.49361890708607,29.00375065014662],[53.49361935925147,29.00375336802137],[53.49362196872578,29.00378630003015],[53.49361800239268,29.00382252873652],[53.49361175583339,29.00385324709618],[53.4936110329626,29.0038574166754],[53.49362148531941,29.00390378662498],[53.49362227398347,29.00390778199901],[53.49363780550127,29.00391883720074],[53.49363985033224,29.00392134057183],[53.49367249202407,29.00393081876324],[53.49371031707395,29.00394042265134],[53.49371181367587,29.00394039577117],[53.49374574604431,29.00394900648337],[53.49380259308629,29.00394955607884],[53.49385579115968,29.00393443826143],[53.49390337278,29.00392282485983],[53.4939554372547,29.0039209660552],[53.49396224320643,29.00392297777215],[53.49399447145408,29.00392430099487],[53.49400334308965,29.0039275905814],[53.49404160197009,29.00395123625199],[53.49406521689632,29.00398906840523],[53.49406656391519,29.00399490369883],[53.49407898980955,29.00402029648358],[53.49409845055798,29.00406235379794],[53.49409909769596,29.00406519886075],[53.49410648049934,29.00409767054606],[53.49410076510289,29.00412917745425],[53.49409552376373,29.00417499162288],[53.49410238235069,29.00421101574499],[53.49410330869066,29.00421497427766],[53.49412768814584,29.00423934762592],[53.49413140444911,29.00424188310455],[53.49414168327574,29.00424556604852],[53.49413606564512,29.0042758027333],[53.49414020391268,29.00429380839533],[53.49417774121828,29.00429343620796],[53.49422328471007,29.00427972245816],[53.49426070629569,29.00427513218505],[53.49426380873764,29.00427373039071],[53.4943180180221,29.00425900949682],[53.49435057234827,29.00423144546263],[53.49437160679514,29.00420479719487],[53.49443872849727,29.00417224926786],[53.49448316961505,29.00414003767505],[53.49455163613405,29.00412421114688],[53.49459909224942,29.00414047234575],[53.49465278383968,29.00414559448198],[53.49469669100209,29.00415471074706],[53.49473134575241,29.00417979619927],[53.49477728394294,29.00421355726615],[53.49482812402044,29.00423654143097],[53.49488164208454,29.00428363243792],[53.49493137726427,29.00432972915516],[53.49499450994058,29.00438454338395],[53.4950391311428,29.00442323555203],[53.4951022190546,29.00448510619118],[53.49514731559393,29.00453409282823],[53.49518042617231,29.0045690004644],[53.49521852563047,29.00459619685265],[53.49522274694367,29.004598906053],[53.49525559744893,29.00462247950551],[53.49529527152267,29.00463671174236],[53.49529795376222,29.00463968769438],[53.49532894016298,29.00466708203473],[53.49533055238778,29.00466686985392],[53.49536935900591,29.00470298965489],[53.49537363150004,29.00470573578923],[53.49540718806039,29.00473101466151],[53.49540766437021,29.00473255749345],[53.49543543898172,29.00479518138307],[53.49545702375937,29.00484402910815],[53.49548314497075,29.00487005863714],[53.49552711404192,29.00489398659493],[53.49557519150696,29.00493197564095],[53.49562492745945,29.00496411956704],[53.49569512183097,29.00501852798514],[53.49574664073922,29.00504842308267],[53.49577239326032,29.00506278300846],[53.49582898537592,29.00508318171782],[53.4958794649533,29.00511235812165],[53.49592909597091,29.00513795344219],[53.49595461059842,29.0051564594729],[53.49599483990247,29.00520077112867],[53.49603879160906,29.00525145217148],[53.49607360236087,29.00529110569979],[53.49612705135758,29.00535128206847],[53.49616733983226,29.00539945642813],[53.49620741611011,29.00545118102643],[53.49625274188647,29.00549890630639],[53.49629526413706,29.00554586723236],[53.49633228415977,29.00558874717589],[53.49636933874222,29.00563063050378],[53.49640408441272,29.00568254521437],[53.49641313587279,29.00572125378291],[53.49642206359718,29.00575498754832],[53.49644955985657,29.00580484657652],[53.49648405949514,29.00583171974554],[53.49651803320505,29.00587474375202],[53.49652016495572,29.00587744302707],[53.49654588940219,29.0059261242905],[53.49657300268805,29.00597848842876],[53.49657426197075,29.00598288730971],[53.49660144859158,29.00603629385255],[53.49662679863332,29.0060735862347],[53.49662757136353,29.0060764866838],[53.49665071752799,29.00612463576682],[53.49666422066975,29.00616589310954],[53.4966973675262,29.006212291995],[53.49673418825123,29.00623965781891],[53.49676798893679,29.00627355802609],[53.49683230089714,29.00631318350844],[53.49689443176606,29.00634148706096],[53.49691761000143,29.00635862266382],[53.49697625975028,29.00638538327332],[53.49704806725477,29.00640251611481],[53.49709358846891,29.00638943508571],[53.49716179956384,29.00636661855099],[53.49720242178672,29.00635999134457],[53.49722597535223,29.00639477386788],[53.49726031428101,29.00644016079137],[53.49729800667306,29.00649581484775],[53.49733231833263,29.00652667150807],[53.49735732307027,29.00657710799954],[53.49740952524002,29.00660677137882],[53.49748502917055,29.00663114257449],[53.49751359397163,29.00668183219737],[53.49753018137704,29.00675627228653],[53.49751666445503,29.0068213476818],[53.49749456205677,29.00689056384351],[53.49745941510324,29.00695986736917],[53.49741126829814,29.00701977143063],[53.49736902475925,29.00704936302268],[53.49734895614758,29.00708355551306],[53.49733312348794,29.00712920669793],[53.49730333414877,29.00718182205452],[53.4972663359285,29.00724218006652],[53.49723712052358,29.00731076251826],[53.49722796535554,29.00736506375061],[53.49723859291826,29.00743492445546],[53.49722503747832,29.00748569713508],[53.49719346523352,29.00753971326024],[53.497153235759,29.00758358699762],[53.49709793804072,29.00762320399301],[53.49707927905226,29.00765034709396],[53.49704877178373,29.00768264334682],[53.49702372398914,29.00771463421962],[53.4970324958325,29.00774455838033],[53.49703333010081,29.0077468162609],[53.49706141391511,29.00777208903449],[53.49708690979274,29.00778879809631],[53.49712110718369,29.00783937405736],[53.49714270881191,29.00787601879239],[53.49715088253856,29.00792902625788],[53.49716551139634,29.00799278268136],[53.49719826189208,29.00804310314686],[53.49723233736653,29.00806271362733],[53.49728166678011,29.00811127339832],[53.49731712963315,29.00814947459264],[53.4973709773758,29.00820872546372],[53.49741099465449,29.00826888570564],[53.49741319515373,29.00827426844862],[53.49746188821897,29.00829889000342],[53.49751403495949,29.00832045312536],[53.49752222905442,29.00832384165998],[53.49757108447719,29.00832872316931],[53.4976310530132,29.00836157270224],[53.49768049887036,29.00841913709531],[53.49771835320302,29.00845431213454],[53.49774133455643,29.00849074706344],[53.49775061922802,29.00856410319675],[53.49776593121469,29.00861916735439],[53.49776486659029,29.00862605964168],[53.49779119629171,29.00864507876125],[53.49782469742726,29.00864486173551],[53.4978787486909,29.00862734383985],[53.49793168643995,29.00860667020224],[53.49801329432977,29.00856623517904],[53.4980762214978,29.00852436400628],[53.49813860462967,29.00849332046345],[53.49814764440527,29.00848882117197],[53.49822600172981,29.00844615956133],[53.49830078639143,29.00843124646706],[53.49834346468941,29.00847057164584],[53.49834409308955,29.00853112861009],[53.49833908445112,29.00864869819788],[53.49831742521702,29.00872416346052],[53.49828171143106,29.00880632778803],[53.49824040574888,29.00890773226741],[53.49819900383013,29.00902744110463],[53.4982071976584,29.00908884519959],[53.49817221341211,29.0091759152936],[53.49813042383714,29.00924234382835],[53.49807807712594,29.00934374161191],[53.49802078970335,29.00945208300447],[53.49795355753763,29.0095784581273],[53.49791397222969,29.00962843210824],[53.49791915149191,29.00968325615569],[53.49794608280459,29.00974555223861],[53.49794785895156,29.00974801181441],[53.49794579750854,29.0098218802357],[53.49794630633869,29.00983206312942],[53.4979153267476,29.0098729332703],[53.49788760797663,29.00996741998283],[53.49788055223285,29.01005930857208],[53.49788090665093,29.01006576219213],[53.49792424991093,29.01016224269881],[53.49797685230841,29.01025816847988],[53.49796775075482,29.01037928649968],[53.49794159279152,29.01048498302953],[53.4978784428694,29.01058749463339],[53.49781630792606,29.01065645125446],[53.49783397096198,29.01075400475782],[53.49783805958648,29.01085391087967],[53.49783772917532,29.01099620765199],[53.4977597886286,29.01115294122921],[53.49774816479219,29.01117451280578],[53.49768165599501,29.01134617974873],[53.49767394944428,29.01135794259925],[53.4976935416415,29.01151032286197],[53.49775751094021,29.01157005282898],[53.49784298956126,29.01156984163726],[53.49797196885963,29.01156585241786],[53.49805912372012,29.01159144984907],[53.49818344725487,29.01164951486769],[53.49826785942527,29.01169661871565],[53.4982743825128,29.01170224580375],[53.49833890433597,29.0118029420978],[53.49838155678679,29.01190068650288],[53.49839539698295,29.01203389130977],[53.49836062668039,29.01212390656574],[53.49834750013432,29.01224680177725],[53.49837452653971,29.0123687651395],[53.49845858794831,29.01243997777182],[53.49854604597219,29.01251406632284],[53.49858789092399,29.01269270138883],[53.49862119117515,29.01283012246515],[53.49862853868239,29.01299440936419],[53.498660422526,29.0131492517858],[53.49868704083678,29.0133219245699],[53.49870755335208,29.01348499040683],[53.49875586675545,29.01366003901514],[53.49881822377334,29.0137404013893],[53.49884824427808,29.01380786579877],[53.49884905656501,29.01387249784957],[53.49883532114931,29.01399062938347],[53.49880150741924,29.0141283021994],[53.49881646631431,29.01439375655103],[53.49888942202203,29.01461822934962],[53.49897956641858,29.01477952404078],[53.49916445463299,29.01488745248601],[53.49925430671716,29.01498353059317],[53.499307453086,29.01513255432761],[53.49932544190004,29.01523415563182],[53.4993217682515,29.01529783999632],[53.49932015780455,29.0153020098736],[53.49928468178275,29.01538676007583],[53.49931871575088,29.01547611216979],[53.49932027669569,29.01547892034144],[53.49937058536008,29.01556227074466],[53.49945791110965,29.01567601713223],[53.49951479906444,29.01575869832704],[53.49959271393712,29.01589426834087],[53.49968079648896,29.01600157545225],[53.49968483241621,29.01600781168092],[53.49979409808329,29.01615807841167],[53.49988107689816,29.01627169651405],[53.49992638151721,29.01635898742668],[53.49992942911647,29.01636662953041],[53.49994041778645,29.01646229233628],[53.4999303913828,29.01656946426987],[53.49995117265651,29.01669874784173],[53.49996748048488,29.01683511526162],[53.49997337768572,29.01695403970431],[53.50002118928634,29.01708742908185],[53.50006144559752,29.01720840224785],[53.5000900807453,29.01731097615497],[53.50012558276924,29.01742920509124],[53.50016154429401,29.01756671223441],[53.50016136956602,29.01757330379011],[53.50021772543883,29.01768502886569],[53.50024670075436,29.01777717310392],[53.50025713478947,29.01788391268251],[53.50026414213034,29.01799786097695],[53.50027038643915,29.01810565647076],[53.50029991908742,29.01823258931747],[53.50031996053463,29.01834331426637],[53.50033235860185,29.0184668944249],[53.50032278626021,29.01856917012439],[53.50030589321852,29.01864560781601],[53.50029873059223,29.0187546064741],[53.50029777436544,29.0188647552732],[53.50028207478481,29.01897994275466],[53.50027065634054,29.01912414171403],[53.50024632389514,29.0192618132848],[53.50023025486981,29.01938548140407],[53.50021380542285,29.01950571585632],[53.50019629375678,29.01963029853282],[53.50015511546185,29.01974638166426],[53.50012379678976,29.01986235339188],[53.50011559867408,29.01998184150759],[53.50013885224687,29.02009930875846],[53.50018176770143,29.02021075353628],[53.50025084969469,29.02031849498863],[53.50035380332245,29.02043556530307],[53.50043356866784,29.02055341913728],[53.50052543435701,29.02066868309455],[53.50061625990617,29.02085962939359],[53.50064191822953,29.02095900540405],[53.50061879849011,29.02104772167074],[53.50060334881849,29.02115823685331],[53.50064394395113,29.02128987835448],[53.50066947265515,29.02135415014467],[53.50067602025765,29.02145558525651],[53.50069258834336,29.02163970125084],[53.50068223732747,29.02176573745497],[53.50067534591221,29.02187481312826],[53.50066026751441,29.02206357536223],[53.50062113229826,29.02222771974908],[53.50063165195277,29.02235133115964],[53.50068773901025,29.02254951702883],[53.50074023864094,29.02276228954583],[53.50074485708356,29.02277317440612],[53.5008150593347,29.02297415465305],[53.50084825125656,29.02315488738937],[53.50085388673113,29.02316167835579],[53.50094309371828,29.02330609428458],[53.5010283357542,29.02334701342005],[53.50119280842317,29.02341101821628],[53.50136194361151,29.02346205706081],[53.50149434890552,29.02350428046424],[53.5016659088264,29.02359328521025],[53.50185841158777,29.02369470532082],[53.50206196328498,29.02381647801091],[53.5022188031252,29.02392023466029],[53.5023593426027,29.02398045563939],[53.50250715168102,29.02399508600801],[53.50266778769172,29.0239503223503],[53.50277101711803,29.02387704031152],[53.50287763025012,29.02383658876618],[53.50303897189619,29.02384039599373],[53.50318280399877,29.02380388015722],[53.5032839177792,29.02382979351133],[53.50345435605374,29.0239500261331],[53.5035910506737,29.02401766355412],[53.50373186184595,29.02402043006438],[53.50398940688994,29.02407031942578],[53.50420458326342,29.0240731573785],[53.50444346028511,29.02408321475494],[53.50466703060061,29.02412026941797],[53.5050310173764,29.02416910761595],[53.50524328816518,29.02422226409637],[53.50546894510011,29.02422330226966],[53.50565314520229,29.0242126525137],[53.50590692896569,29.02419610753452],[53.50611649195415,29.02420357226585],[53.50629050445563,29.02424698539069],[53.50654357586284,29.02434656970333],[53.50678006716963,29.02440810434761],[53.50678493256108,29.02441261439402],[53.50702969033664,29.02451166733798],[53.50727669486205,29.02461498735003],[53.50760724810394,29.02478195366326],[53.50784468674413,29.02491512417641],[53.50805475648265,29.02507533178102],[53.50820587522472,29.02517012060116],[53.50835472433531,29.02526336117809],[53.50853311651345,29.02536620764764],[53.50868548875989,29.02543449036844],[53.50883529526087,29.02544786745008],[53.50895541324956,29.02545431503307],[53.50912764406222,29.02545216385142],[53.50928376864594,29.02544875636864],[53.50929198302756,29.02544888071163],[53.50944581642761,29.02548513209348],[53.50956591306014,29.02555271611996],[53.50966879813825,29.02566031825917],[53.50976908288142,29.02578719515346],[53.50984728584765,29.02588338282801],[53.50994449620512,29.02594618447535],[53.51009361535592,29.02602260942834],[53.51030799167705,29.02612294303704],[53.51054201131402,29.02623973555429],[53.5107391912753,29.0262906121511],[53.51093109532378,29.02633829884464],[53.51113141697284,29.02635413414127],[53.51135151489358,29.02638378886351],[53.51163835354923,29.02641047980939],[53.51181319316661,29.02646801724468],[53.5120118145812,29.02656404458665],[53.51201598410591,29.02656913669187],[53.51214600133866,29.02666682261924],[53.51231665068313,29.02677715649944],[53.51249578194019,29.02688461420595],[53.51273062771055,29.02706673219843],[53.51282149464292,29.02724261516211],[53.51287902290456,29.02738137776932],[53.51291991975293,29.02756054772516],[53.51294082828665,29.02775354705237],[53.51293615557952,29.02775611717308],[53.51294457228969,29.02794000512489],[53.51294394391954,29.02795240945489],[53.51297267942053,29.02815740223896],[53.51293779152993,29.02835302821449],[53.51289798308726,29.02852799637153],[53.51287932901396,29.02866866471172],[53.51284172006192,29.02880287943545],[53.51280625925987,29.02896712376314],[53.51275552071922,29.02914725997576],[53.51273066309731,29.0293203614265],[53.51264921192624,29.02952305011562],[53.5125895608819,29.02968135642475],[53.5125337364116,29.02987131362085],[53.5124904120406,29.03001691185738],[53.51250689796271,29.03017777077147],[53.5125557112767,29.03037839863323],[53.51259310522332,29.03056711825223],[53.51260457029422,29.03069681137567],[53.51257082570397,29.03084880056137],[53.51256605480362,29.03100072472435],[53.5126295381639,29.03119910861388],[53.51272718179971,29.03138642808426],[53.51288095620263,29.03159384006552],[53.51298239204329,29.03177609864202],[53.51313138027083,29.03194099677356],[53.5132824809279,29.03212603040688],[53.51346162505499,29.03229252778138],[53.51356879616124,29.03243953507416],[53.51366916693024,29.03261274656207],[53.51369763933854,29.03277299734324],[53.51379263452976,29.0329558457772],[53.51379685664473,29.03296177941301],[53.51390546738151,29.03317713273382],[53.51399268955287,29.03341044102291],[53.51415998100168,29.03360601838385],[53.51430006739889,29.033801244404],[53.51443481876779,29.03400883823586],[53.51449320656814,29.03419098242751],[53.51449490715885,29.03440874175357],[53.51451725837211,29.03457834471143],[53.51457722450612,29.03478529308629],[53.51464474071653,29.03497094415575],[53.51474031874196,29.03515146142135],[53.51482528072524,29.03537285358135],[53.51491095258132,29.03557118838097],[53.51504007579032,29.03580546537745],[53.51515741332002,29.0359385384838],[53.51532847994253,29.03613539381361],[53.51549110434156,29.03627002668871],[53.51563327714958,29.03644533619529],[53.51563922562478,29.03644849854483],[53.51573906768537,29.03659054764492],[53.51585218424679,29.03673547915583],[53.51593861939057,29.03686919649854],[53.5160866157815,29.03697448223581],[53.51626183075229,29.03710026905597],[53.51626707721498,29.03710741029095],[53.51644407266179,29.03720820429073],[53.51664300874083,29.03735763360869],[53.5167665345804,29.0374877690467],[53.51694150449637,29.03767383338052],[53.51706852806428,29.03788990278845],[53.51714646933844,29.03800722535165],[53.51725589703558,29.03809119572012],[53.51725960134068,29.03809624853602],[53.51738113515025,29.03816322030632],[53.51756706594266,29.03825625641407],[53.51769568412161,29.03836886897512],[53.51779325586652,29.03849399979714],[53.51797969834966,29.0386824870338],[53.51811983982573,29.03877491167786],[53.51812182657959,29.03877754741099],[53.51826265462417,29.03890312573229],[53.51844677176414,29.03910370738797],[53.51861169211585,29.039282829203],[53.51861574560161,29.0392881794411],[53.51875698944046,29.03947458523361],[53.5189055124437,29.03969382970704],[53.51904334459387,29.03988769119635],[53.51916914258751,29.04004808573409],[53.51931066091644,29.04022318564526],[53.51948693793352,29.04042433229582],[53.51969499712228,29.04065309607911],[53.5197866759647,29.04077831238877],[53.51989284628587,29.04089796198372],[53.5201711051957,29.04112148004037],[53.52049795403352,29.04135060920449],[53.52067472457579,29.04158006166155],[53.52092702571821,29.04172725933886],[53.52126875443075,29.04193643070776],[53.5215847157467,29.04209718008327],[53.52180866155731,29.04230583105207],[53.52198825404139,29.04257284808209],[53.52213812431413,29.04290068443839],[53.52220745385073,29.04320327617156],[53.52229196757622,29.04346859263561],[53.52255405667452,29.04385020430138],[53.52271374015385,29.0442095497382],[53.52276633990333,29.04453474699794],[53.5227962048512,29.04493674457671],[53.52277152746228,29.04521096734743],[53.52270933385342,29.04553096817445],[53.52273450922446,29.04589423632373],[53.52276442464385,29.04626437253306],[53.52290357876442,29.04657876976601],[53.52313901132526,29.0468537543966],[53.52340100726897,29.04721103881041],[53.52344656795483,29.04749526798446],[53.52359791485176,29.04790576118567],[53.52371014126005,29.04830278406753],[53.52391932583409,29.04872120582945],[53.52408385965239,29.04894674752783],[53.52430959467688,29.04905558651858],[53.52450202623947,29.04907945626019],[53.52475995520716,29.04903827544921],[53.52510022364088,29.04901476372989],[53.52541904454326,29.04895103934272],[53.52568932903062,29.04892096034608],[53.52595367078042,29.04888876261662],[53.526229989428,29.04885931141293],[53.52653521532972,29.04883374033971],[53.52686434211714,29.04880361118191],[53.52688119760371,29.04880516932309],[53.52718262747745,29.04873164734511],[53.52720027313423,29.04872637231961],[53.52741460580947,29.04866988470656],[53.52765065346217,29.04856540348226],[53.52788233995323,29.04838881162138],[53.52811797324281,29.0482242190517],[53.52834348354167,29.04813521262628],[53.52866893473349,29.0481081831343],[53.52901074657153,29.04805618141875],[53.52925253253385,29.04797712483261],[53.52947548246473,29.04787855540804],[53.52962654237637,29.04783198767118],[53.52969510847722,29.04765057388061],[53.53230873806229,29.04512858985597],[53.53441724354161,29.04109239327326],[53.5382886579124,29.03862861852853],[53.54415255003326,29.03537823257819],[53.54823320620736,29.03267567162372],[53.55377380516666,29.03049552177576],[53.55469770675229,29.02966604045177],[53.55608823301738,29.02569733200322],[53.55769130426669,29.02327620065509],[53.55935257069907,29.01988868121309],[53.56068865170193,29.01538872387799],[53.56189252499082,29.0130202672182],[53.56410029337749,29.00933359621845],[53.56643388754549,29.00783662472108],[53.57171286771468,29.003035654507],[53.57419281851691,29.00331291360564],[53.57690282208603,29.00045539280689],[53.5827426121685,28.99595900141057],[53.58675276769452,28.99122327371536],[53.58961891851643,28.99256518205183],[53.5917611709767,28.99366083016841],[53.59335979311249,28.9944176967676],[53.59530003893872,28.99532260554987],[53.59781566044794,28.9964932641252],[53.6013321899088,28.99825686706468],[53.60182617453199,28.99934142162902],[53.60335961524391,29.00270794955027],[53.605658154705,29.00785014472516],[53.60673240616507,29.01043020889781],[53.60758203097675,29.01247067026226],[53.60867052180741,29.01463767096003],[53.61013656965129,29.01767329384476],[53.61138836406848,29.02058054327973],[53.61326386091365,29.02493596071677],[53.61457764122789,29.0278199868041],[53.61651686264327,29.03197403003685],[53.61842844411047,29.03631089512657],[53.61984052391735,29.04015236232819],[53.62289062874228,29.04881225183393],[53.62232471220644,29.05508912064422],[53.62114207375618,29.06701354169146],[53.6195337156347,29.07176658178019],[53.61588506230896,29.08246610360463],[53.61619724786527,29.09123796239345],[53.61505126899505,29.09418279763313],[53.61028067121993,29.10666653850838],[53.60925779980963,29.10931278183706],[53.6072705585809,29.1101849905491],[53.59970804387558,29.11355992185329],[53.59702361419249,29.1158478126688],[53.59595457115889,29.11707244212349],[53.56308174998832,29.11543421142808],[53.54428708140099,29.11855282819242],[53.53285379013418,29.12110590406899],[53.51524631018007,29.12201494026462],[53.49729247274838,29.13071347030813],[53.48569920542982,29.13228227558168],[53.44142346092426,29.13790493514555],[53.4306479249908,29.14198916031307],[53.4057427195533,29.15363456840502],[53.4042175376186,29.15478063415418],[53.38106104224914,29.17565545233707],[53.36997548156633,29.18531591051492],[53.36828085707545,29.18628416373026],[53.3650295896985,29.18796556398401],[53.36230674325071,29.19027809887887],[53.35674423850119,29.19610495507004],[53.35524478497075,29.19977611845907],[53.34725972209343,29.20357025196472],[53.33972391454834,29.20546482773296],[53.33892363236341,29.20507258615124],[53.33764653712915,29.20483116320183],[53.33534452450571,29.20442847527156],[53.3340153009298,29.20463273322978],[53.33154788241141,29.20493206977281],[53.32917680501062,29.20509422472918],[53.32648240856444,29.20517082909548],[53.32558900525935,29.20498130066386],[53.32424816977601,29.20489291756767],[53.32303210654969,29.20504941555234],[53.32077330533775,29.20585472367749],[53.31767176763344,29.20689311119858],[53.31628052590502,29.20702270578234],[53.31138144746927,29.20933373246264],[53.31026486568376,29.2094845326889],[53.30687471543365,29.20981355007223],[53.30474421018504,29.21036259102094],[53.30291247644984,29.21044301819935],[53.29881803607492,29.21095079440398],[53.29712976796888,29.21067140943965],[53.29362138390696,29.21182839734319]]]},"properties":{"Name":"منطقه حفاظت شده میانجنگل فسا","description":"<html xmlns:fo=\"http://www.w3.org/1999/XSL/Format\" xmlns:msxsl=\"urn:schemas-microsoft-com:xslt\">\n\n<head>\n\n<META http-equiv=\"Content-Type\" content=\"text/html\">\n\n<meta http-equiv=\"content-type\" content=\"text/html; charset=UTF-8\">\n\n</head>\n\n<body style=\"margin:0px 0px 0px 0px;overflow:auto;background:#FFFFFF;\">\n\n<table style=\"font-family:Arial,Verdana,Times;font-size:12px;text-align:left;width:100%;border-collapse:collapse;padding:3px 3px 3px 3px\">\n\n<tr style=\"text-align:center;font-weight:bold;background:#9CBCE2\">\n\n<td>منطقه حفاظت شده میانجنگل فسا</td>\n\n</tr>\n\n<tr>\n\n<td>\n\n<table style=\"font-family:Arial,Verdana,Times;font-size:12px;text-align:left;width:100%;border-spacing:0px; padding:3px 3px 3px 3px\">\n\n<tr>\n\n<td>FID</td>\n\n<td>1</td>\n\n</tr>\n\n<tr bgcolor=\"#D4E4F3\">\n\n<td>OBJECTID_1</td>\n\n<td>2</td>\n\n</tr>\n\n<tr>\n\n<td>cod</td>\n\n<td>12</td>\n\n</tr>\n\n<tr bgcolor=\"#D4E4F3\">\n\n<td>tafkik_id</td>\n\n<td>3</td>\n\n</tr>\n\n<tr>\n\n<td>tafkik_nam</td>\n\n<td>منطقه حفاظت شده</td>\n\n</tr>\n\n<tr bgcolor=\"#D4E4F3\">\n\n<td>shahrestan</td>\n\n<td>فسا- جهرم - سروستان</td>\n\n</tr>\n\n<tr>\n\n<td>NAME1</td>\n\n<td>منطقه حفاظت شده میانجنگل فسا</td>\n\n</tr>\n\n<tr bgcolor=\"#D4E4F3\">\n\n<td>sal_mosava</td>\n\n<td>1375.1396</td>\n\n</tr>\n\n<tr>\n\n<td>AREA_ha</td>\n\n<td>53273</td>\n\n</tr>\n\n<tr bgcolor=\"#D4E4F3\">\n\n<td>F_AREA</td>\n\n<td>532730644.594</td>\n\n</tr>\n\n<tr>\n\n<td>Shape_Leng</td>\n\n<td>126011.877343</td>\n\n</tr>\n\n</table>\n\n</td>\n\n</tr>\n\n</table>\n\n</body>\n\n</html>\n\n","timestamp":null,"begin":null,"end":null,"altitudeMode":"clampToGround","tessellate":-1,"extrude":0,"visibility":-1,"drawOrder":null,"icon":null,"snippet":""}},
{"type":"Feature","geometry":{"type":"Polygon","coordinates":[[[55.00620412511319,27.77052257688283],[55.00234141124063,27.77036977941855],[54.99922322853984,27.7706111959539],[54.99692680640354,27.7703771779813],[54.99528472890125,27.76974890408542],[54.99220037468969,27.76871683811832],[54.98808629361,27.76825403127353],[54.98675132553532,27.76817414400578],[54.98325838096252,27.76875699118144],[54.97745478164943,27.76905345581412],[54.97378601874158,27.76742049802024],[54.97079680928876,27.76493866018286],[54.96852430737137,27.76411948158811],[54.9679426669956,27.76372810842276],[54.96746957450009,27.76237119701018],[54.96712861185003,27.76121771427402],[54.96646540365919,27.76034156914477],[54.96398566449696,27.76006820495193],[54.95890185828222,27.76209589970875],[54.95558329202966,27.7615685641801],[54.95081403744714,27.7582514391783],[54.9455909042764,27.75626301289996],[54.93914939856178,27.75626188674169],[54.93621549257875,27.75812900614706],[54.93549743398095,27.75945938482209],[54.93490532731938,27.76202952846883],[54.93411632846357,27.76214929517829],[54.93312533566135,27.7625724057582],[54.93204862522714,27.76337705037884],[54.9300884609987,27.76522150040895],[54.92860363017722,27.76588429582543],[54.92622447220506,27.76592920971309],[54.92000709194108,27.7692520623338],[54.91907402713758,27.76912603699961],[54.91761669097843,27.76714970835052],[54.91524250546299,27.76693258007177],[54.91197488280917,27.76817436735274],[54.90753937752253,27.76992339277584],[54.9037658045263,27.77072575217009],[54.90216151915006,27.76989788042197],[54.90048153120318,27.76773667053026],[54.89835388981913,27.76739485873983],[54.8951337936463,27.76734585050543],[54.89139922570322,27.76614285531077],[54.88883424975317,27.76553066552108],[54.8869299094141,27.764068983984],[54.88434908485057,27.762151425974],[54.88353079373468,27.76113149922726],[54.88324615282728,27.7594548584057],[54.88218860338604,27.75909614285869],[54.87905463302155,27.75953163990071],[54.87555484726565,27.76014277413978],[54.87381994897132,27.76084142189141],[54.8721663656329,27.76136085487246],[54.86996802187456,27.76092314901796],[54.86806031507461,27.76002737866663],[54.86704077756361,27.75888336888633],[54.863861864809,27.75779459889326],[54.85657856696037,27.75691706514706],[54.85157942745839,27.7550374681347],[54.85027053736356,27.75364707296825],[54.84948384169952,27.75193616896462],[54.84954013389378,27.74907192521249],[54.84925759271091,27.74706194616297],[54.84917615530627,27.74595375961252],[54.8471382659914,27.74594219079929],[54.84556544552696,27.74531326075635],[54.84258428677975,27.74375569825621],[54.84194326395836,27.74295993429919],[54.84164777728397,27.7418673467621],[54.84080417834392,27.74024567796892],[54.8386789149688,27.73916118355973],[54.83428519843179,27.73880593228453],[54.8314408476513,27.73814151958605],[54.82944360607032,27.73837210413055],[54.82872241911763,27.73819960170868],[54.82865144547808,27.73721125387863],[54.82954158806069,27.73571415527619],[54.82956474443081,27.73454595596579],[54.82994408753532,27.73368556084668],[54.82950613994725,27.73293322584225],[54.828567416485,27.73231406171125],[54.82739995096529,27.7318121843235],[54.82263687652905,27.73222082539227],[54.81961775484034,27.73169161647136],[54.81778428124966,27.73143918169895],[54.81651509456687,27.7314997409214],[54.81540556105377,27.73150236773201],[54.81484771548936,27.73109060504051],[54.81527507824742,27.72989952857731],[54.81530698136784,27.72849882763386],[54.81573730256321,27.72735721400357],[54.81845929100295,27.72596969321794],[54.81856346595706,27.72528631824165],[54.81733424338601,27.7244811735737],[54.81578053594255,27.72405369897392],[54.81416549883554,27.72443113967064],[54.81280637508555,27.72559836074507],[54.81159188056252,27.72632461085434],[54.80966032118376,27.72667684103276],[54.80773560511373,27.72668664521759],[54.8076372905679,27.72481137066958],[54.80715345786699,27.72409853995173],[54.80741815097856,27.72331698402423],[54.80876521300382,27.7227540503612],[54.80982250806998,27.72218442966762],[54.81070768874008,27.72086290405667],[54.81061595236878,27.7185120779601],[54.80935423800793,27.71722046452848],[54.80724674170939,27.7149127588175],[54.80503080506997,27.71364862598899],[54.80351651498212,27.71352385907401],[54.80215552800937,27.71385111077164],[54.80078861828336,27.71408495265397],[54.79970756381493,27.71380584934319],[54.79849517620469,27.71330302599609],[54.79798278013357,27.71176366652571],[54.79794202872862,27.70928488181202],[54.79772506179435,27.70768978019311],[54.79722399500114,27.70671472756051],[54.79614788071537,27.70619390875572],[54.7945383286788,27.70630929940764],[54.79293680523895,27.70715010695882],[54.79163431949015,27.70775389839836],[54.79162367575284,27.70940581551439],[54.79106664495946,27.71121019132425],[54.79044749377339,27.71160325322415],[54.78958345961476,27.71179092777916],[54.78847820492984,27.71159194127356],[54.7883013519643,27.71025938752701],[54.7881507904942,27.70874592781503],[54.78762107957358,27.70807259717874],[54.78729870428731,27.70722125270948],[54.7871173969796,27.70611024808343],[54.78639853482709,27.70583683576084],[54.78578306042448,27.70604861077775],[54.78407729000247,27.70644440356211],[54.78279228725474,27.70618205336723],[54.78200981293988,27.70457787517671],[54.78133724430629,27.70313663380989],[54.78096416380775,27.70143827593721],[54.78054339095533,27.69986003704823],[54.77928751772012,27.69849067012026],[54.77411933425672,27.69936192325496],[54.77145548051836,27.69845954361904],[54.76754506202052,27.69553148092192],[54.76343015525479,27.69212400783594],[54.76046402473224,27.69026002438846],[54.75730306013291,27.68744081914616],[54.75382449146795,27.6844223857922],[54.75087269143174,27.68189294327245],[54.74814493969625,27.67888657188793],[54.74187292698804,27.67611116593705],[54.73550181796781,27.67295036169741],[54.7341707122393,27.66987407278394],[54.73133469842548,27.66696263259954],[54.72759770821317,27.66613662130015],[54.72117412921668,27.66555284191221],[54.71982173638091,27.66352508249883],[54.71869392807439,27.66102501331015],[54.71553892660536,27.65801101663929],[54.71301939825594,27.65539094853473],[54.7078076607017,27.65329932940726],[54.70678721724487,27.65080095248239],[54.70557247349956,27.64734284961644],[54.70353380613712,27.64740382898043],[54.69936678452359,27.64666696876523],[54.69739580444487,27.64348274778419],[54.69427590125601,27.63884690296139],[54.69415326231729,27.63687207886069],[54.69582286461628,27.63600214364615],[54.69759523683783,27.63534399417894],[54.70269426188455,27.63353768978066],[54.7052649555072,27.63264436514422],[54.70898058119563,27.63134971369433],[54.71349686769667,27.62970526407647],[54.71593480580085,27.62900054476866],[54.71962282480652,27.62799164376037],[54.72268395996096,27.62722064952221],[54.72481732746208,27.62672086810413],[54.72671723453391,27.62610262301544],[54.729854016971,27.62477879902298],[54.73199754664152,27.62378246166385],[54.73451096969097,27.62252472967564],[54.73570217163161,27.62195207715752],[54.73689532480108,27.62128394341164],[54.73847746006636,27.62046934092155],[54.74142416479028,27.61898933699099],[54.74328921126671,27.61796917886679],[54.74484747021772,27.61726871256847],[54.74737969915984,27.61612564158709],[54.74900299719066,27.61538798149445],[54.75239918638665,27.61393412538259],[54.75400020671696,27.61323424331277],[54.75603419170956,27.61233124287559],[54.75910634987579,27.61098657420186],[54.76263283287565,27.60943905736762],[54.76717438013662,27.60752577736998],[54.76924226359059,27.60702214967068],[54.77445953243028,27.60670691720183],[54.78321818005386,27.60617863238745],[54.78873599578732,27.60580827824963],[54.79339603779658,27.6054431619107],[54.79655795747649,27.60493949680066],[54.80314426930613,27.60366869011634],[54.80863200260971,27.60264762817641],[54.81302235384859,27.60181916143213],[54.8168948328927,27.6011543132821],[54.81989645373307,27.60061449512135],[54.82270223611179,27.60010983275706],[54.82461710818326,27.59988123332283],[54.82419692400628,27.59836737412766],[54.82473228953796,27.59739476354418],[54.82527732600963,27.59593179891029],[54.82571007716098,27.59492691805871],[54.82583868010276,27.59364136359639],[54.82565406844559,27.59253483963142],[54.82502108276449,27.59148260151238],[54.82393912821281,27.5905152914276],[54.8234057269681,27.58964854709998],[54.82297249628471,27.58893665354025],[54.82275776101329,27.58761505986902],[54.82292804556868,27.58596228397507],[54.8235394076928,27.58462298914105],[54.82450196262037,27.58292131751381],[54.8248387364267,27.58154705424705],[54.82511094542784,27.57995718357086],[54.82568422236464,27.57880121744162],[54.82649219540917,27.57795548803741],[54.82733636194467,27.57701835064583],[54.82843394150981,27.57544138464819],[54.82952907489231,27.57398699614506],[54.82976197183953,27.57264174805039],[54.82950735144345,27.57159544546584],[54.82918093579206,27.57070130163892],[54.83005458603171,27.57000985702852],[54.83044916715114,27.56918829569983],[54.83148872391835,27.56880599954072],[54.83289632870176,27.5689506017669],[54.8335255972856,27.5684392582497],[54.8336764046962,27.56776716546971],[54.83431168079694,27.56694934623535],[54.83566131522865,27.56654119643213],[54.83648907981687,27.56643146851328],[54.83639750014211,27.56375020080746],[54.83621339793633,27.56244680092253],[54.83598236564971,27.56097076040919],[54.83625407395324,27.56038490239252],[54.8362372006647,27.55995074968084],[54.83605608032141,27.55937129934776],[54.83597952449635,27.55812300063523],[54.83605333761977,27.5577803319886],[54.83607684632697,27.5574368794246],[54.835893985007,27.55692577721197],[54.83598952792514,27.55651776408936],[54.83605866982565,27.55622575610552],[54.83649532483181,27.55576915061388],[54.83668471466085,27.55509193692088],[54.83677636648439,27.55481470966672],[54.83684397093045,27.55466838046599],[54.8378701038197,27.55408641093468],[54.83830147296796,27.5538987918526],[54.83862635805822,27.55371351412469],[54.84049633012471,27.55435976914623],[54.8407941280642,27.55465509856338],[54.84097286580769,27.55494937631259],[54.84106333212626,27.55504047377314],[54.84116379040091,27.55504950946938],[54.8413180587386,27.55487999792563],[54.84131142909084,27.55479020245433],[54.84136304709119,27.55472373598149],[54.84160409101243,27.55467444309256],[54.84194078896027,27.55477008480773],[54.8421451197936,27.55504233515945],[54.84238059280647,27.55500862186049],[54.84249206509109,27.55488328976525],[54.84253924340895,27.55461494608869],[54.84215427086258,27.55414555696726],[54.84203538537149,27.55379241587839],[54.84191045482145,27.55331959143679],[54.84199828757593,27.55280161231995],[54.84225670052607,27.55233835661263],[54.84234340109585,27.55176417923602],[54.84248323368353,27.55147485175346],[54.84272848612441,27.55128988780096],[54.84297481736037,27.55077989759255],[54.84303898833932,27.55048409782275],[54.84316506038572,27.54919828967784],[54.84351607370884,27.54883002146597],[54.84370167249422,27.5487731073587],[54.84427187773504,27.54877448271514],[54.84444447123784,27.5485697053667],[54.84458716446118,27.54851777181932],[54.8448007504776,27.5487453161543],[54.84493546531966,27.54871750879847],[54.84501143098411,27.54826275189433],[54.84505824010914,27.54758331159844],[54.84511379129577,27.54731509625258],[54.8458356897193,27.54684793303134],[54.84617035838293,27.5468357544533],[54.846761909916,27.5466530089236],[54.84696354147902,27.54663371091159],[54.84736126582789,27.54687905429915],[54.84799356115366,27.54627595201501],[54.84802380868263,27.54601481746349],[54.84814350224543,27.54589708175784],[54.84854839750535,27.54590987451527],[54.84882529445041,27.54576562710346],[54.84909617182115,27.54563528225875],[54.84929189298751,27.54548882500822],[54.84964025367265,27.54525503720454],[54.84988501991253,27.54474309404604],[54.84981277594746,27.54457753900033],[54.84985533145081,27.54411478713213],[54.85047237603628,27.54386273146442],[54.85087306290418,27.54352510919355],[54.85125809323831,27.54356096182035],[54.85169288918281,27.54319396575028],[54.85207380201521,27.54257948218258],[54.85243615165238,27.54248791572546],[54.85318616611161,27.54208802444436],[54.85395356330326,27.54260518197894],[54.85507039931881,27.54318409656506],[54.85584752444886,27.54354557019903],[54.85701661246948,27.54391308554898],[54.8571181515138,27.54447362575912],[54.8572920912754,27.54476744501842],[54.85808897653444,27.54493985744578],[54.85928193224373,27.54490001627577],[54.8600583010108,27.54444615784615],[54.86195412917708,27.54437344682237],[54.86341083622143,27.54420661755663],[54.86581137252233,27.54421439858953],[54.86764526751038,27.54396597577719],[54.86960046656272,27.54363571127145],[54.87114023176151,27.54374703985894],[54.87260989933239,27.54409121715919],[54.87362998982083,27.5439313785608],[54.87506027827559,27.54349125646614],[54.87781408644138,27.54300912423521],[54.88135179343283,27.54253889056428],[54.88253256691861,27.54245117805052],[54.88944710568964,27.53951674835636],[54.89284203504046,27.53624817843793],[54.89780115584735,27.53317792787644],[54.89976745556549,27.5328581726632],[54.90354385087942,27.53011930913048],[54.90720858110497,27.52291795972775],[54.90862546378173,27.51795910454901],[54.90966901715228,27.51718845409984],[54.91047768073825,27.51523474730348],[54.90998242268611,27.5122681082724],[54.90901238279888,27.50997494277155],[54.90621025103375,27.50671133743235],[54.90041091496087,27.50120246194855],[54.89499059449489,27.49664195740811],[54.88937732860816,27.49298190192814],[54.88461744281508,27.49078817929223],[54.88582340151952,27.49014128958809],[54.88683500416379,27.48915290802974],[54.88776704214187,27.48855718887176],[54.88876857182582,27.48838691678249],[54.88935462453197,27.48819178718647],[54.89011485175848,27.48649695494201],[54.89138805891808,27.48625659223153],[54.89258582244369,27.48670133088713],[54.89485568107587,27.48752561524364],[54.89918794402706,27.48730195600028],[54.90135939665628,27.48685249136061],[54.90307817519709,27.48599977541102],[54.90476192763219,27.48399181079335],[54.90710583271019,27.48211668800732],[54.90951040593949,27.48142947811712],[54.91077533348038,27.48052109613896],[54.912696085374,27.48012332591159],[54.91406317648161,27.47930918287457],[54.91442708810024,27.47875820868928],[54.91430042311666,27.47775473944155],[54.91428801845916,27.47730941112697],[54.91651909911472,27.47478325758614],[54.91759378728378,27.47292603013348],[54.91842860897763,27.47165873011781],[54.9202760221974,27.47183472822612],[54.92276720221738,27.4720574057711],[54.92420441617885,27.47193046618965],[54.92533570066851,27.47148364053157],[54.92787821226906,27.47007479297505],[54.92901952061494,27.46909020127625],[54.92942802067593,27.46837291704857],[54.93008666639008,27.46762225471515],[54.93142784341701,27.46706721144985],[54.93372871428098,27.46634092524075],[54.93512807585992,27.46600928187014],[54.93596062893151,27.46596598567009],[54.93671762916516,27.46551351214383],[54.93721673255474,27.46478466838695],[54.93770148878909,27.4640442675822],[54.93836039833837,27.46327501915308],[54.94123426828877,27.4618976462428],[54.94358845561285,27.4605516180376],[54.94484343829853,27.45903067652684],[54.94550914420165,27.45789053401435],[54.94564348995193,27.45737317616406],[54.9460427372321,27.45602507116063],[54.94732958642879,27.45502391418434],[54.94965913536409,27.45385262188854],[54.95198692352857,27.45277400180382],[54.95385944182058,27.45157736487577],[54.95566888180075,27.45041687131186],[54.95862355736717,27.44803042879818],[54.96142954714779,27.44580867479237],[54.9624176645689,27.44521104995577],[54.96437582200249,27.44499855814742],[54.96599564044948,27.44509641555334],[54.96840385644398,27.44414851634685],[54.97190298256642,27.44266002115543],[54.97663909105979,27.44059586723945],[54.97681280339505,27.44019033141446],[54.97719435048095,27.43978781397978],[54.97773659632168,27.43855296342799],[54.97817728066827,27.43718679809109],[54.97852603326325,27.43630154844822],[54.97894185953964,27.4351575973314],[54.97936747376927,27.43347588994666],[54.97935614928878,27.43295637678751],[54.9788431790827,27.43144653591722],[54.97823138269906,27.42965703801906],[54.97748157163934,27.42745747457304],[54.97719453266117,27.42609929254319],[54.97690141494429,27.42507488893905],[54.9767718409669,27.42420124427687],[54.97673012397382,27.42306920165965],[54.97677118984542,27.42195690775315],[54.97677829002876,27.42156749955822],[54.97657927947587,27.4210823584753],[54.97651238871862,27.420191075534],[54.97649668031857,27.41991262475722],[54.97625340926968,27.41957522588897],[54.97588343242677,27.41934727444519],[54.97558613667729,27.41889442530788],[54.97532020644832,27.41831894465344],[54.97510414892471,27.41762952425582],[54.97480362449382,27.41701306835093],[54.97446628131549,27.41613640326473],[54.97428806893597,27.41565156130693],[54.9741933113139,27.41514938353486],[54.974327120863,27.41465052830951],[54.97452022006611,27.41431946771503],[54.97483480259959,27.41302566688111],[54.97533164715288,27.4119941868688],[54.97547728208238,27.41084631499044],[54.97572781603725,27.40964432196899],[54.97586296322544,27.40907129099921],[54.97595267678344,27.40757019040365],[54.97609221264492,27.40675609565685],[54.97606620516749,27.40590250165361],[54.97614070273048,27.40523584858075],[54.97593834004188,27.40493613928734],[54.97565050413336,27.40476502616022],[54.97538953201218,27.40426043561028],[54.97527636441814,27.4036281535907],[54.97551876782578,27.40287119817732],[54.97573160376125,27.40259606499984],[54.97586944257383,27.40187468634819],[54.97613092410171,27.40121074739032],[54.97679660751021,27.40003332294658],[54.97686805436295,27.39953355757552],[54.97718813659439,27.39907449653551],[54.97719792961603,27.39853673988495],[54.97712090427976,27.39820175463427],[54.97647161888515,27.39733911659062],[54.97571677622066,27.39656768357484],[54.97438192786615,27.39569508294668],[54.97388670330094,27.39550240601656],[54.9710754735146,27.39365974856443],[54.96953726747944,27.39243433928887],[54.96873892452932,27.39177352718137],[54.96760582796497,27.39123767075784],[54.96407103961887,27.38909017270908],[54.96302750684981,27.387071736382],[54.96238179336243,27.3860236085007],[54.96183383714765,27.38531077262079],[54.96139281332342,27.38443256536393],[54.96094941511623,27.38368415872345],[54.96061260792087,27.38278892338619],[54.96058671195978,27.38193533101177],[54.96072223304606,27.38134377162574],[54.96077670403326,27.38063973788294],[54.96070381898236,27.38008222768417],[54.96052911648081,27.37941194057177],[54.96046303791494,27.37848356699045],[54.96098471424742,27.37836135574301],[54.96165553256991,27.37803729171904],[54.9623420214846,27.37799167599848],[54.96288174838575,27.37801810641314],[54.96394043058918,27.37807065742906],[54.96472772388786,27.37819343450621],[54.96564100610147,27.37824385164828],[54.96677871212334,27.37852011179555],[54.96727554398399,27.37862009298579],[54.96795017312566,27.37922346418125],[54.9692529578703,27.38100119129694],[54.96996191308241,27.38170111621227],[54.97087603205688,27.38284585744672],[54.97129906153691,27.38357539038272],[54.97175200547728,27.38380455525125],[54.97299568068702,27.38397101925764],[54.97407013348948,27.38430194895567],[54.97498077154761,27.38450065436323],[54.97670697065838,27.38441441483301],[54.97870254567867,27.38436915303274],[54.98079255316061,27.38484458189309],[54.98197360199775,27.38502860820538],[54.98306987859068,27.38530414110139],[54.98394101682623,27.38539092814471],[54.98570709668726,27.38539789453539],[54.98716459868138,27.38523345113534],[54.98793724530834,27.38502201880041],[54.98862847299502,27.38471666676026],[54.98969663581222,27.38424980903473],[54.99118997275993,27.38325116397899],[54.99268060487763,27.3824008493214],[54.99364787786276,27.38176557217327],[54.99553716641473,27.3806983782485],[54.996272233174,27.38026377684037],[54.99707562593274,27.37949628166132],[54.99739923819438,27.37883318547026],[54.99797912615295,27.37778424887555],[54.99834093438449,27.37730718237807],[54.99881093677803,27.37659053686686],[54.99919918141838,27.37579852348511],[54.99937770069234,27.37511479251405],[54.99951067211175,27.37465298858882],[55.00009151671463,27.37354840933248],[55.00039098566064,27.37307044284402],[55.00072932849094,27.37274141926011],[55.00094637509494,27.37222517336669],[55.00097814654174,27.37161352995505],[55.00111077196861,27.37117026708289],[55.00112177050555,27.37055832665007],[55.00124562006199,27.36944719375199],[55.00129615855035,27.36894711002066],[55.00148153111839,27.36865266519478],[55.00208644086168,27.36890278200891],[55.00254039699853,27.36907621685857],[55.0040780898367,27.36906112264943],[55.00491723177364,27.36860941075568],[55.00506915249402,27.36812881849973],[55.00493452833631,27.36764513806479],[55.00496527594721,27.36708912311989],[55.00518096049615,27.36664704303915],[55.00606660559525,27.36591776148022],[55.00621764639551,27.36560459454953],[55.0061599893945,27.36534409207668],[55.00601659383715,27.3652307521993],[55.00616763414372,27.36491758628561],[55.00675650092923,27.36451793126095],[55.00735817822142,27.36401665041421],[55.00792441060085,27.36310637266638],[55.00855845243382,27.36250332093419],[55.00917404076434,27.36177016242153],[55.01033989981821,27.3604698431575],[55.01082422016081,27.36010577613297],[55.01224976908082,27.35938414372272],[55.01358957571655,27.35880966439493],[55.01434221796734,27.35854214582495],[55.017214643787,27.35706199660359],[55.01815451372563,27.35677856630849],[55.01923621717822,27.3567266819243],[55.02000588454666,27.35663790260088],[55.02129320411009,27.35667470577686],[55.02210647402683,27.35650074634388],[55.02368718834511,27.35639329521469],[55.02553789202506,27.35628964564888],[55.02612072755789,27.35622369373158],[55.02666366817829,27.35606443246357],[55.02703783032434,27.35605117274479],[55.02745583017749,27.3559086914004],[55.02803899105052,27.35582418796858],[55.02854301917618,27.35551598019497],[55.0292349452761,27.35515477731878],[55.02996315208524,27.35509086130801],[55.03048203250697,27.35511673244746],[55.03116870140083,27.35505222423613],[55.03204458123616,27.35486053968815],[55.03302036551264,27.35489284117097],[55.03467823493488,27.35512022821601],[55.03577634307968,27.35528407412473],[55.03668819436262,27.35540819354638],[55.03724665464748,27.35554588849448],[55.0386773975083,27.3556958394954],[55.04035834802492,27.35579364251934],[55.0413734003471,27.35595627907909],[55.04284569358464,27.35610677023569],[55.04346745180041,27.35618968147739],[55.04548136997165,27.35625499231339],[55.04650066743546,27.35617651734752],[55.04691832142803,27.35605252060638],[55.04737295648916,27.35618872224478],[55.04776463613545,27.3563611390471],[55.04824166877321,27.35640490788379],[55.04869598239226,27.35655965008868],[55.0492489403958,27.35701254920547],[55.04951341063548,27.35733157448043],[55.04975443712422,27.35745597944658],[55.04996838006332,27.3574492241073],[55.05108016631489,27.35802121488259],[55.05183986089489,27.35853263807417],[55.05261611152368,27.35928542182306],[55.05398365168354,27.35948998367494],[55.05483001408886,27.3597985619527],[55.0554978808545,27.35962237929497],[55.05597525602165,27.35964757805235],[55.05676061253665,27.35988110059359],[55.05721819160421,27.35985037238376],[55.0579761830635,27.36003522803629],[55.05866429948996,27.36031566585681],[55.05918224744773,27.36039706390378],[55.05984461567343,27.36053611441228],[55.0605699408322,27.36063893918608],[55.06108433839552,27.36092431916076],[55.06169741887928,27.36150784875733],[55.06214789853335,27.36188508117102],[55.06288980819856,27.36222925978487],[55.06336300224648,27.36249551065076],[55.06389399041031,27.36302224614619],[55.0641356927624,27.36226509488219],[55.06426644335823,27.36191447972496],[55.06423071144595,27.36158010472193],[55.06408983835136,27.36131846720909],[55.06409403282427,27.36107739009393],[55.06430786179315,27.36072792711856],[55.06435456283534,27.36043179237137],[55.06427793658985,27.36005975262602],[55.06430257697664,27.35983750746725],[55.06486218650611,27.3599360120722],[55.06515381249353,27.35986785943418],[55.06550399531994,27.3600396534298],[55.06619598496103,27.36086539266619],[55.06631354441069,27.36099710052705],[55.06698732490567,27.3619521900731],[55.06759447019681,27.36243215531709],[55.06855040126859,27.3628641770706],[55.06936398328542,27.36267139520932],[55.07007081630128,27.36264407342099],[55.07153586323539,27.36322079211995],[55.07248648292266,27.36351215739024],[55.07385540773462,27.36364235067095],[55.0744171749995,27.36359445539124],[55.07493900409256,27.36345326326574],[55.07539980469659,27.36323703088446],[55.07579348108444,27.36329810622069],[55.07626831653898,27.36347159212774],[55.076932331025,27.36351784140363],[55.07730330014383,27.36354981668114],[55.07769635477685,27.36378805175926],[55.07821662868967,27.36376465393748],[55.07886399161777,27.3635444443873],[55.07944620655182,27.36351535930173],[55.08025273896674,27.36373049414943],[55.0805444869861,27.36367886034008],[55.08077520321,27.36355219031535],[55.08176899396347,27.36375134190094],[55.08216459480204,27.36370113195015],[55.08302769453498,27.36425091068433],[55.08338239442099,27.36416303701218],[55.08368116994819,27.36370341494999],[55.08392945912718,27.36376247096283],[55.08419660388073,27.36393307937824],[55.08493317612863,27.36459240288849],[55.08539396411805,27.36437613702009],[55.08631369943917,27.36447141962686],[55.08676706884373,27.36426512455212],[55.0874128757878,27.36416268190567],[55.08786951449159,27.36418748785768],[55.08815903037214,27.36426565065653],[55.08854730301597,27.36464194892636],[55.08864096206846,27.36523680069524],[55.08888286041047,27.36590200960107],[55.08946129169286,27.36586015020255],[55.09013201692974,27.36551690001307],[55.09055093932795,27.36531859284677],[55.09088932253101,27.36497079043109],[55.09131078682308,27.36462412378945],[55.09173161219618,27.36431454529827],[55.09234032764277,27.3639518854041],[55.09242976957006,27.36358212718597],[55.09276973100844,27.36314159676924],[55.09325953321139,27.36244342491797],[55.09376565121563,27.36200516163028],[55.09443602314371,27.36168043271519],[55.09494403862023,27.36113089522308],[55.09521690941322,27.36096767804793],[55.09553385976614,27.36065666863134],[55.09580736347084,27.3604563605798],[55.09604154726108,27.36012567270912],[55.09610766546647,27.35990398493768],[55.09648596792459,27.35964945828633],[55.09690993199644,27.35915441364009],[55.09691564140378,27.35882060819959],[55.0969663784116,27.35828337644818],[55.09717914608437,27.3575684357968],[55.09748419316377,27.3571589409305],[55.09807398196075,27.35668470150402],[55.09845955705047,27.35600363833654],[55.09863521726569,27.35544955789754],[55.09893454022261,27.35495280879038],[55.09954159669239,27.35468283851719],[55.10018603390669,27.35444263365269],[55.10048380530493,27.35425048302363],[55.10073841359603,27.35393861247132],[55.10105216455139,27.35381303759312],[55.10186120654195,27.35387968711427],[55.10274140907325,27.35342792492182],[55.10347866831732,27.35293862718879],[55.10360810304511,27.35254934224048],[55.10417612550352,27.35213042702717],[55.10510983855208,27.35097450683191],[55.10555828595233,27.35025717569951],[55.10603159828102,27.34929904159659],[55.10677709292701,27.34821475165422],[55.10729665029402,27.34697900089812],[55.10808869369895,27.34559854734897],[55.10838983672969,27.34499050385531],[55.1088810321133,27.34419954249853],[55.1092498207659,27.3432770773277],[55.10925706388758,27.3428505438146],[55.10924290864703,27.34246081846727],[55.10902202996654,27.34201264686347],[55.1088854805629,27.34149142060139],[55.10945311067475,27.3410910244751],[55.11064751160075,27.34047651584424],[55.11240794030528,27.33955431251198],[55.11314450811881,27.33898924059953],[55.11376180880939,27.3381072162286],[55.11379545201099,27.3373471517206],[55.11372212328892,27.33677113540521],[55.11354559456782,27.3361566261159],[55.11331368090525,27.33513328574954],[55.11332655835507,27.33437294008238],[55.1136691708986,27.33376544322275],[55.11534232768414,27.33308315874207],[55.11711709701962,27.33253206768954],[55.11789261676743,27.33211588691788],[55.11908969444137,27.33133439286982],[55.11953483818704,27.33080245692425],[55.11946116927378,27.33024498679458],[55.11901655320805,27.32951557807714],[55.11866762378492,27.32926973849009],[55.11806200445647,27.32946562206025],[55.1174299773219,27.32999503435246],[55.11705260681741,27.33040200089792],[55.11607086096111,27.33053318896873],[55.1152368161674,27.33072597909453],[55.11392235126785,27.33107922111715],[55.11194214187477,27.33149765038452],[55.11065156939387,27.33166569090709],[55.10956864327532,27.3318365311029],[55.10862918050888,27.33212060020491],[55.10801409609274,27.33212433298633],[55.10698905725181,27.33207983167548],[55.10619935614677,27.33210622587409],[55.10516015902262,27.33214777900517],[55.10552136366864,27.33167039998082],[55.10579698312993,27.33134025218219],[55.10586400739511,27.331062923114],[55.1061795784945,27.33082606269727],[55.10657694542196,27.33066450644742],[55.10688904758909,27.3306316379946],[55.10720492975595,27.33037623037984],[55.10754441015987,27.32995419779933],[55.10800658596387,27.32964512269665],[55.10903254841701,27.3291581856968],[55.10984928593415,27.32876115689984],[55.11102624250603,27.32794236186909],[55.11213711998447,27.32734525424633],[55.11311931820238,27.3269875402297],[55.11377305257653,27.32640279186465],[55.11483013668462,27.32652835745965],[55.11565913228923,27.32663228870405],[55.11723971271165,27.32650520571779],[55.11790729674095,27.32632870826582],[55.11872492317561,27.32587598952074],[55.11962841536113,27.32525747743557],[55.12076530353645,27.32434531054607],[55.12122929666688,27.32392491685328],[55.12209841977538,27.32287929119729],[55.12256427639392,27.32234762148077],[55.12307165498618,27.32181650835856],[55.12389734488807,27.32088158270233],[55.12501507600835,27.31968282781106],[55.12548171458284,27.31928905456989],[55.12622213226859,27.31848281516259],[55.12677224647874,27.31787806218555],[55.1272355670242,27.3174947363606],[55.13389256180509,27.31339237931046],[55.13716071391046,27.31137625209371],[55.13812720285091,27.31070280187383],[55.14028511486485,27.30956291886039],[55.14368363051866,27.30749345975966],[55.14479537232897,27.30682189066609],[55.14607102782133,27.30628233231388],[55.14671923178656,27.30601268568437],[55.14795550475882,27.30534274132345],[55.14891972350196,27.30479902815413],[55.15036480400781,27.30405762827494],[55.15118183386743,27.30362324782099],[55.15222875557255,27.30309915500091],[55.15400748931139,27.30226937781919],[55.1552412258628,27.30174772737032],[55.15620599292127,27.30116687014373],[55.15710479402256,27.30080773095036],[55.15815288849937,27.30020940803922],[55.16083183913604,27.29892765794814],[55.16355377557815,27.29755366954782],[55.16573133912715,27.2964507301047],[55.1662884697655,27.29635577229062],[55.16698054179641,27.29624451870159],[55.167504696336,27.29593604619694],[55.16832221344523,27.29546446745743],[55.17006527919133,27.29426301483313],[55.17253516013854,27.29305249154121],[55.17544095364273,27.29158367611136],[55.17836086612459,27.2900151999033],[55.18076765622575,27.28859661448794],[55.18202430122481,27.28792661682613],[55.18327761058744,27.28746061095914],[55.18455709761817,27.28666103782929],[55.18633625054832,27.28577518444151],[55.18690032267872,27.28531622592989],[55.1881812587071,27.28466756276104],[55.18872756497694,27.28426654372659],[55.18926995649984,27.28410661939876],[55.19113566693024,27.28299922442531],[55.1917845363911,27.2826737190268],[55.19369171232422,27.28156682384697],[55.19444824900047,27.28100154691096],[55.1956175092209,27.28058999038326],[55.19620737949124,27.28005965355457],[55.19660504616651,27.2798607325004],[55.19763228623926,27.27924327879721],[55.19849107298093,27.27877204619793],[55.19955831032059,27.27824784155321],[55.20058223255711,27.27783437053311],[55.20171410930431,27.2771625806231],[55.20273801478407,27.27674909295616],[55.20377998403066,27.276502778461],[55.20438190250116,27.27651050767927],[55.20606670028286,27.27630952654443],[55.20841448926665,27.27619121854909],[55.21134284358045,27.27611739643174],[55.21233229523938,27.27655669529999],[55.21369388102979,27.2770934906843],[55.21639335303861,27.27705374014985],[55.21734872449856,27.27702881949484],[55.21814100690086,27.27681631494063],[55.21884044265596,27.27648772835188],[55.21962828698518,27.27598195277848],[55.22162912360226,27.27548800429798],[55.22400531775067,27.27488749332246],[55.22632619348227,27.27434723877802],[55.228966074612,27.27363333494434],[55.23037451595246,27.27383666105919],[55.23352292005929,27.27428455730136],[55.23511759590991,27.27452728771525],[55.23601097494726,27.27448290637241],[55.23781790186123,27.27443148091496],[55.23976982690709,27.27440040682202],[55.24107832118051,27.27436121593203],[55.24403941134915,27.27484362233001],[55.245758369716,27.2751063430495],[55.24663274362526,27.2749503549637],[55.24846930747844,27.27378686185725],[55.24904033098486,27.27366344869316],[55.25020323790243,27.27364089921771],[55.25097062238565,27.27368759717505],[55.25165324161117,27.27384453225935],[55.25351779064891,27.27409042711912],[55.25463558960418,27.2744348177078],[55.25632756994504,27.27496024004383],[55.25715231599014,27.27532297337248],[55.25777210828424,27.27551619712044],[55.25930517973497,27.27572078566181],[55.26027610344421,27.27602966936223],[55.26172327674717,27.27641866617313],[55.26211303120558,27.27672031433036],[55.26233702406838,27.27700135040782],[55.26333592208485,27.27740917629668],[55.26361268542424,27.27774065370891],[55.26450090046211,27.2780299316335],[55.26524785637857,27.2780577478431],[55.26599798168289,27.27788154664971],[55.26643185817736,27.27801677653915],[55.2672324528012,27.2786017561556],[55.26832307787638,27.27922742281113],[55.26886948646516,27.27945886206903],[55.26955815433376,27.27991052021848],[55.27011658745162,27.28004727967711],[55.27085666680198,27.28052018907102],[55.27151544663084,27.28088078816295],[55.27177811566101,27.28134779233944],[55.27247267830352,27.2820798351628],[55.27335435753955,27.28279563565226],[55.2738470956405,27.28315417444177],[55.27502312845076,27.28363244239943],[55.27644454707936,27.28435487998998],[55.27733227967816,27.28468117391079],[55.27799396587159,27.28485627644125],[55.27857033398725,27.28517872790333],[55.27922945238444,27.28552074627206],[55.27980175928525,27.2861936089088],[55.279837341882,27.28649284312983],[55.28006168459208,27.28675530690393],[55.28067815772663,27.28717099596812],[55.28125083346215,27.28773454619931],[55.28143109422574,27.28816341928339],[55.28154194150705,27.28905519869587],[55.28182677497211,27.2907838809852],[55.28235681322048,27.29142110537954],[55.28307483476055,27.29198643396093],[55.28397970169264,27.29255405276534],[55.28512856455549,27.29345856586088],[55.28533188876669,27.29373931418719],[55.28542058587216,27.2947235713575],[55.28554681484734,27.29596799263697],[55.28565285483365,27.29717506668597],[55.28588089696623,27.29855058893288],[55.28630405453756,27.29939054237837],[55.28689245364999,27.30028817060973],[55.28748257073217,27.301074516345],[55.28784887367208,27.30156131204301],[55.28866567353035,27.30246173069101],[55.28940683379335,27.30287891085464],[55.28981865597475,27.30310655379339],[55.29060362259889,27.30337586018611],[55.29151401595407,27.30359104502051],[55.29220000839057,27.30354377644267],[55.29265364613589,27.30375337270366],[55.29311040777544,27.30375895022392],[55.29344515164929,27.30359608463868],[55.29375771364902,27.30352569814058],[55.29423466893775,27.303568619833],[55.2946058307398,27.30374010287089],[55.29503899576396,27.30393089062427],[55.29566327055208,27.30384575145239],[55.29677129906987,27.3033583963735],[55.29721069509523,27.3031411445536],[55.29789725064575,27.30305675421407],[55.29920156767,27.30331378565384],[55.30250073212667,27.30348374233446],[55.30505473301792,27.30349618337041],[55.30843645464716,27.30233136701381],[55.30904248230721,27.30207899256801],[55.30962409232202,27.30206747668563],[55.31135068679789,27.30186573904728],[55.31303407043047,27.30177476077787],[55.31390484612145,27.30163939164342],[55.31521769475535,27.30155993915216],[55.31665221207368,27.30144736673253],[55.31787267858744,27.3017588672806],[55.31940485911149,27.30205555375331],[55.32133180433743,27.30233841424853],[55.32232726165294,27.30242456669361],[55.32405078234762,27.30242669092216],[55.32508860211281,27.30245768016676],[55.32571508115892,27.3022240274488],[55.32657605818852,27.30158506738525],[55.32699685834874,27.30121909215046],[55.32747910632072,27.30090950348123],[55.32783622494047,27.30063551646984],[55.32823264257093,27.30051040408931],[55.32941855620777,27.30035762511785],[55.33160463201371,27.29997561961287],[55.33095131080098,27.30061709123255],[55.32990045394232,27.30145786850544],[55.32863473742074,27.30277838277781],[55.32834815322344,27.30388799033027],[55.32812496345412,27.30492415327086],[55.32787210815148,27.30655357833817],[55.3272087118241,27.30786273061556],[55.32536156693206,27.31470431039916],[55.32504021769396,27.3167410175457],[55.32474798081039,27.31822155581924],[55.32471411573348,27.31909302453035],[55.32397200132093,27.32010440333017],[55.32346303441216,27.32080321599593],[55.32310221037832,27.32131830018992],[55.3228059130527,27.32168575376195],[55.32253261117535,27.32190507931866],[55.322128014137,27.3225680389353],[55.32181289876029,27.32280541095173],[55.32152050294033,27.32291320093605],[55.32116608817403,27.32300169535996],[55.32005627737948,27.3236005212336],[55.31984190856479,27.32404315536133],[55.31970556892393,27.32482063590545],[55.31955943746259,27.32624726443967],[55.31965907433201,27.32652671964833],[55.31992316580951,27.32691945581192],[55.32033709786307,27.32701718566963],[55.32195632725745,27.32707374528205],[55.32413625643703,27.32713701389994],[55.32608525073825,27.32736443551538],[55.3277401797632,27.32781091714478],[55.3287992833078,27.32782359055892],[55.32946520980094,27.32773880256327],[55.33088373795746,27.32732909642941],[55.33267633264072,27.32690528921177],[55.33457385690407,27.32640850668789],[55.33687932709642,27.32582253649911],[55.33815732209805,27.32567205507296],[55.33909623444593,27.32538641158399],[55.34024363516228,27.32504758588657],[55.34193288417163,27.32458532858629],[55.3439278996898,27.32401269312494],[55.34427000680086,27.32385247000832],[55.34525400189366,27.32332615924933],[55.34609070036161,27.32292795314722],[55.34759190405492,27.32253760124157],[55.34842309176795,27.32251032743835],[55.34868025246793,27.32197539860516],[55.34947783567333,27.32144182052511],[55.34995850165549,27.32121137260032],[55.3504779199041,27.32119895487437],[55.35075555876243,27.32068281398308],[55.3510481983711,27.3205564132677],[55.35162908661199,27.32060036859463],[55.3522752898506,27.32044103449052],[55.35281656572832,27.3203546631196],[55.35329695605974,27.32014070701155],[55.35415241138155,27.31990663725467],[55.35458848760623,27.31991177304762],[55.35507974498157,27.32039987524447],[55.35554777750776,27.32105465778048],[55.35595187667982,27.32181999090049],[55.35607319014298,27.32204402669319],[55.35642821227085,27.32195751581308],[55.35682595948366,27.32170041822809],[55.3576399290025,27.32143172810091],[55.35908424078041,27.32066956786624],[55.35989219419837,27.32080890945163],[55.36076162909905,27.32100461908569],[55.36125919034706,27.32106610715297],[55.36169554530172,27.32105267358079],[55.36228273209024,27.32101352789865],[55.36290187100527,27.32093695815825],[55.36363221398641,27.32070435392702],[55.36454454800253,27.32080778921821],[55.36572330528779,27.32115549369734],[55.36711054447888,27.3214499735747],[55.36883574918649,27.32135882063221],[55.37011971346288,27.32161496356848],[55.37170009927694,27.32148498342803],[55.37352859138149,27.32143207727837],[55.37458792927195,27.32142585393547],[55.37595470499517,27.32170145745151],[55.37740829595602,27.32185016234576],[55.37902269531121,27.32210809957822],[55.38082800881054,27.32222178626391],[55.38186551299819,27.32228945845195],[55.3825473017478,27.32253851297394],[55.38316491017245,27.32291667752619],[55.38396995906513,27.32325990663425],[55.38460941887522,27.3235641139305],[55.38516742747267,27.32375607295119],[55.38574271357452,27.32418939041768],[55.38589998222805,27.32480338475855],[55.38584985287487,27.32539643245933],[55.3857317791873,27.32637826169391],[55.38603739294717,27.32669602065895],[55.3863400199491,27.32740558447194],[55.38621165572292,27.32766381362513],[55.38624808729217,27.32801669985379],[55.38784808672847,27.32940793505025],[55.38796920406833,27.32965049279766],[55.38782007329782,27.32990848355065],[55.38781363307092,27.33035362953695],[55.38832478023504,27.33091605286977],[55.38861311737586,27.33108633678811],[55.38893574963911,27.33175788768459],[55.38918174931723,27.33198333494306],[55.39005133158008,27.33217886823906],[55.39073427090501,27.3323536949699],[55.39172605996759,27.33271758298804],[55.39222166556083,27.33263125329599],[55.39292714397003,27.33297256747199],[55.39319151503454,27.33336517735948],[55.39318910798121,27.33353210678408],[55.3934441501226,27.33396593579277],[55.39332539193737,27.33416440382061],[55.39326067890337,27.33433061677862],[55.39342067563837,27.33475912680624],[55.3936214090339,27.33524375770897],[55.39307794238191,27.33547866735165],[55.39284814767198,27.33556877729639],[55.39267905279149,27.3357708911183],[55.3928361053774,27.33640342743983],[55.39319924667718,27.33714963866055],[55.3935812886403,27.33802592299575],[55.39385815096399,27.33899375134494],[55.39432836359823,27.33951858143206],[55.39471683708601,27.33994971672112],[55.39498583859123,27.34027527730295],[55.39523126976472,27.34028954303495],[55.39535455131202,27.34038371393329],[55.39528743175552,27.34071685784602],[55.39546687915625,27.34123834406898],[55.39584948571522,27.34207752669436],[55.3962217446937,27.3421931074283],[55.39670105976046,27.34208730624997],[55.39684431453104,27.34223735706845],[55.39677826586055,27.34249631110039],[55.39654178236224,27.34305012182099],[55.39647226093193,27.34355019580231],[55.39658219438018,27.34457175511101],[55.39683939473876,27.34546514842649],[55.39699568078424,27.34615332337579],[55.3974033567796,27.3466959773981],[55.39800224655085,27.34694400988616],[55.39863574449059,27.34767475926096],[55.39906313799558,27.3482918380765],[55.39934833691904,27.34868467567868],[55.39959652623758,27.34876172370566],[55.3998676208072,27.34869062701031],[55.40019889655513,27.3487686266042],[55.40042258599496,27.34910510475797],[55.40062390568583,27.34955263168713],[55.40099059997824,27.35005770454516],[55.40156501638229,27.35056515456263],[55.4020574145561,27.35099745971145],[55.40234236417073,27.35140884007719],[55.40255355468965,27.35261706192691],[55.40259016076845,27.35319492543944],[55.40228618651174,27.35387546076133],[55.40244304911133,27.35452653531002],[55.40303986265796,27.35492293072992],[55.40353334977135,27.35528104149048],[55.4040263076857,27.35567624494466],[55.40460634890655,27.35579417993643],[55.40568229284066,27.35583279568495],[55.40605698848383,27.35605191138836],[55.40611266721675,27.35651631845895],[55.40598059210294,27.35703423466056],[55.40611894076235,27.35814395117271],[55.40633559414491,27.35940556583198],[55.40624558933353,27.36024170917538],[55.40583820466772,27.36135629364848],[55.405514158545,27.36212206673193],[55.40565250614722,27.36338053128281],[55.40571781476086,27.36429065594757],[55.40514906844901,27.36575089869728],[55.40451064651543,27.36658302816324],[55.40301146799837,27.36740305215741],[55.40250434327235,27.3676241251066],[55.40245799879936,27.36795750911833],[55.40261674112114,27.3684787486343],[55.40318380117116,27.36950553322459],[55.40350901796596,27.37001012572444],[55.40358865936531,27.37025219700919],[55.40368614782471,27.37069853249591],[55.40430196316031,27.37122499762812],[55.40520093276003,27.3722926701408],[55.40593477359152,27.37328424885268],[55.40557975513853,27.37485701194613],[55.40537096022119,27.37637579281367],[55.40518878692883,27.37748675957126],[55.40466596697271,27.38206283018435],[55.40434738146043,27.38254150775374],[55.40482981269608,27.38367862275746],[55.40488096910885,27.38445834054529],[55.40455705229028,27.38530797332853],[55.40421261868352,27.38613881886381],[55.40382955153633,27.38676516251747],[55.40340865344655,27.38713136154039],[55.40290330521425,27.38758934652435],[55.40239768505555,27.38806587669952],[55.40155079799485,27.38915066952993],[55.4007683660672,27.39008779065584],[55.40028377255076,27.39054600260377],[55.3999443621892,27.3910244285355],[55.39962840012085,27.39131761582855],[55.39953566618954,27.39198437931391],[55.39911179474247,27.39255458783329],[55.39871243950881,27.39286536566427],[55.39828775790357,27.39349121502255],[55.39778128982978,27.39402336891709],[55.39676833729131,27.39508767105986],[55.39619924630381,27.39563764941694],[55.39540478102599,27.39596242476006],[55.39486342517445,27.39603039784187],[55.39433990081447,27.39630263205654],[55.39327474697256,27.39666137945557],[55.39222821875242,27.39716873875968],[55.39146965391933,27.39788346822153],[55.39064175180761,27.39907971143482],[55.38911999318352,27.40082445540059],[55.38852090543514,27.40200477624247],[55.38792799596349,27.40275849944306],[55.38758095535114,27.40375622233431],[55.38719099835859,27.4048462007822],[55.38710151665151,27.40539945124742],[55.38686364830076,27.40591835133305],[55.38668823206373,27.40654704369001],[55.38831515406516,27.40615774428202],[55.38922445049827,27.40652071427106],[55.38984898837027,27.40645372505525],[55.39047083700276,27.40657220847468],[55.39083980840336,27.40692893007113],[55.39083416554185,27.40731842823712],[55.39087304197474,27.40750438409151],[55.39164118081327,27.40756889856828],[55.39286840920797,27.40750884666769],[55.39300985950771,27.40778873737713],[55.39277749629839,27.40804576847712],[55.3934444112676,27.40792359945756],[55.39431673393634,27.40797074943106],[55.39459803541384,27.40864181283191],[55.39486043377662,27.40918280369849],[55.39568209153408,27.40986008504595],[55.39664924089907,27.41053903476533],[55.39712537348847,27.41067436482267],[55.39781227999096,27.41060805786634],[55.3981629141566,27.41079759342512],[55.3981844129725,27.41218914207293],[55.39815640524252,27.41268968873138],[55.39835166307896,27.41356381443307],[55.39811180565061,27.41434018675793],[55.39734512085886,27.41561137156092],[55.39696083439024,27.4163118784772],[55.3964742307536,27.41689990281446],[55.39611152153285,27.41754500335537],[55.39614397849192,27.41817609932127],[55.39605441006576,27.41862028459509],[55.39637864294333,27.41890620538679],[55.39648230855181,27.41921882844122],[55.39672716845562,27.41953700675421],[55.39784578811715,27.41980957783648],[55.39865531898392,27.41989308341225],[55.39896949607437,27.41972973642575],[55.39978303887436,27.41953502085254],[55.40032744853953,27.41926300971752],[55.40313950356097,27.41886858652973],[55.40548472337851,27.41873093620591],[55.40656868613119,27.41892638004609],[55.40742271580142,27.41880628445406],[55.40815024225684,27.41855380210191],[55.4086375269702,27.41817088304744],[55.40904922850204,27.41845384426636],[55.4115585812753,27.41887202685885],[55.41559967067909,27.41975280304056],[55.41843450640144,27.42067543391343],[55.42259674588683,27.42181709559051],[55.42294666987441,27.4220622152806],[55.42379465336381,27.42236861978857],[55.42460317731371,27.42252616734564],[55.4252409455337,27.42299714452254],[55.42581873067621,27.42330048406514],[55.42653597064461,27.42403206463688],[55.42688117820703,27.42461103589563],[55.42718849640875,27.42492986790561],[55.42745214239792,27.4253966131608],[55.42755107877656,27.42575019507161],[55.42789918598679,27.42612513796905],[55.42890982927155,27.42669305917611],[55.42969550693598,27.42699872698887],[55.43050171267156,27.42732317237855],[55.43095403052077,27.42768073071638],[55.43132530197182,27.42788897012869],[55.43261389058915,27.42938753423418],[55.43259022251819,27.4295913270296],[55.43226793624217,27.43032973433809],[55.432323483712,27.4308126804501],[55.43208722439546,27.43134799630496],[55.43286744240839,27.43204315292973],[55.43389711858131,27.43274110911991],[55.4346023210754,27.43286033835604],[55.43542989626776,27.43314789473954],[55.43685639447565,27.43372042927289],[55.43822028381993,27.43431079916378],[55.43867317730335,27.4346312385399],[55.4394438923016,27.43452856756264],[55.43972944294227,27.43492133293968],[55.44029585664927,27.43604072557513],[55.44022566743166,27.43659646497422],[55.44059464001737,27.43697161128314],[55.44115018915232,27.43738594701483],[55.44154099859671,27.43768713259995],[55.44205732243462,27.43793406802337],[55.44272307485708,27.43790440907129],[55.44342623916353,27.43817197853989],[55.44435339845852,27.43877596111941],[55.44469796200754,27.43941053699379],[55.44481671223054,27.43983853250879],[55.44486986653319,27.44012362977264],[55.4438154888783,27.44248466467255],[55.44221773697559,27.446062241928],[55.43903539515533,27.44779876080941],[55.42332992405069,27.45636690649321],[55.42265568484483,27.45713802939371],[55.42157802706356,27.45811033138632],[55.41989989445779,27.45920163688587],[55.41863085218495,27.45978175466307],[55.41775601036717,27.46008274137593],[55.41597954192742,27.46047817796424],[55.41406083908187,27.4606100347732],[55.4116328424611,27.46035265386886],[55.40941737202112,27.45967080138773],[55.40740628074141,27.45859106335722],[55.40199547198719,27.45729144028319],[55.3923658658915,27.44966172726687],[55.39606085014221,27.44985385392442],[55.40691483394149,27.45064143443101],[55.40548293540369,27.44433264132278],[55.39604609422972,27.43459222476264],[55.38205266138983,27.43455669288494],[55.34981283609809,27.44026240121727],[55.34646276608994,27.453320122906],[55.35343279112536,27.45587477139886],[55.3660630725021,27.46050284129737],[55.38014491649906,27.46260884878238],[55.38254999817253,27.46421928884604],[55.38566049421149,27.46630194501054],[55.39275139547737,27.46841959073476],[55.40530845610996,27.46603562040758],[55.40521554131262,27.46648577118025],[55.40664575094729,27.46694927581659],[55.41483658697211,27.46960342129555],[55.39945246593352,27.48735080391093],[55.41133679044493,27.49348859418906],[55.41393364797938,27.49482954889934],[55.41562718773998,27.49544585444654],[55.41791732956685,27.49627922938911],[55.42433822983554,27.49862709361747],[55.42391411683909,27.49865377780525],[55.42383857189662,27.49899928653945],[55.42411877347717,27.49915989961618],[55.42446375707003,27.49973058722302],[55.42693127493688,27.50242479434971],[55.43092815878299,27.50428641500903],[55.43154573011697,27.50481463033243],[55.43191015880987,27.50552727912345],[55.43237568437363,27.50618239803853],[55.43279411803536,27.50685729268703],[55.43313291056099,27.50757190712659],[55.43333506659565,27.50830754531246],[55.43324664345887,27.50907827205936],[55.43314486996236,27.50985336080043],[55.43306305486494,27.51062641716437],[55.43299581881816,27.51139738129811],[55.4331296772183,27.51222025491805],[55.43242354375884,27.51237927832319],[55.43150964896237,27.51224261040892],[55.43067558578825,27.51158558702583],[55.43044126177081,27.51146786146717],[55.43080189048332,27.51209246756269],[55.43135796676835,27.51289979620939],[55.43188374062345,27.51356913481278],[55.4324267995808,27.51417999830765],[55.4329911857237,27.51478207327125],[55.43355469200352,27.51537962403845],[55.43409400607504,27.51598818183142],[55.43458657220998,27.51661426426101],[55.43495311618485,27.51729308249279],[55.43501117694817,27.5180857662882],[55.43498554154635,27.5188684816132],[55.43495130177902,27.5196556130184],[55.43487821696041,27.52043779409108],[55.43473620668868,27.52119437794339],[55.43439551789611,27.52188328568123],[55.43373974730401,27.52245807637409],[55.43373954841701,27.52314179184024],[55.4339387280263,27.52386611294093],[55.43346469641424,27.52451966914105],[55.4328609071822,27.52510857832657],[55.4319739182582,27.52518658124984],[55.43118403868624,27.52546650125236],[55.43079776567288,27.52613231953161],[55.43060620432531,27.52692218580021],[55.4304660488629,27.52770134895182],[55.43048324244457,27.5284732626771],[55.43073957182796,27.52920500318442],[55.43111257656398,27.52992000710876],[55.431482106421,27.530634970942],[55.43172743758571,27.5313620723101],[55.43152653023439,27.53220824561402],[55.4314345980583,27.53291123359201],[55.43223248774685,27.53309624070584],[55.43320025425203,27.53315002587338],[55.43304647595136,27.53370790126797],[55.43299178029135,27.53446320884318],[55.43312151603373,27.53642556124909],[55.43251759763125,27.53755376561296],[55.43094097319262,27.53814748428078],[55.42887952736491,27.53838820534209],[55.42701021433643,27.53889056707257],[55.42494878136016,27.53912897319078],[55.42131938463326,27.53934954753595],[55.419549329887,27.53976718747465],[55.41777021757659,27.54079395099398],[55.41686466383656,27.54244440560965],[55.41693644463746,27.54427973892577],[55.41710848368822,27.54594246601585],[55.41717651561952,27.54803950673845],[55.41755601814013,27.54891708581793],[55.41821194435957,27.55102081993001],[55.41857895447784,27.55277151003307],[55.41855516183129,27.55443200392128],[55.41824368331223,27.55565146756259],[55.41793938437264,27.55634750939899],[55.41732816621674,27.55818634294561],[55.41445496173911,27.56180792398999],[55.41394542884636,27.56422034045801],[55.41315439068144,27.56520824699611],[55.41123961255568,27.56525746839878],[55.40739152725644,27.56396398168226],[55.40447997341541,27.56358798537714],[55.40055369437647,27.56301888172474],[55.39959205891943,27.56228233797398],[55.39885183739121,27.56187077060883],[55.39793421863283,27.56172702081493],[55.39468467533693,27.56012431761458],[55.39401310244407,27.56030352389007],[55.39382021523516,27.56112751877579],[55.39416551888407,27.56226001341208],[55.39541311126165,27.56354399685763],[55.39382489617283,27.56765996891199],[55.38907565421079,27.56989752002195],[55.38623584002413,27.56950336130921],[55.38445441231546,27.56916022227282],[55.38144115323797,27.56954832383697],[55.37814397098168,27.56977028797908],[55.37754343756065,27.57010739580971],[55.37691489226012,27.57132930522403],[55.37613613448056,27.57353688836821],[55.37488430134891,27.57561801939129],[55.37394151736503,27.57667502157156],[55.37307576429333,27.5771082169397],[55.37125707025321,27.5777519011225],[55.36859286230142,27.57777933814138],[55.36699433370824,27.57697637433425],[55.36580500465025,27.57482630903897],[55.36480307463513,27.57376663004812],[55.36435187157468,27.57216933723567],[55.3651790563811,27.56976088032845],[55.36611626140879,27.56755522800703],[55.36597829617564,27.56618329248073],[55.36450614413179,27.56481580494293],[55.36057679072214,27.56142430962342],[55.35746639372761,27.56188699259803],[55.35669889766194,27.56218455214136],[55.35579317612144,27.56378596268477],[55.35466945805325,27.56484069007399],[55.35248256355511,27.56545630972117],[55.34924801118813,27.56749682396606],[55.34775762302903,27.5688695582186],[55.3475580346897,27.57011657859648],[55.3474060760348,27.57120295349622],[55.34642057955119,27.57207789029851],[55.34519048731105,27.57282033027948],[55.34413640791095,27.57209097579053],[55.34300986498327,27.5718155686997],[55.34223034497832,27.57102035719485],[55.34198005284631,27.56927643200595],[55.34201355319417,27.5673904973785],[55.34060782673455,27.56463310299666],[55.33962520602651,27.56381529998405],[55.33822777123133,27.56351646735316],[55.33705583595987,27.56448392875345],[55.3369347052752,27.56529447414994],[55.33486946268822,27.56579366820509],[55.3327274750108,27.56538509394796],[55.33021123311467,27.56430699040904],[55.32801857233599,27.56276925492306],[55.32543278358496,27.56181113911484],[55.32363951202495,27.56078193754022],[55.32191923535707,27.56090222633527],[55.32156655426743,27.56145784283466],[55.3171162103155,27.56512932382302],[55.31660524441511,27.56537198778446],[55.31604250821765,27.56520395542958],[55.31544569987152,27.56477661834705],[55.31528953551434,27.56416710448122],[55.31432171882027,27.56387324286197],[55.3136593246354,27.56430853229539],[55.31333111177162,27.56507029846504],[55.31349225923724,27.56636194172264],[55.31286489278487,27.56746264599861],[55.31112282444524,27.56752207880632],[55.30964179684721,27.56677861326199],[55.30779597207818,27.56623220107228],[55.30553332245145,27.56632552283929],[55.30206738069512,27.56790656004428],[55.29776623594734,27.56913328362115],[55.29509932421474,27.56988550910829],[55.29187237629768,27.57091387023866],[55.29113547281838,27.57177130545373],[55.29066830548246,27.57273281416188],[55.28905274591538,27.57337790721214],[55.2877593091444,27.5735770832479],[55.28684713654857,27.5741567608201],[55.28496836986026,27.57427462739656],[55.28433276294783,27.57297710148883],[55.28323495686902,27.57231869715367],[55.28013597028637,27.57238110660975],[55.27646231512242,27.57304084839015],[55.27370826108801,27.57185534904322],[55.26909120406955,27.57237099541859],[55.26372048373546,27.57306885583165],[55.26002317783132,27.57442776617305],[55.25823419998055,27.57458669692025],[55.25789863942556,27.575191380947],[55.25589240128227,27.57538349254295],[55.25458680943098,27.57500436999456],[55.2536936137488,27.57428785625277],[55.24998625189155,27.57394565646092],[55.24795671397333,27.57385287209224],[55.24582746964573,27.57265723765704],[55.24458127786176,27.57139213290737],[55.24304538282492,27.56986139052054],[55.24233380985754,27.56910680266405],[55.24115455649352,27.56790296901474],[55.24010550717028,27.56704334190646],[55.23767615315181,27.5662468027995],[55.23385417970987,27.56647344583167],[55.23135779991666,27.566851613246],[55.22939741525679,27.56783417594485],[55.22652614550466,27.57061865290926],[55.22592821404316,27.57264624605219],[55.22519492978676,27.57465195478008],[55.2243080322603,27.57763143563243],[55.22313392299912,27.58125363123914],[55.2227679171921,27.58251648451217],[55.22091451205777,27.58626445977763],[55.22014524733962,27.58768530028046],[55.2191189492247,27.58821620667624],[55.21818504191565,27.58862738650616],[55.21475360596448,27.59174184585201],[55.21054940203032,27.59366757791044],[55.20612293888806,27.59506920159547],[55.20493427918161,27.59542877304795],[55.20324253936672,27.5965353144874],[55.19940525848173,27.59937751168302],[55.19827590459593,27.60011817430451],[55.19765564221178,27.60208487333975],[55.19600549914353,27.60478375143006],[55.1950449516788,27.60680646160786],[55.19272996688858,27.60728008889857],[55.1893311000026,27.60763878325582],[55.18680021298971,27.60748482830211],[55.18321508080277,27.60679311489865],[55.18144613988159,27.60707219685193],[55.18017804774019,27.60715632223287],[55.17823351161422,27.60711065277986],[55.17506693165414,27.60982964002246],[55.1740355447665,27.61064223437285],[55.1728771443024,27.61092923841165],[55.17002826766731,27.61085138798601],[55.16851739291164,27.61056949565734],[55.16735730331688,27.61095718280448],[55.16617642802696,27.61131587096432],[55.16099406470556,27.61344489026721],[55.15431984152771,27.61344424522959],[55.15146031792235,27.615698546589],[55.14942845579934,27.6189250012442],[55.14682006735264,27.62099302028442],[55.14326121764095,27.62218636999255],[55.14000940199774,27.62424338122796],[55.1391011912613,27.62636336693633],[55.13929505194557,27.62843721726959],[55.13849270567954,27.631483684067],[55.13608554278193,27.63431679625516],[55.13111754447759,27.63635049512582],[55.12615098688237,27.63828926484588],[55.12172712070218,27.63985389805324],[55.11784411147688,27.64113693013913],[55.11386676390246,27.64165595751004],[55.11213165434877,27.64277850810927],[55.11048546117127,27.64495365399977],[55.10819087350059,27.64740647105112],[55.10419350407605,27.64907110221734],[55.09988419612,27.65139689822896],[55.09747148085482,27.65351982275635],[55.09571481615305,27.65656511082522],[55.09663690306362,27.660399819844],[55.09859822574843,27.66356289718108],[55.10108765037393,27.66564794632776],[55.104743266253,27.66693892706873],[55.10870676252016,27.66727963273211],[55.11267029152858,27.66762022571089],[55.11770289031248,27.6681670159327],[55.12413490080851,27.66844378207477],[55.1252510137621,27.67218394326135],[55.12475692583056,27.67599932470357],[55.12845565342774,27.67929608114578],[55.13725443083143,27.68011418919265],[55.13778488691865,27.68086687098345],[55.13702204570471,27.68180365874666],[55.1354307882283,27.6822053928171],[55.13291695006208,27.68193517921348],[55.12838726325172,27.68330675049352],[55.12812885240044,27.68588213833059],[55.12886216112619,27.68910880902487],[55.13171086508883,27.68975032567966],[55.13312228490691,27.69017380637974],[55.13351200955292,27.69111256685376],[55.13209940317446,27.69214492496471],[55.12999739459745,27.69289217157928],[55.12914180978581,27.69394855574626],[55.13034471034292,27.69509319723955],[55.13180517046719,27.69573755767206],[55.13533261300049,27.69763281460277],[55.13522377578305,27.69971287495231],[55.13380028825215,27.70088253490649],[55.13405270453353,27.70334422223053],[55.13379070626123,27.7054362753486],[55.13365112944991,27.70698593222296],[55.1334515315195,27.7080713330325],[55.13199019445553,27.71114998517258],[55.13363755070858,27.71694816967942],[55.13469782894179,27.72010088694579],[55.1354427803121,27.72267852037191],[55.13702979533741,27.72492454514317],[55.13848109961323,27.72773729743906],[55.13831021917748,27.73081701183973],[55.13656706930826,27.73232100890956],[55.13234098215901,27.73465110196852],[55.12733882678833,27.73840550984151],[55.12462489657313,27.74018273677651],[55.12360333978379,27.74341557864555],[55.12166485986962,27.74377281899649],[55.1193847362603,27.74526928641946],[55.11805082391518,27.74792475124298],[55.11590453943125,27.75410461235036],[55.11229156286441,27.7581616222461],[55.10709124440167,27.76086112682309],[55.10480690384172,27.76200536445607],[55.1037223532666,27.76184944351504],[55.10342731866726,27.76057597598949],[55.10305457334367,27.7598656281367],[55.10201848462567,27.75952901466135],[55.10103110307033,27.76030128468238],[55.09956215204972,27.76161742869239],[55.0954482668774,27.76356656066728],[55.09349127770395,27.76273632936775],[55.09103575824852,27.76066734574869],[55.08994337517461,27.7596649337497],[55.08798100350231,27.7591945171712],[55.08595280479797,27.76009172964141],[55.08035280341167,27.76106545478883],[55.0719980240418,27.76601202701012],[55.06758679504518,27.76652348844345],[55.06621957013494,27.76656867279613],[55.0647452429989,27.76539953027536],[55.06339540691445,27.76487689219006],[55.06160426692063,27.76481527306601],[55.05610763417594,27.76597896352407],[55.05376800221934,27.76470515010098],[55.0501318267369,27.7638890629516],[55.04422131186809,27.76418909996538],[55.04035696047859,27.7641343649434],[55.03808702811671,27.76496175438826],[55.03037378851485,27.76399246024416],[55.02695962062853,27.76279764613705],[55.01972796749001,27.76488944413115],[55.01347804257909,27.76613763854408],[55.00924300807694,27.76875020876667],[55.00620412511319,27.77052257688283]]]},"properties":{"Name":"منطقه حفاظت شده هرمود","description":"<html xmlns:fo=\"http://www.w3.org/1999/XSL/Format\" xmlns:msxsl=\"urn:schemas-microsoft-com:xslt\">\n\n<head>\n\n<META http-equiv=\"Content-Type\" content=\"text/html\">\n\n<meta http-equiv=\"content-type\" content=\"text/html; charset=UTF-8\">\n\n</head>\n\n<body style=\"margin:0px 0px 0px 0px;overflow:auto;background:#FFFFFF;\">\n\n<table style=\"font-family:Arial,Verdana,Times;font-size:12px;text-align:left;width:100%;border-collapse:collapse;padding:3px 3px 3px 3px\">\n\n<tr style=\"text-align:center;font-weight:bold;background:#9CBCE2\">\n\n<td>منطقه حفاظت شده هرمود</td>\n\n</tr>\n\n<tr>\n\n<td>\n\n<table style=\"font-family:Arial,Verdana,Times;font-size:12px;text-align:left;width:100%;border-spacing:0px; padding:3px 3px 3px 3px\">\n\n<tr>\n\n<td>FID</td>\n\n<td>2</td>\n\n</tr>\n\n<tr bgcolor=\"#D4E4F3\">\n\n<td>OBJECTID_1</td>\n\n<td>3</td>\n\n</tr>\n\n<tr>\n\n<td>cod</td>\n\n<td>10</td>\n\n</tr>\n\n<tr bgcolor=\"#D4E4F3\">\n\n<td>tafkik_id</td>\n\n<td>3</td>\n\n</tr>\n\n<tr>\n\n<td>tafkik_nam</td>\n\n<td>منطقه حفاظت شده</td>\n\n</tr>\n\n<tr bgcolor=\"#D4E4F3\">\n\n<td>shahrestan</td>\n\n<td>لارستان</td>\n\n</tr>\n\n<tr>\n\n<td>NAME1</td>\n\n<td>منطقه حفاظت شده هرمود</td>\n\n</tr>\n\n<tr bgcolor=\"#D4E4F3\">\n\n<td>sal_mosava</td>\n\n<td>1353.1396</td>\n\n</tr>\n\n<tr>\n\n<td>AREA_ha</td>\n\n<td>206555</td>\n\n</tr>\n\n<tr bgcolor=\"#D4E4F3\">\n\n<td>F_AREA</td>\n\n<td>2065547346.49</td>\n\n</tr>\n\n<tr>\n\n<td>Shape_Leng</td>\n\n<td>286470.457325</td>\n\n</tr>\n\n</table>\n\n</td>\n\n</tr>\n\n</table>\n\n</body>\n\n</html>\n\n","timestamp":null,"begin":null,"end":null,"altitudeMode":"clampToGround","tessellate":-1,"extrude":0,"visibility":-1,"drawOrder":null,"icon":null,"snippet":""}},
{"type":"Feature","geometry":{"type":"Polygon","coordinates":[[[51.95192043714655,30.4652627021122],[51.95196024396681,30.46530200791642],[51.95187218718551,30.46566100783819],[51.95176349308558,30.46594359416924],[51.95159811050155,30.46630659688552],[51.95144097855425,30.46656530497791],[51.95137449708839,30.46698860281403],[51.9513623689123,30.46731396257724],[51.95135003116536,30.46733077465102],[51.95127763917216,30.4675060453664],[51.95127287509505,30.46751971440447],[51.95117947172286,30.46764606657407],[51.950975486805,30.46778286821289],[51.95083429021005,30.46785183804067],[51.95077133268494,30.46790381221978],[51.95057124689782,30.4681386605928],[51.95044644184265,30.46820788231197],[51.9499682016539,30.46837509871481],[51.94967400283085,30.4684705326761],[51.94931359104438,30.46862251544665],[51.94902367660836,30.46879371208597],[51.94884097219171,30.4690040006443],[51.94884032149936,30.46900876610192],[51.94874749846512,30.46911485941416],[51.94871157719221,30.46925321959208],[51.94868028661794,30.4694585742911],[51.94868027736248,30.46945901650298],[51.94853094660803,30.46988528139989],[51.94829353209964,30.47026362556133],[51.94812830995587,30.47056330134417],[51.94797364207203,30.47078948256278],[51.947929690843,30.47100185180227],[51.94798748988737,30.47136321599067],[51.94790644452851,30.47203949380757],[51.94795117439175,30.47242266132188],[51.94802408940625,30.47264879530973],[51.94804732626056,30.4727682472128],[51.94807878530242,30.47281842569841],[51.94819282599427,30.47317209897761],[51.94845053896111,30.47389886086695],[51.9484657610667,30.47432735940467],[51.9483697414146,30.47463095805995],[51.94825619304014,30.47488644886222],[51.94826084848312,30.47490868193744],[51.94816930441723,30.47524907670147],[51.94816842184587,30.47526152631939],[51.94795354133667,30.47566018171363],[51.94782704166492,30.47603526521365],[51.94782646751219,30.47604213344927],[51.94776500453784,30.47627501081633],[51.94773576826201,30.47658905089126],[51.94769156882477,30.47674575215706],[51.94762323274657,30.47694800000059],[51.94760468185647,30.47696070071349],[51.94742369980587,30.47706356171529],[51.94724472566261,30.4771411091192],[51.94674513481441,30.47723335796516],[51.94669462481111,30.47723872087036],[51.94624713395434,30.47724591537826],[51.94600391666663,30.47726665871439],[51.94579571679032,30.47737836019085],[51.9454610645187,30.47747723920721],[51.94543778673749,30.4774844497893],[51.94509061271553,30.47755218521067],[51.9446917080019,30.47768247167394],[51.94466077918353,30.47769658355977],[51.94427979964728,30.47775943915472],[51.943976547346,30.47777455243394],[51.94370469483416,30.4778283681467],[51.94346488778865,30.4779261830412],[51.94332312587883,30.47811664394011],[51.94332001312496,30.47814658518956],[51.94327977151726,30.4781750832752],[51.94303573424409,30.47859417832329],[51.94285864424333,30.47879848426321],[51.94238977192704,30.47902692847644],[51.94216276274239,30.479116243278],[51.94213214084448,30.47917572448382],[51.94188580456185,30.47940105570718],[51.94158630739535,30.47980926945927],[51.94109247943848,30.48005195306828],[51.94069611694366,30.48034130438907],[51.94079512494428,30.48061580241988],[51.94091473818975,30.48128168668054],[51.94066844221411,30.48126665489899],[51.94066007021136,30.48127045908021],[51.94051062697145,30.48136121470163],[51.94049292057925,30.48137633019537],[51.94034046047066,30.48154062605194],[51.94032993910817,30.48155992527317],[51.9403253873308,30.48156382460289],[51.9402560574887,30.48168421871375],[51.94023866362129,30.48169945012602],[51.94014287353307,30.48177978088518],[51.94012519191276,30.48180247396277],[51.9400249644982,30.48184800829117],[51.94004319609859,30.48193923920979],[51.94015030548081,30.48198915389985],[51.94033851328842,30.48200870123247],[51.94035859203699,30.48202034996022],[51.94066984416069,30.48208955374252],[51.94067776372587,30.4821014218739],[51.94082761922216,30.48216900485232],[51.94098944642983,30.48217699767933],[51.94110923471889,30.48220688568853],[51.94125175885247,30.48225926891386],[51.94166218010538,30.48240015870241],[51.94177803008945,30.48246850407334],[51.94197845617354,30.48267179617565],[51.94209025499221,30.48286508074101],[51.94209039475995,30.48286920791325],[51.94215615550053,30.4830833251622],[51.94216081130023,30.48308752166832],[51.94229833631051,30.48333790938381],[51.94234478429718,30.48360115111922],[51.94217829049914,30.48393755534381],[51.94198767222907,30.48431202176715],[51.94190777481555,30.48438176469373],[51.94165101079529,30.48448632924548],[51.941299745156,30.48455397885283],[51.94101319841658,30.48465670795463],[51.94082970040082,30.48471390555504],[51.93902688730892,30.48514469021687],[51.93869579598519,30.48526984136036],[51.93778374930191,30.48561211328883],[51.93754473041587,30.48568443803205],[51.93719471940885,30.48574298022502],[51.93683304893507,30.4858543377204],[51.93663105576518,30.48595720861658],[51.93647614822053,30.48605947214136],[51.93634402912073,30.48622907011828],[51.93617869743537,30.48646266182169],[51.93605375123119,30.48673584119562],[51.93575146139002,30.48697156779571],[51.93511675595435,30.4871851878908],[51.93458309850634,30.48729770761205],[51.93392526360916,30.48751821555585],[51.93392078416006,30.48751992508229],[51.93387310745132,30.48752782092003],[51.9334710020407,30.48769147121472],[51.93290524355245,30.48790724800379],[51.9324784994714,30.48808327564443],[51.93191375795579,30.48837858267364],[51.93152216658117,30.48857753335289],[51.9310174167325,30.48883717804599],[51.93078625852748,30.48900397299545],[51.93050011024681,30.48928976387828],[51.9304062149215,30.48933223915297],[51.93015511152144,30.48935185011191],[51.92986854244565,30.48937575238482],[51.92951409676669,30.48959653579768],[51.92934665103316,30.48979834210025],[51.92926700777205,30.48996236694965],[51.9291627985812,30.49021068795388],[51.92897929590046,30.49042838014316],[51.92897601549178,30.49043327071446],[51.92876738938888,30.49066833562004],[51.92864859756919,30.49076197888047],[51.92859531803436,30.49086221261601],[51.92848934857446,30.49098161090564],[51.92825899827443,30.49141186050656],[51.92831823632153,30.49188967649797],[51.92868054432857,30.4922570537111],[51.92893046242084,30.49244701949807],[51.92945614990271,30.49266885663501],[51.93002181998535,30.49271219522795],[51.9306539171581,30.49248210085761],[51.93149047714042,30.49204526157908],[51.93220143086567,30.491480732433],[51.93243243058394,30.49112040241783],[51.9324429649209,30.49108482380596],[51.93247589809361,30.49103672481102],[51.93258272569967,30.49092511428459],[51.93258569965777,30.49092219471207],[51.93292633607571,30.49087775040751],[51.93358690443608,30.49076699764572],[51.93390537716557,30.49090683452986],[51.93430644071626,30.49103479960182],[51.93567360521795,30.49133630051396],[51.93617184425219,30.49154702828109],[51.93627115745203,30.49178543373966],[51.93642886038379,30.49247684272576],[51.93681227019881,30.49300420960552],[51.9376532987269,30.49323953789512],[51.93840500168713,30.49298824336005],[51.93905097105074,30.49278056701581],[51.93985639295212,30.49208898948715],[51.94092168297724,30.49113159920162],[51.94130656190623,30.49079495745164],[51.9419667243051,30.49030518506681],[51.94276261147588,30.49031747915556],[51.94379423909492,30.49033031793609],[51.94456829212186,30.49037434071938],[51.94530139432276,30.49056077332956],[51.94655220779838,30.49101639997609],[51.94743720551142,30.49142053333042],[51.94778666273943,30.49201226082921],[51.94794152739863,30.49258369578943],[51.94793273211481,30.4926330036506],[51.94781188814586,30.49288129558308],[51.94781380343886,30.49289292355649],[51.94786651345789,30.49300425816207],[51.94785159599991,30.49308789375771],[51.9474090596824,30.4934028925597],[51.94687328546595,30.49358786238786],[51.94610089594715,30.49388105694652],[51.94514049801543,30.49448595310031],[51.94473710057357,30.4946413496289],[51.94438396574871,30.49487746356757],[51.94361691495816,30.49539032300306],[51.94229111211361,30.49620656780983],[51.94146761552024,30.49651866566098],[51.94032771370885,30.49736624504738],[51.93918558965238,30.49834107495169],[51.9385573120782,30.49882269147188],[51.93760398249723,30.49953088582713],[51.93701353720221,30.49995991465148],[51.93651006935221,30.50029846706641],[51.93598075613922,30.50055198228407],[51.93579811334934,30.50077854304514],[51.9353386276757,30.50119450584731],[51.9348968409971,30.50134318901443],[51.93462751941896,30.50126977731737],[51.93411816815036,30.50088264132887],[51.93339393439386,30.50055142214696],[51.93267090076409,30.50043490869531],[51.93221886941357,30.50020963696532],[51.93188377843273,30.50007889626384],[51.93161028880584,30.5000431633306],[51.93121360660809,30.50056437769805],[51.93103132634153,30.50126272810664],[51.93060310924358,30.50195775322236],[51.92934128601113,30.50285246935745],[51.92836848064833,30.50330150634005],[51.92749656632765,30.50360018786121],[51.92698509952255,30.50409199345027],[51.92670499317312,30.50408523978869],[51.92608152987545,30.50428012473556],[51.92586578721055,30.50416826467766],[51.92566029535492,30.50442304813488],[51.92564879839167,30.50492004150137],[51.9265379738442,30.50571646796327],[51.92708319020689,30.5058601840158],[51.9275660943072,30.50615213353539],[51.92770916324321,30.5064829683017],[51.92766509369284,30.5071807776018],[51.92737147988382,30.50733981441413],[51.9261510757114,30.50770418028193],[51.92408340134165,30.50797348882181],[51.92301045442849,30.50802712513032],[51.92171048564665,30.50851816575045],[51.92154615443614,30.50883448686918],[51.92142218637124,30.50915174779623],[51.9210475448219,30.50908463646036],[51.92089908252775,30.50887444013428],[51.92086800844653,30.5085783061249],[51.92110437801569,30.50814857759584],[51.92171470466241,30.50792107955311],[51.92193281239945,30.50779036782409],[51.92154834910525,30.50772020975905],[51.92093506800512,30.50781038993031],[51.92034753371728,30.50791323556481],[51.91980187305694,30.5084494647448],[51.91939950655366,30.50873588933645],[51.91899179352902,30.50863248786632],[51.91858383535084,30.50859248935747],[51.9172661612773,30.5085740543843],[51.91683911241651,30.50881139907003],[51.91637001396906,30.50915155406511],[51.91545078967049,30.50938648504523],[51.91467554358551,30.50937478371444],[51.91398712512719,30.50891602971602],[51.91224043121687,30.50892432206352],[51.91173649973197,30.50891537979462],[51.91148545720192,30.50903663195058],[51.91115316410006,30.50940124750857],[51.91079575868101,30.50981945596741],[51.91017456068644,30.50966465077028],[51.90954095990909,30.50951743656724],[51.90933093234473,30.50977103355146],[51.90923277856058,30.5104389131684],[51.90888028859234,30.51081916153641],[51.90835024600054,30.51111884087251],[51.90847695593549,30.51146126012841],[51.90958189704362,30.51148433360893],[51.91035358433669,30.51162590701269],[51.91037595208788,30.51194164017363],[51.91005079779612,30.51222169761224],[51.9095197900938,30.51271164123862],[51.90938004833952,30.51288364677382],[51.90913093707523,30.51374411884327],[51.90907609786063,30.51401069015755],[51.90896365714041,30.51449839414531],[51.90879494914721,30.51520686039203],[51.90868978511708,30.51517566281664],[51.90850449288136,30.51506183936105],[51.90837534637165,30.51492687600033],[51.90830319676193,30.51472446366109],[51.90815390309123,30.51435526894199],[51.90815900372863,30.51365157731628],[51.90813655914902,30.51330253821511],[51.90769687532043,30.5128412570363],[51.90755198962652,30.51266272845992],[51.90748512350388,30.51241592718263],[51.90707887204132,30.51202974783782],[51.90698010263947,30.5119580381789],[51.90676981384527,30.5117613215711],[51.90663716916394,30.51144349623394],[51.90663562110247,30.51130384894048],[51.90663416797904,30.51117274700264],[51.90670416884442,30.51091351803069],[51.90681433774986,30.51072760762913],[51.90708405255131,30.51029612155538],[51.90709624764627,30.50975550068819],[51.90705521205232,30.50949354590333],[51.90691118138749,30.50924634996734],[51.90690394720191,30.508956358031],[51.90678685775545,30.50883224524827],[51.90672279898561,30.50871619666388],[51.90657236980184,30.50860032474745],[51.90643073989893,30.50849425759491],[51.90636950522591,30.5084297017312],[51.90614513447038,30.50819596243021],[51.90606661226831,30.50794515633517],[51.90584912820562,30.5075627574747],[51.90556729376507,30.5073511907409],[51.90529838910115,30.50705977607432],[51.90505659335117,30.50662333498004],[51.90488114718271,30.50641536902699],[51.90462698798139,30.5060188456176],[51.90392241035233,30.5055073681539],[51.90334294288195,30.50509176646163],[51.90312289191085,30.50490391252379],[51.90292740463882,30.50480560648305],[51.90273413517848,30.50470841450797],[51.90254892778071,30.50447255935538],[51.90239784957364,30.50425196798563],[51.90227299941283,30.50396290601186],[51.90235368037207,30.50361250694635],[51.90253646045534,30.50334527945839],[51.90271902246111,30.50316206711911],[51.90284837066105,30.50293800346385],[51.90284148811532,30.50265014877124],[51.90279111883475,30.50222018209809],[51.90260287769489,30.5019992373513],[51.90252119493849,30.50176435518285],[51.90264464104587,30.50153649131605],[51.90278675133997,30.50117850555976],[51.90279283848294,30.50100347042617],[51.90301890672463,30.50078738467744],[51.90308694524894,30.5006332723544],[51.90309229186489,30.50054754755747],[51.90310644037721,30.5003207120164],[51.90298097502273,30.50015375546085],[51.90296416612929,30.49998005735066],[51.90291322501514,30.49986822620397],[51.90274715284686,30.49967205956126],[51.9024508977592,30.49929800123253],[51.90191116321725,30.49894539087328],[51.90175622293359,30.49881423510404],[51.90166107572516,30.4987598524542],[51.90169198904535,30.49862709063073],[51.90175281859838,30.49851940897134],[51.90194049575882,30.49823409166265],[51.90213918155383,30.49804111804502],[51.90215130720528,30.49777902772172],[51.90210326356868,30.49733246474601],[51.90195684434313,30.4971461182439],[51.90177140919479,30.49691946061323],[51.9015968858241,30.49673428531394],[51.90135858209719,30.49655549898258],[51.90120438200015,30.49641778004218],[51.90117325255112,30.49637709946716],[51.90096406911979,30.4964915099367],[51.90025212607959,30.49690948986105],[51.89944775968508,30.49671682816542],[51.89917766911461,30.49677974358994],[51.8990520917467,30.49674383489552],[51.89899000924853,30.49722050364845],[51.89895236682736,30.49729800338305],[51.89890123005634,30.49758216303526],[51.89888632655639,30.49773484216943],[51.89892148090107,30.49786437494444],[51.89898365947204,30.49800519186922],[51.89901549277555,30.49816856082989],[51.89912055332412,30.49831987209875],[51.89924409500829,30.49839196224918],[51.89946547467133,30.4985414890392],[51.89956490811697,30.49862754918525],[51.89963873675834,30.49878318748051],[51.8996283361047,30.49890396951903],[51.89956477567532,30.49909914891849],[51.8995377441483,30.49913896252598],[51.89943241391212,30.49927401856236],[51.89928873773074,30.49941460961165],[51.8991667247287,30.49953762422745],[51.8991611586762,30.49960892746503],[51.89918986277919,30.49973844505521],[51.89918860523309,30.50013832836649],[51.89919675387016,30.50045729910778],[51.89919499208433,30.50060583245158],[51.89927260792165,30.50071972789278],[51.8992820841433,30.50097387542232],[51.89919819564426,30.50117109246381],[51.89918756064145,30.50121743228899],[51.89915616745161,30.50135421133258],[51.89912443559155,30.50141328969888],[51.89918110833245,30.50148226598541],[51.89921855732351,30.5015790937703],[51.89924451417935,30.50163803947823],[51.89936667491663,30.50170736696607],[51.89943414312078,30.50180482131897],[51.89949855339168,30.50187445962132],[51.89946837185557,30.50198910324098],[51.89938452742722,30.50210044912194],[51.89932985816689,30.50224575616279],[51.89925710920804,30.50239402576083],[51.89926546928668,30.50265776375054],[51.89928828787439,30.50285964510046],[51.89933925963645,30.50305502756684],[51.89935052646533,30.50319579297151],[51.89912474369962,30.50344110892744],[51.89906960656756,30.50361734758851],[51.8988298610835,30.50404062628601],[51.89876608533893,30.50412950052738],[51.89876968091467,30.50418200981547],[51.898784223307,30.50433364387978],[51.89871201615141,30.50443172773705],[51.89858610481945,30.5047404597788],[51.89864685385107,30.50493150339707],[51.89870169980644,30.50502023015309],[51.89885748312557,30.50514574393587],[51.89896011829263,30.50524634060602],[51.89912729210253,30.50543582248089],[51.89940359570048,30.50591779353705],[51.89941298433342,30.50636202415319],[51.89917612850767,30.50722151281067],[51.89917176025499,30.50742596375604],[51.89914868028274,30.50757191444641],[51.89912025339924,30.50773250182586],[51.89889154396205,30.50759139013469],[51.89859977206441,30.50759241852228],[51.89852801372103,30.5078453239379],[51.898725443518,30.50803724868587],[51.89927048465935,30.50830899429218],[51.89862435802401,30.50828564165031],[51.89831151678604,30.50825824579823],[51.89810259408936,30.50815071036964],[51.8979766157676,30.50795264016848],[51.8979752959285,30.50767293382977],[51.89822651871875,30.50713093118597],[51.8982215677081,30.50685997274094],[51.89799815120421,30.50652900911362],[51.89764546080647,30.50623038369005],[51.89730919392979,30.50606942569476],[51.8969672335886,30.50604328812009],[51.89681168509346,30.50620625583094],[51.89678169835522,30.5064770550609],[51.89681592234682,30.50710855490152],[51.89702390019971,30.50769241655591],[51.89706382196749,30.50795627840942],[51.89698272127815,30.50830128930092],[51.89669824615443,30.5086789979678],[51.89646153489728,30.5086177975034],[51.89621804166637,30.50850022732151],[51.89607261109775,30.50859998805797],[51.89610836208283,30.50955631874206],[51.89633028603649,30.5102142295022],[51.89638396398789,30.51054789638611],[51.89638556727988,30.51089077332441],[51.89659648906898,30.51142239588748],[51.89697011364736,30.5118101288427],[51.89750957834915,30.51207759222513],[51.89791741836109,30.512140131025],[51.89817527141358,30.51251765398691],[51.89788504186457,30.51285253476854],[51.89779860847336,30.51331398675242],[51.89773290622558,30.51368639047099],[51.89746545302418,30.51448720974486],[51.89772356282941,30.51492890487763],[51.89830613297993,30.51565838754714],[51.89857719090795,30.51598112597192],[51.89870037318682,30.51639632097159],[51.89884194020866,30.51687347872171],[51.89876031266586,30.51724371960109],[51.89805341224079,30.51879543362194],[51.89780099538691,30.51934949881665],[51.89733382700507,30.51973914186824],[51.89757258419857,30.52044480026038],[51.8978091969267,30.5210909404057],[51.89800908761481,30.52148724913088],[51.89813002403725,30.52219703061949],[51.8982562441653,30.5225439240496],[51.89851615645617,30.52292915877261],[51.89898304954525,30.52331172161519],[51.89959265018788,30.52355697460006],[51.90005946873752,30.52400575539672],[51.90029445365492,30.52429437865632],[51.89999781775219,30.52446822975287],[51.89959742574512,30.52456754731308],[51.89961397146109,30.52472563847637],[51.89987463549741,30.52508229712001],[51.89996363059993,30.52525379008748],[51.90018540672911,30.52547679309814],[51.90068534326186,30.52540283870449],[51.90095594462894,30.52558783941236],[51.90110582804908,30.52589595340157],[51.90111717790379,30.52618849914883],[51.90099252696934,30.52643940068821],[51.90073238277062,30.52653055755455],[51.90053761015344,30.5267287490237],[51.900422563193,30.52713620717983],[51.89981855463508,30.52724662994716],[51.89846020105046,30.52727131683288],[51.89778095198086,30.52747773314205],[51.89692305054915,30.5276899796593],[51.89602774661064,30.52791870989991],[51.89525648767899,30.52793044552158],[51.89441156075006,30.52778903278277],[51.89379486696162,30.52765598731215],[51.8932436882208,30.52768484865723],[51.89335073896197,30.52828902186345],[51.89341474923322,30.52860460762128],[51.893216047153,30.52846092877302],[51.89279832936844,30.52829094970109],[51.89231672873193,30.52783245210516],[51.89197080396317,30.52740956841513],[51.89184598364257,30.52746414792731],[51.89195213878468,30.52787883820934],[51.89197508416004,30.52832992077212],[51.89184130666296,30.5287003337045],[51.89196810580891,30.52906983800794],[51.89224044227778,30.52935763167872],[51.89209510971015,30.52948445748956],[51.89193868101889,30.5294669584795],[51.89170861806355,30.52930534609095],[51.89158441610977,30.52949526233401],[51.89163825308349,30.52986502258317],[51.89164695355053,30.53028251120188],[51.89149190519424,30.53045043922153],[51.89107434590007,30.53036240369876],[51.89077214867115,30.53037302441996],[51.89055402232795,30.53048244391373],[51.8904202333917,30.53072678124145],[51.89049458882548,30.53092489494377],[51.89079204699082,30.53132540009318],[51.89081110427809,30.53175054279031],[51.89066883157646,30.53198872036442],[51.89016459694738,30.5317567422192],[51.88974880099151,30.53159653617856],[51.88925834760229,30.53151790778197],[51.88894733552689,30.53148973897059],[51.88820099758746,30.53086475604794],[51.88754055447912,30.53032682734642],[51.88731876268387,30.52991292104405],[51.88692914501846,30.5293464982539],[51.88691269586219,30.52859413017315],[51.88708230163837,30.52739667256116],[51.88700140152373,30.52626017210216],[51.88717766153401,30.5246350652449],[51.88754567925218,30.52360448236174],[51.88791016912568,30.52206862317314],[51.88757123257454,30.52129439976215],[51.88786508680359,30.52009276860453],[51.88872884691425,30.51841893834823],[51.88872247292752,30.51750762176337],[51.88860460675158,30.51704805331934],[51.8883907525943,30.51627317683474],[51.8886231417778,30.5153563790313],[51.8884005859985,30.51473528381598],[51.88832762737837,30.51430491514969],[51.88812529928671,30.51325732702249],[51.8881763139422,30.51277874052252],[51.88833307245922,30.51182345018781],[51.88833784888332,30.51084438130007],[51.88840428220355,30.51055743624195],[51.8884948083269,30.50991164762988],[51.88860075417586,30.50945750057468],[51.88852900943002,30.50916021820712],[51.88835933615341,30.50869441493245],[51.88808168834721,30.50845944335477],[51.88729730086584,30.5085820896553],[51.88654084209553,30.50883989201595],[51.88586944200144,30.50928434709312],[51.88527915627557,30.50955229186047],[51.88336347376791,30.50961266280949],[51.88312760051959,30.50945860790743],[51.88279028242433,30.50874578979334],[51.88257787489799,30.50816070815892],[51.88233868594756,30.50756678400993],[51.88218543020404,30.50740088871709],[51.8811723050222,30.50664300973043],[51.87975663426483,30.50559006823333],[51.87841055244369,30.50466748110854],[51.87718240312186,30.50379022178132],[51.87613515217735,30.50302474559854],[51.87502573419651,30.50226746433224],[51.87488542830399,30.50201800663208],[51.87492068708676,30.5013004092589],[51.87486309042541,30.5010503963147],[51.87459499456239,30.5003483696113],[51.87418819614959,30.49957508518958],[51.87376559131353,30.49856278489136],[51.87351374601927,30.49814713991938],[51.87244224693149,30.49769354377335],[51.87046450709877,30.49698138219312],[51.86906223854508,30.4961145025166],[51.86833952188553,30.49549387529453],[51.86795455557817,30.49492657456934],[51.8676844486469,30.49445999284353],[51.86761990557356,30.49381737710839],[51.86715138591043,30.49339483942549],[51.86506822685361,30.49225340172485],[51.86371978559522,30.49150274041568],[51.86343308333817,30.49077643575999],[51.86327965203503,30.48954196582566],[51.86280245596242,30.4881598925332],[51.86222327327318,30.48710435406794],[51.88564819548426,30.47918673737111],[51.8856823837915,30.47950839052224],[51.88608562939692,30.47988914661866],[51.88658738750422,30.48050609646762],[51.88672634830623,30.48029472096913],[51.88674409178304,30.48026773037572],[51.88680728731406,30.48017160185174],[51.88690742160134,30.4800192858948],[51.8870360449851,30.47982363239915],[51.88713329910565,30.47967569507548],[51.88722645676441,30.47953398824951],[51.8876092692858,30.47909792607431],[51.88766276551932,30.47903698682174],[51.88805354884408,30.47864380795518],[51.88831610343643,30.47837964124914],[51.88842801552718,30.47826704080599],[51.8884762770677,30.4782293045192],[51.8891501172517,30.47770242194709],[51.88934479641579,30.47755019761672],[51.88948415278128,30.4774653663868],[51.8897484895004,30.47730445412621],[51.89012637663431,30.47707441575098],[51.89013932209853,30.47706653566851],[51.89015459231371,30.47704336938238],[51.89039713817095,30.47667541509282],[51.8905336635125,30.47646829773941],[51.89057629024575,30.47594663518887],[51.8905834610414,30.47585887675927],[51.89067209874267,30.47545206226075],[51.89072213724751,30.4752224001708],[51.89075370281303,30.47507752197742],[51.89086629357129,30.47456075753595],[51.89094033049533,30.47422094400537],[51.89110266135854,30.47366566412456],[51.89116764453155,30.47344337652722],[51.89102882863349,30.47305376949974],[51.89093546180269,30.47279172008515],[51.89087097822494,30.47261073646926],[51.89082430065338,30.47206062630379],[51.89108013603049,30.47169907405342],[51.89116434820105,30.47158006170062],[51.89126340400878,30.47148017678462],[51.8913226639969,30.47153738008618],[51.89145847713082,30.47129330573265],[51.89148348532345,30.47125825203943],[51.89175115189759,30.47098834165725],[51.89180627550126,30.47093275492465],[51.89210520006583,30.47073390163291],[51.89219558688432,30.47067377297656],[51.89242301082773,30.47052248235807],[51.89298559685761,30.47025469211092],[51.89347034575643,30.47002394958631],[51.8936443266007,30.46994113267019],[51.89415203666004,30.46996450864681],[51.8945399255014,30.46998236641837],[51.89490293940101,30.46995385990697],[51.89520093856894,30.4699304583215],[51.89561102934057,30.46983208500687],[51.8978608525963,30.4692923653807],[51.89907592611115,30.46900085772568],[51.89935407446594,30.46893412583144],[51.89952989449366,30.46883626987729],[51.899565470942,30.46881646896513],[51.89977643784175,30.46869905113765],[51.89996770118506,30.46861285821649],[51.90017781056044,30.4685787625105],[51.90122300045485,30.46840914699891],[51.9014820605264,30.46836490161622],[51.9014941012864,30.46836284497616],[51.90163647157038,30.46834529030926],[51.90167633825159,30.46833171961892],[51.90210752208456,30.46825807401401],[51.90224160716861,30.4682351718659],[51.90273340887322,30.46822313907414],[51.90301293730301,30.46821629905019],[51.90341346964208,30.46839203667076],[51.9035387262414,30.46844699423109],[51.90389871054653,30.46860493820778],[51.90458836436173,30.46869490299691],[51.9051937959394,30.46861851548676],[51.905353789331,30.46854274623794],[51.90537618560637,30.46853213986448],[51.90550246092132,30.46847233770009],[51.90572700049125,30.46843913089296],[51.90581237687461,30.46839378098725],[51.90591702456524,30.46833819456831],[51.90611998566547,30.46809589483459],[51.90636759578482,30.46793302083647],[51.9064878322765,30.46778764915754],[51.90660614203137,30.46764460616907],[51.90662451966715,30.46762764706039],[51.90675454766997,30.46751133014764],[51.907150794881,30.46741271383962],[51.9074192539052,30.46734590050193],[51.9074688710762,30.4673492395783],[51.9074725424599,30.46734884317373],[51.90759169734039,30.46732883036638],[51.90776544185282,30.46724348161525],[51.90787928177045,30.46720436597607],[51.9078819202775,30.4672034597076],[51.90789873439751,30.46717800403152],[51.90801996801263,30.46711845021224],[51.90806534110894,30.46708191256648],[51.90810588249435,30.46704926514986],[51.9081046020917,30.46700748032509],[51.9081010782869,30.46689253304799],[51.90811022505206,30.46685781765996],[51.90825485519618,30.46663885374896],[51.908366233344,30.46651146886274],[51.9085760674301,30.46637941609532],[51.90905377813812,30.46607877893668],[51.90907677814048,30.46606430390386],[51.9093719583841,30.46599235283219],[51.91009141662877,30.46581697853141],[51.9101973296796,30.46579116076352],[51.91085763723532,30.46543278063442],[51.91136767118316,30.46537746347644],[51.91165331165886,30.46534336578166],[51.91229577237705,30.46527679934368],[51.91242430388704,30.46518248008974],[51.91267713890527,30.46499694687027],[51.91275549269762,30.46493945008445],[51.9128437079826,30.46487471694784],[51.91290419859953,30.46483032796078],[51.91292872939329,30.46479724700437],[51.91303045497902,30.46466006678508],[51.91312554407048,30.46453183634198],[51.91353653782365,30.46397759499044],[51.91376124229348,30.46367456888211],[51.91439327361291,30.46353056686207],[51.91478104064216,30.46344610419294],[51.91518760812399,30.46335501884501],[51.9154249046789,30.4632954903045],[51.91610670268205,30.46305433849673],[51.91615057077674,30.46303882236231],[51.91676827728556,30.46283790053839],[51.91712150956025,30.46272233717607],[51.91806327317623,30.46261032744224],[51.91870222788538,30.46253432853803],[51.91966957711313,30.46226218360538],[51.92060791280013,30.46231359629582],[51.92077016587004,30.46238532956299],[51.9210733298878,30.46241035791061],[51.92133301335268,30.46240428940649],[51.92165633174297,30.46230979895319],[51.92188540822686,30.4622971500706],[51.92201802489932,30.46228982694355],[51.9230011485305,30.4619024118684],[51.92308421927369,30.46188553683871],[51.92322149789442,30.46186145824383],[51.92335531269912,30.46181094831471],[51.92346798058874,30.46175781235319],[51.92348295475905,30.46170037436975],[51.92353397260017,30.46159573156162],[51.92356345620738,30.46149443276851],[51.92356437380046,30.46143193200304],[51.92371121648037,30.46103964847896],[51.92379015445083,30.46090004160616],[51.92402491389134,30.46048484822391],[51.92409764917867,30.46042049244477],[51.92422381812131,30.46027750623845],[51.92431685249812,30.46017768622535],[51.92487016963933,30.45964557712092],[51.9250324140692,30.45948206331156],[51.92530992841397,30.45932298067847],[51.92559161063377,30.45916150827299],[51.92565525544737,30.459139838172],[51.92573483529985,30.45911274198673],[51.92580236933328,30.45908974755374],[51.92583006984876,30.45908031642355],[51.92592160733975,30.45910765555579],[51.92623378197266,30.45920089266938],[51.92638585844905,30.45924631314365],[51.9269382248365,30.45941128416487],[51.92756786804965,30.45959933205999],[51.92775847621162,30.45965625788989],[51.9280890917029,30.45975499627764],[51.92814236515395,30.45977090630639],[51.92833111569173,30.45982727603109],[51.92905537250552,30.46012943718522],[51.92920300231217,30.46019102795062],[51.92920618784489,30.46019281625617],[51.92928647003459,30.46025520423503],[51.9292968159095,30.46026043087882],[51.92944979940515,30.46034127794713],[51.92948851940685,30.46035130318061],[51.92967168722117,30.46045412434593],[51.92994241470392,30.46064101468292],[51.93013881239906,30.46076734154937],[51.93045158899935,30.46107770034425],[51.93060124253415,30.46123151938814],[51.93101829756206,30.46166017752929],[51.93155791873391,30.46205783447217],[51.93168833112663,30.46215393614106],[51.93177519706526,30.46216987723507],[51.93178294570382,30.46217129901688],[51.931808762682,30.46217603686677],[51.93218527323774,30.4622451315627],[51.93238442850355,30.46217192359301],[51.93251993292438,30.462122113213],[51.93261084935469,30.46208869212384],[51.93272770011581,30.46197339229367],[51.93291249002359,30.46179105451157],[51.93301845749896,30.46168649248743],[51.93377533980313,30.46138781677518],[51.93392043333862,30.46136298163503],[51.93392391810659,30.46136238550666],[51.93487570122077,30.46119946800058],[51.93544455659866,30.46122789595108],[51.93558629111561,30.46123497891779],[51.93593860572434,30.46138359339412],[51.93599258725347,30.46143477563679],[51.93604075916113,30.46148045016051],[51.93618890999972,30.4616209170233],[51.93621980048675,30.46165514390848],[51.9365818488712,30.46205629186562],[51.93666454398059,30.46214791709969],[51.93678767890903,30.46228434894125],[51.93727233768993,30.46251998722798],[51.93744454950429,30.46251058090866],[51.93746323350804,30.4625158363046],[51.93754965932884,30.46250484009752],[51.93772821856668,30.46249508730599],[51.93779548187315,30.46249141310075],[51.93810897292141,30.46239095307208],[51.93840037164156,30.46229757215551],[51.93847983988337,30.46229165592042],[51.9387165749822,30.46227403263458],[51.93893707638949,30.46225761669312],[51.93933746486132,30.46232692123994],[51.93998619879875,30.46242827293666],[51.94105969475405,30.46228969417668],[51.94138925533098,30.46216143478721],[51.94141746730986,30.46215045457295],[51.94188383060909,30.46196895042812],[51.94257231317512,30.46170099669812],[51.94262472992006,30.46168059598023],[51.94267471502618,30.46164684016924],[51.94281453134403,30.46155241794553],[51.94300821617297,30.46142161554125],[51.94339119019178,30.46116297878046],[51.94427225607762,30.46076863514888],[51.94443232256774,30.4606969921317],[51.94450286806774,30.46066541661515],[51.94484054910863,30.46052461409801],[51.94530926344191,30.46032917219551],[51.94632615775174,30.45990514432438],[51.94639681725421,30.45987568024317],[51.94687906146643,30.45967211734421],[51.94697320193047,30.45963237814802],[51.94699125763497,30.45962835710486],[51.94741297930735,30.45953443966468],[51.94752082070254,30.45956036833425],[51.94781665556081,30.45963149541213],[51.94784102937587,30.45963735496022],[51.94784937363631,30.45964123213369],[51.94829797255724,30.45984967924561],[51.94844310587594,30.45991711697497],[51.94891870528286,30.46013810570096],[51.94918422842631,30.46026148067149],[51.94968015433528,30.46032424006324],[51.94979105560444,30.46033828063091],[51.94979124643184,30.46033830270231],[51.94984907813833,30.46034687522878],[51.95006678191408,30.46037461587283],[51.95016352533194,30.46036628292066],[51.95077366818442,30.46031372942334],[51.95177326084722,30.46022762487806],[51.95189781846884,30.46021689413192],[51.95192852099753,30.46021767439913],[51.95200271069798,30.46021955939718],[51.95251877557509,30.46023267325719],[51.95265642178482,30.46023617081299],[51.95319613851911,30.46050744098383],[51.95340737247709,30.46083460228596],[51.95385298016729,30.46152475507105],[51.95393461911252,30.46166834692127],[51.95420796094405,30.46252804449926],[51.95400406922909,30.46286421402442],[51.95390770367595,30.46293067196829],[51.95364935899768,30.46316817887237],[51.95350119469954,30.4633099334478],[51.95346093800332,30.46339605970822],[51.95326588897856,30.46364840773027],[51.95325429011795,30.463668493672],[51.95264358733034,30.46393468396073],[51.95247244248063,30.46400928011388],[51.95219335082479,30.46416203396558],[51.95159662588534,30.46448863255346],[51.95151729531876,30.4645320514653],[51.95151091169025,30.46453554495445],[51.95149912876943,30.46454199417808],[51.95104193435771,30.46510003946357],[51.95079074390397,30.46540663465921],[51.95068339956259,30.4656826295645],[51.95088896499149,30.46564394140973],[51.950910361128,30.4656399144123],[51.95102658107064,30.4656180408845],[51.95103534455313,30.46565545732336],[51.95107214649554,30.46566093778024],[51.9511413238565,30.46564011457129],[51.95124684276337,30.46552295188373],[51.95145616037748,30.46541210995568],[51.95161070548249,30.46529583278527],[51.95165924732903,30.46524576534801],[51.95173813648766,30.46516439641247],[51.95179523330939,30.46513907533245],[51.95192043714655,30.4652627021122]]]},"properties":{"Name":"منطقه حفاظت شده مارگون","description":"<html xmlns:fo=\"http://www.w3.org/1999/XSL/Format\" xmlns:msxsl=\"urn:schemas-microsoft-com:xslt\">\n\n<head>\n\n<META http-equiv=\"Content-Type\" content=\"text/html\">\n\n<meta http-equiv=\"content-type\" content=\"text/html; charset=UTF-8\">\n\n</head>\n\n<body style=\"margin:0px 0px 0px 0px;overflow:auto;background:#FFFFFF;\">\n\n<table style=\"font-family:Arial,Verdana,Times;font-size:12px;text-align:left;width:100%;border-collapse:collapse;padding:3px 3px 3px 3px\">\n\n<tr style=\"text-align:center;font-weight:bold;background:#9CBCE2\">\n\n<td>منطقه حفاظت شده مارگون</td>\n\n</tr>\n\n<tr>\n\n<td>\n\n<table style=\"font-family:Arial,Verdana,Times;font-size:12px;text-align:left;width:100%;border-spacing:0px; padding:3px 3px 3px 3px\">\n\n<tr>\n\n<td>FID</td>\n\n<td>3</td>\n\n</tr>\n\n<tr bgcolor=\"#D4E4F3\">\n\n<td>OBJECTID_1</td>\n\n<td>4</td>\n\n</tr>\n\n<tr>\n\n<td>cod</td>\n\n<td>9</td>\n\n</tr>\n\n<tr bgcolor=\"#D4E4F3\">\n\n<td>tafkik_id</td>\n\n<td>3</td>\n\n</tr>\n\n<tr>\n\n<td>tafkik_nam</td>\n\n<td>منطقه حفاظت شده</td>\n\n</tr>\n\n<tr bgcolor=\"#D4E4F3\">\n\n<td>shahrestan</td>\n\n<td>سپيدان</td>\n\n</tr>\n\n<tr>\n\n<td>NAME1</td>\n\n<td>منطقه حفاظت شده مارگون</td>\n\n</tr>\n\n<tr bgcolor=\"#D4E4F3\">\n\n<td>sal_mosava</td>\n\n<td>1378.1396</td>\n\n</tr>\n\n<tr>\n\n<td>AREA_ha</td>\n\n<td>3135</td>\n\n</tr>\n\n<tr bgcolor=\"#D4E4F3\">\n\n<td>F_AREA</td>\n\n<td>31346245.0483</td>\n\n</tr>\n\n<tr>\n\n<td>Shape_Leng</td>\n\n<td>40698.406328</td>\n\n</tr>\n\n</table>\n\n</td>\n\n</tr>\n\n</table>\n\n</body>\n\n</html>\n\n","timestamp":null,"begin":null,"end":null,"altitudeMode":"clampToGround","tessellate":-1,"extrude":0,"visibility":-1,"drawOrder":null,"icon":null,"snippet":""}},
{"type":"Feature","geometry":{"type":"Polygon","coordinates":[[[54.68391401961757,29.17039246793138],[54.68404092311523,29.17034654649893],[54.6844724282386,29.16980948515088],[54.6855614411069,29.16846139174305],[54.68612395103925,29.16782331311912],[54.68701007867271,29.16716327110805],[54.68790615990117,29.16676785187757],[54.68825771544139,29.16661271655703],[54.68835800487219,29.16638252055554],[54.6888472603985,29.16595407917107],[54.68948524493958,29.16541130974887],[54.69034292119002,29.16434376495062],[54.69058653002741,29.16397810394145],[54.69080550552696,29.16362309286991],[54.69104881442062,29.16265891022943],[54.69196576069575,29.1617680850396],[54.69310120427241,29.16009164686026],[54.69497764220635,29.15779557837741],[54.69691673654359,29.15547556345193],[54.69848187721362,29.15360717625032],[54.69902081372098,29.15296510480693],[54.69952334243725,29.15266983899949],[54.69969642027667,29.15213274780968],[54.70043810967481,29.15144281346203],[54.70061645721267,29.15113585128368],[54.70176725275502,29.15013031173198],[54.70300592177669,29.1494460747797],[54.70380682004746,29.14911819722084],[54.70438838502242,29.14892178257701],[54.71076281094394,29.14789697092612],[54.71282947241052,29.14789219442364],[54.71471111679995,29.1478106709736],[54.71671933745868,29.14812455143715],[54.73502907108636,29.15283520814146],[54.75961562050983,29.1565121032555],[54.78479570099839,29.12359860344377],[54.80297746960705,29.09863235969646],[54.87367719825633,29.04642485118209],[54.90319769320877,29.02848372090981],[54.94143595237657,29.0074528239393],[54.95170217578763,29.00673651433386],[54.97079685216099,29.00629338522024],[54.98700685997746,29.00591506303368],[55.01228536399951,29.00532117742219],[55.02296430263635,29.01783678064733],[55.03046304175942,29.02465184370229],[55.03647722646438,29.03091894058559],[55.03733429317754,29.03289990042757],[55.04449339136239,29.03257572827625],[55.04835165485391,29.0305602064356],[55.04846574904121,29.03042155332014],[55.0485832251109,29.03028695887062],[55.04865318867355,29.03020902341863],[55.04895237373616,29.03003399257808],[55.04939516077764,29.02977494949197],[55.049861060574,29.02960354819023],[55.05022522096517,29.02946957350024],[55.05064417499737,29.02936709984141],[55.05105983418281,29.0292174779626],[55.05148094381382,29.02909548644925],[55.05211433248394,29.02893900016764],[55.05268787338643,29.02872181694843],[55.05316805307028,29.02853998406064],[55.05417727605978,29.02832250852503],[55.05448092550424,29.02803738601988],[55.05551076306142,29.02755699673086],[55.05693721928105,29.0268489574753],[55.05865826570222,29.02574178034817],[55.06022970867183,29.02478544418396],[55.06075375985964,29.02440682744686],[55.06149219460787,29.02399258661706],[55.06194414994423,29.0237695052109],[55.06254095094535,29.02342564045935],[55.06328835754192,29.02299365634585],[55.06350099544438,29.02284978965893],[55.06503683341198,29.02157350993341],[55.06652333563294,29.02030087751773],[55.06750113800027,29.01941091408622],[55.06907789882359,29.01808937958289],[55.07069193966111,29.01676018536762],[55.07322947016891,29.01488377446243],[55.07393187479279,29.01441176399396],[55.07467813632153,29.01413642154484],[55.07678306541843,29.0147262739574],[55.07771209547743,29.01470604735018],[55.07819071246227,29.01463669620321],[55.07833730340033,29.01421233437142],[55.07840703005973,29.01381419288565],[55.07888467780256,29.01381344487071],[55.07913888929916,29.01369509799679],[55.08011510426474,29.01308886200803],[55.08035799758359,29.012964491708],[55.08160656991521,29.01295662477562],[55.08199235356469,29.01301981802344],[55.08481478054028,29.01476177740355],[55.08556900590779,29.01497595553826],[55.08664784565077,29.0150951462645],[55.08692159055507,29.01512576449752],[55.08779965402418,29.01486966829673],[55.08907775844609,29.01482047655023],[55.08976572266948,29.0150823034359],[55.09113507913796,29.01547897924474],[55.09220908388132,29.01588396855594],[55.09261398507456,29.01599957961971],[55.09340801393588,29.01605350055483],[55.09382180641484,29.01599598662153],[55.09507167292084,29.01619687953327],[55.09964619278225,29.01655291720765],[55.1024115514774,29.01679012682068],[55.10321747838559,29.01683997329255],[55.10414163506624,29.01712442132087],[55.10454637164565,29.01768355528726],[55.105164103753,29.01841030448239],[55.10551420073956,29.01876211468443],[55.10651029496935,29.01939130521716],[55.10710623851425,29.01971477993461],[55.10769091177781,29.01965422122791],[55.10808011668583,29.01988295704808],[55.10843362906408,29.02002063980741],[55.10871624388711,29.02012448392083],[55.10894163241235,29.02017061504573],[55.10918546347492,29.02020528879724],[55.10968008549053,29.02031837731763],[55.10988123900269,29.02042836778155],[55.11015975448768,29.02059279822992],[55.11038147067666,29.02069551118233],[55.11051014754322,29.02070782043604],[55.11072037858106,29.02072705309542],[55.11084778941796,29.02072422376259],[55.11100740719964,29.0207206794495],[55.11109178098117,29.02073214029958],[55.11127886392106,29.02066445159171],[55.11173405253587,29.02065904062852],[55.11198697442864,29.0208876006788],[55.11220860629,29.02110085625894],[55.11235326243764,29.02125305554493],[55.1125218911976,29.02142409530827],[55.11300328693633,29.02186787280819],[55.11311690802079,29.02195141374086],[55.11336310416912,29.02213265389669],[55.11356172404802,29.02227887024818],[55.11384554232821,29.02248485153626],[55.11413509738575,29.02269090945847],[55.1145297644563,29.0229673695094],[55.11487110513702,29.02319851716166],[55.11517834317824,29.02344870567436],[55.1154628264471,29.02368709428423],[55.11593744021879,29.02413585019629],[55.11610784127402,29.0242969658514],[55.11624607816105,29.02442766969767],[55.11638175590474,29.02455595246309],[55.11652688341358,29.02469317129179],[55.11667654305913,29.02483467287012],[55.11688055319008,29.02502756145694],[55.11706959824785,29.02520630081585],[55.11732343384045,29.02544629616384],[55.1175164177394,29.02562875723094],[55.11768990649147,29.02579278533179],[55.11781899160898,29.02591319716259],[55.11805880438985,29.02613198262013],[55.11821146143769,29.02627125393359],[55.11834712218823,29.02637199765147],[55.11857346887253,29.02659922296598],[55.11868935098421,29.02671555502215],[55.1189630492619,29.02693675556248],[55.11913556753328,29.02707618182177],[55.11925512742144,29.02717280766244],[55.11949016291857,29.02735945223004],[55.11979406107505,29.02758011078078],[55.12008127404512,29.02761353776913],[55.12015604139395,29.02760199301004],[55.12047376759941,29.02755891157296],[55.12060783872363,29.02754897058719],[55.12083807087928,29.02756888674164],[55.12101220567953,29.0276575713898],[55.12136641147592,29.02781071940484],[55.12155428529665,29.02780275922731],[55.12185399811803,29.02779006096183],[55.12244537218472,29.02779761268868],[55.12369704726051,29.02783028431919],[55.12440781388064,29.02782158062343],[55.12494704880478,29.02785773804807],[55.12583374547954,29.02780685410473],[55.12647559520672,29.02769901295813],[55.12683145786671,29.02765623846789],[55.12715018703349,29.0276375333323],[55.12751175680314,29.02761775956589],[55.12805894962437,29.02748116250719],[55.12850774720931,29.02727591540107],[55.12959304411002,29.02651198142804],[55.13091311764055,29.02627253910662],[55.13133004673111,29.02621059430842],[55.1315248010363,29.02647388972679],[55.13165277546992,29.02671556012259],[55.1320453098697,29.02705192214426],[55.13229258315273,29.0270194490065],[55.13277689467973,29.02683129484176],[55.13374424094741,29.02636576093718],[55.13412124875104,29.02600697015023],[55.13457156206312,29.02573553736704],[55.13526994962486,29.02542832831687],[55.13631712807455,29.02520426587181],[55.1373311245292,29.02510505794717],[55.13832448047395,29.02508833363656],[55.13876323396076,29.02542985824991],[55.1393868374653,29.02559980987621],[55.13953684057749,29.02571092391412],[55.13995787126397,29.02554593995578],[55.14035113139707,29.025344512834],[55.14085862637813,29.02536698813599],[55.14192629473397,29.02546769247975],[55.1425951265888,29.02538467487777],[55.14351681996593,29.02558668136825],[55.14405352976546,29.02579355125991],[55.15129737863251,29.02897845844445],[55.15190905166084,29.02912791418],[55.15365175200895,29.02976391224152],[55.15560905288812,29.03051599000393],[55.15947669085582,29.03239274045626],[55.16295653649515,29.03372169196154],[55.17699173429187,29.04453950408491],[55.19412371188223,29.05861238239108],[55.20028720733138,29.06503436864507],[55.2022116565835,29.06704626453774],[55.20343065261907,29.06745511282719],[55.2045244615244,29.06864280953293],[55.20989988387876,29.07361214510594],[55.21089934613175,29.07382173769467],[55.21242921875702,29.07560397276485],[55.21350628615572,29.07777268603048],[55.21747100640876,29.08056632039158],[55.22042453762956,29.08383821551986],[55.22385907881958,29.08505679496072],[55.22673178771,29.086563383822],[55.22970054837205,29.08895323473513],[55.23127223199469,29.09145770346773],[55.23256514000952,29.09265683303972],[55.2328525412254,29.09312307786417],[55.23365288329694,29.09624674960908],[55.23406469182056,29.09711843452256],[55.23432919343378,29.09779868423525],[55.234372799082,29.09800905586063],[55.23442354587549,29.09832780372212],[55.2344707279684,29.09909993996607],[55.23444633929321,29.09977638518313],[55.23556568294342,29.10152138552745],[55.2363803032343,29.10255401942428],[55.23838677406881,29.10360682377502],[55.23890472778732,29.104301675081],[55.2390354513291,29.10445002440698],[55.23917923260325,29.10456696350386],[55.23939891716643,29.10471422504971],[55.23957400521586,29.10484059823285],[55.24578359350664,29.11145956088905],[55.24703466445587,29.11376791199388],[55.24796601054872,29.1145380671755],[55.24869646884677,29.11501683730959],[55.25006827746595,29.11644017415764],[55.25086527852354,29.1168972430508],[55.25164923023826,29.11761356370464],[55.25210942602214,29.11953030820818],[55.25282672165434,29.1199930947563],[55.25419085134181,29.12024322463241],[55.25501181418371,29.1202539144888],[55.25521335704613,29.12047084945881],[55.25645252066872,29.12002000267293],[55.25677378313793,29.12010764832648],[55.25784360986606,29.1202907491975],[55.26211489577077,29.12016572297305],[55.26277390154167,29.12002988768015],[55.26556310998613,29.12017429088729],[55.26757531382168,29.12000404838561],[55.2683139349986,29.12013766781852],[55.26917539587525,29.12018488801133],[55.27085448671396,29.12042312538967],[55.274481755709,29.12130681014341],[55.27987972716799,29.12167848138656],[55.28289965098624,29.12183902024743],[55.29416442688255,29.12331610159725],[55.29779077125701,29.12361261118771],[55.29937243595242,29.12367103903576],[55.30453492325174,29.12470874409964],[55.31000065912944,29.12643587956612],[55.31274493414776,29.12683140458542],[55.31537990676165,29.1265848138529],[55.31747898394292,29.12690219711288],[55.31956908418267,29.12729839114653],[55.32214699315222,29.12955729760992],[55.32519248724751,29.13162799004495],[55.32856441228071,29.13435465338592],[55.33164231828385,29.13741822272112],[55.33342626894949,29.13982494947296],[55.3374497313869,29.14530723722944],[55.33924351828561,29.14943529584901],[55.34237057892182,29.15186532386855],[55.34677393028689,29.15741521506407],[55.3443712841389,29.16043556890805],[55.34329995893845,29.16441081974544],[55.33927291110385,29.17571279693798],[55.3375733959429,29.17878684169725],[55.33977666266971,29.1833801838432],[55.34554506649273,29.193007725289],[55.35563159471799,29.20472753141409],[55.35721970902827,29.20510798762136],[55.36405967998017,29.20249368871071],[55.36249675446015,29.20570507383961],[55.35766081456931,29.2142093202346],[55.35131526268809,29.21993350964156],[55.34890763913307,29.22830486690627],[55.34628191886626,29.23229698390483],[55.3399751562332,29.23805714773633],[55.33639283388399,29.24008806212341],[55.33406481455986,29.24280225858272],[55.33174982030601,29.24660843238739],[55.33206327382938,29.25229947816587],[55.33338781956348,29.25410041894588],[55.33421615511201,29.26140182425286],[55.33410893725772,29.26611080963545],[55.33301425229511,29.27395670784147],[55.33323746474657,29.27732529090649],[55.3329006030353,29.28095759184506],[55.33073406701403,29.28253673272114],[55.33054245058124,29.28532036576511],[55.32952831978231,29.28715526156932],[55.32750737489396,29.28853313615203],[55.32679520833578,29.2905454926747],[55.32285261633785,29.29559434354917],[55.31453514839055,29.30435974062798],[55.30959639078172,29.31057314448473],[55.30647409687307,29.31225931393022],[55.30475493268643,29.31343845010976],[55.30271265583119,29.31531433974137],[55.300496944452,29.31806932664884],[55.30186590251764,29.31850422682399],[55.30265583951289,29.31874620605218],[55.30466521070807,29.31886451543747],[55.30561238172125,29.31920124694139],[55.30591058438199,29.32726044540576],[55.30583808323072,29.32915444971965],[55.3057337973371,29.33110219261746],[55.30557056852,29.33412297555389],[55.30544551961091,29.33919256423638],[55.30560085122536,29.34225348254201],[55.30575290229635,29.34613549108428],[55.3056576796472,29.34877814707592],[55.30536588143597,29.35334029507996],[55.30508196395607,29.35742429647493],[55.30454325775479,29.36072001993599],[55.30368217251794,29.36233328301027],[55.30284654109312,29.36489432113569],[55.30117514521312,29.37001637441493],[55.29899882681571,29.37575457103],[55.29304601941421,29.38552297238727],[55.29315396536838,29.38646278376283],[55.29330293385655,29.38864834304013],[55.29122105220373,29.39484777342241],[55.2900248380157,29.39736798736983],[55.28874735263066,29.39981495623934],[55.28788812426971,29.40251091501009],[55.28632948147449,29.40573927192494],[55.28484982622872,29.4091671354002],[55.28460451983808,29.41150101229516],[55.28471331100053,29.41361386527106],[55.28449526774369,29.41371031401262],[55.28065576520093,29.41098991931884],[55.27675312895021,29.40835883526746],[55.27398692301636,29.40678906734716],[55.2702721405427,29.40342934876892],[55.26568631646077,29.39919196438998],[55.25941032118397,29.3937864088942],[55.25652810267012,29.39120417482324],[55.25250342942655,29.38795723360711],[55.24408722435693,29.38067314960712],[55.23383933761199,29.37270786896581],[55.22988842460302,29.36948606771552],[55.2270355640367,29.36707505842184],[55.22507062612571,29.36574055196352],[55.22098292706239,29.36564096275896],[55.2162774956787,29.36552396115552],[55.21268467808078,29.36599017415989],[55.20882675857572,29.36629933259119],[55.2052243702876,29.36613359211877],[55.20169013176056,29.36560774768577],[55.19905108928354,29.36513901915666],[55.18701763711051,29.3623412016064],[55.18248913094174,29.36215323328829],[55.17733520021542,29.36120764869241],[55.17292651723659,29.35948707043586],[55.16808289624123,29.35887698330871],[55.16174558988427,29.35915972353688],[55.16165562240137,29.35914365290723],[55.14194421605019,29.35944310329379],[55.13961270114174,29.3596851704789],[55.13745349288367,29.36004301900025],[55.12877442570566,29.36208702813315],[55.11714092744422,29.36345716847537],[55.11064362087372,29.36389761804564],[55.10693576607984,29.36444054021626],[55.10331979160866,29.36447035999899],[55.10078699571751,29.36496665918167],[55.09603497029185,29.36571094708315],[55.09060401961454,29.36529944016887],[55.08551699581533,29.36522649699932],[55.0814746327481,29.36437438530784],[55.07663384966244,29.36380839146991],[55.07371059464401,29.36206088209624],[55.06952244546932,29.36239731804025],[55.06742652896711,29.36140151873329],[55.06420498145962,29.36061492243206],[55.06277949781096,29.36157995995235],[55.0606390534179,29.36210600430647],[55.05404849543569,29.36194682768877],[55.04984004221537,29.36126954454783],[55.04617530362123,29.3615858289206],[55.04165743153506,29.36238122455593],[55.04101311838701,29.363957504241],[55.03838899953909,29.36544376255561],[55.03653928503876,29.36538522473105],[55.03556459518529,29.36535436773775],[55.03548910203718,29.36656976353289],[55.02483457927349,29.37858526165145],[55.02357292101002,29.40328735526292],[55.0263581734167,29.40604517932776],[55.02762760434688,29.41348841146379],[55.02717458038568,29.41982124086621],[55.02345477635465,29.42827537614124],[55.02012832868055,29.43580502408318],[55.01853191381043,29.44521642275878],[55.02186119421553,29.45578380908573],[55.02310683421219,29.46782879282664],[55.01673265244712,29.47411368276836],[54.99762578595725,29.48667464643836],[54.99663361865685,29.48943445504643],[54.99529899675918,29.49436385918093],[54.99720060766892,29.49655792831279],[54.99447316259586,29.50038362365003],[54.98711057035716,29.49717892274487],[54.97884017422054,29.49519740427101],[54.9636543347607,29.49783215358398],[54.95866016776233,29.50525204649808],[54.94846629631757,29.51097257397726],[54.94207921004381,29.51672645786522],[54.92605765903708,29.5086141364639],[54.90657705639558,29.50150339367324],[54.9008017723172,29.49862831318529],[54.89152090602216,29.49430544293473],[54.88415913721819,29.49124983265034],[54.87416959712171,29.48706918132893],[54.85818859992864,29.47420246944971],[54.84663391966458,29.46837567152145],[54.84385277908282,29.46616531314266],[54.84157064926472,29.46572359924497],[54.84222199553981,29.46807086566947],[54.84340108021601,29.47325057336765],[54.84392002386619,29.47747226109301],[54.84453883758807,29.48087456334916],[54.84516856407235,29.48376278594356],[54.84439213076882,29.48804692832488],[54.84440296143163,29.48826588667089],[54.84401692649763,29.4909120935447],[54.84414418493059,29.49263284504901],[54.8445840926221,29.49349932072249],[54.84483847480157,29.4948635084103],[54.84487000847403,29.495033182926],[54.84495745655832,29.49514963013363],[54.845082703469,29.49555088270684],[54.84640124546656,29.5010418251278],[54.84693947463657,29.50582317023341],[54.8462150506768,29.51129679525339],[54.84606303296583,29.51409114164615],[54.84538724201379,29.51580338297202],[54.84477247955675,29.51950143942466],[54.84599034320333,29.52287735371339],[54.84625708760172,29.52489357347929],[54.84711297807432,29.52734337153745],[54.84805389058851,29.52967725558193],[54.84900611211555,29.53196620692108],[54.84962738012685,29.53283335047496],[54.85099599722007,29.53446140505871],[54.85101305994952,29.53468545359866],[54.85104928275344,29.53516107477692],[54.85114940905834,29.53647578158839],[54.85107096292179,29.5387209791068],[54.85075302018708,29.542044936053],[54.84995848667618,29.54497323075416],[54.84908807073798,29.54758452170102],[54.84865561110725,29.54949016854444],[54.84832131632434,29.55114478772126],[54.84815853433136,29.55346980777617],[54.84949280188162,29.55624310951669],[54.8500460132167,29.55838124213461],[54.84982383899555,29.56010083207859],[54.84857672477924,29.56294960121082],[54.84768324626558,29.56609053437325],[54.84622730312708,29.56813519441949],[54.8453444535397,29.56999516993167],[54.8420765029764,29.5711758313582],[54.83875786077595,29.57335475843572],[54.83717101488629,29.57420403454961],[54.8353010742901,29.57574335631716],[54.83283904164846,29.57794060200104],[54.83121331405468,29.57867188201079],[54.82972911487335,29.57954078504281],[54.82693365237004,29.58091147168736],[54.82411625720814,29.581857713744],[54.82068966984214,29.58281193448192],[54.8188535080467,29.5832418814973],[54.81524425509072,29.5850049165082],[54.81402966323822,29.58580589776163],[54.8132320928003,29.58832787861401],[54.81066938091472,29.59276042068526],[54.81010512257799,29.59451035247923],[54.81094500799906,29.59815998191066],[54.81192787436017,29.59997152577065],[54.81277603226924,29.60132975396185],[54.81397375049594,29.60466950413479],[54.81446874922766,29.60613016393545],[54.8153000772264,29.6087511470921],[54.81572967307644,29.6098949646137],[54.81436504487711,29.61237151192286],[54.81335399141484,29.61424941480507],[54.81216412537305,29.61627772876447],[54.81138535276975,29.61648140083344],[54.80983599477179,29.61650995393743],[54.80815714391373,29.6163198266517],[54.8062997157644,29.61627107349368],[54.80444615976449,29.61652007377641],[54.80270755008475,29.61622965009756],[54.80099507769011,29.61568703066698],[54.80018685707081,29.6152405845897],[54.79864653342545,29.61528494590026],[54.79847340945399,29.61529334946682],[54.79740856023735,29.6151944733856],[54.79581475119936,29.61474623006541],[54.79422130539131,29.61462275590817],[54.79341061078352,29.61470625303465],[54.79260445880107,29.61456653461808],[54.79241047105045,29.61457007153727],[54.79201988911659,29.61456356956149],[54.79078569602555,29.61455203933869],[54.78927373117249,29.61439151998441],[54.78869002647867,29.61436374669301],[54.78826498043519,29.6143250826405],[54.78697230733405,29.61425841031538],[54.78655476063038,29.61426046522466],[54.78644150886478,29.61429015083734],[54.78618624622494,29.61432197701691],[54.78546346755272,29.61433923036363],[54.78504079022083,29.61438404640224],[54.78427892080276,29.61447732559334],[54.77981630677993,29.61486505592429],[54.77781484898616,29.61479544802459],[54.77363094476351,29.61490571357065],[54.77061349063285,29.61502643492677],[54.76740964360935,29.61564013946426],[54.76498898904311,29.61585197286717],[54.76411091804337,29.61587325859265],[54.76270206156892,29.61421659094493],[54.76115848572302,29.61258470126862],[54.75798393079092,29.60954493370562],[54.75468232750791,29.60665631053381],[54.75254173865453,29.60449096956602],[54.75085529200214,29.60233329778975],[54.74819330862798,29.59948243276625],[54.7451421693406,29.59588965053202],[54.74057713288745,29.59568117526727],[54.73814963698422,29.5957570937656],[54.73552910917041,29.59569435003736],[54.73224297665331,29.5963148359917],[54.72948164865458,29.59700737138759],[54.72693273110336,29.59743284289249],[54.72455597538107,29.59800556167569],[54.72218993773355,29.5981002816683],[54.71897468318517,29.59877577829983],[54.71538994275997,29.59935461897147],[54.71076621038837,29.60114234992766],[54.70413111517033,29.60285001245856],[54.70213154889883,29.6031672257563],[54.70075293143645,29.60432514073652],[54.69890635303067,29.60517721782379],[54.69730754408069,29.60557347836145],[54.69503427265848,29.60612038534801],[54.6894105629201,29.60781779350171],[54.6857668195364,29.60960364519838],[54.68366574085441,29.60983760926824],[54.68136300697132,29.61031158926676],[54.67875479537724,29.61059975704257],[54.6766456194506,29.6111852966665],[54.67415396701159,29.61179116045793],[54.67117160664578,29.61308299865147],[54.66983758483631,29.61362790877852],[54.66874867931204,29.61473643241035],[54.66712012138964,29.61641281710971],[54.66416093106629,29.61848072548331],[54.65995804600765,29.62119419349603],[54.6584536159454,29.62240354603346],[54.65677047105908,29.6233029999771],[54.65373089242434,29.62570302327851],[54.64992521158177,29.62907270295047],[54.64689541148659,29.6314817496434],[54.64450240985766,29.63314425659419],[54.64119429730398,29.63552115262717],[54.63836526528353,29.63727501332379],[54.63497640674559,29.63956009200296],[54.63195523000745,29.64157199257529],[54.62969009556964,29.64260501637539],[54.62655089817839,29.64523713079203],[54.62395342332354,29.64766236950106],[54.62143211749595,29.64991751922114],[54.61733579569589,29.65545503894029],[54.61499274257044,29.65801997184431],[54.61107098749177,29.66138633830333],[54.60754965310702,29.66571603704155],[54.60504641633609,29.66630227616218],[54.60148519079031,29.66794281558869],[54.59769048474778,29.6698406284455],[54.59196826284467,29.67242497633638],[54.58852731929424,29.67333663966201],[54.58663297762988,29.67479961374459],[54.58584829139996,29.67824033246338],[54.58457478433566,29.68138345960153],[54.58352095111345,29.68311429292034],[54.58159477277449,29.68632665933056],[54.57840732039365,29.69086004520219],[54.57675169091103,29.69268805743134],[54.57432540477458,29.6951965383366],[54.57222119739941,29.69719668463821],[54.56993112262953,29.69961736282472],[54.56812592984449,29.70206494702539],[54.56458890507595,29.70605027532669],[54.56172220578578,29.70836997389174],[54.55947999609568,29.71220759777395],[54.55944749014785,29.71226171536512],[54.55754459845227,29.71353950079371],[54.55544510938577,29.71171333082157],[54.55355056898689,29.71066352507943],[54.55148708210365,29.7095697882184],[54.54697742069843,29.70664714308263],[54.53982632233913,29.70355188990828],[54.53679111880658,29.70220631770592],[54.53268637882866,29.70010331829086],[54.52774531616679,29.69806902068422],[54.5152077762533,29.69265990886277],[54.51165372249562,29.69301279043228],[54.50791787344039,29.69263262740006],[54.5031132293761,29.69047607844628],[54.50181592465735,29.68930741053217],[54.49979762201848,29.6893322857012],[54.49806280811082,29.69048480599011],[54.49621972193742,29.69144725473816],[54.49080358174192,29.69250703639864],[54.48478842494851,29.69439599593387],[54.48377400830942,29.69545408377108],[54.48123635429977,29.69716794892425],[54.48028137192733,29.6972004089697],[54.47614245738915,29.69914601318473],[54.46857600894162,29.70200716141868],[54.46142126059567,29.70508055342265],[54.45757922586219,29.70663057741008],[54.45231838876781,29.70850398553136],[54.44948623566759,29.70905345254017],[54.44535499056271,29.71047250404695],[54.43832532848623,29.7134071433319],[54.42829097645422,29.71738909765695],[54.42321829800176,29.71880002037348],[54.41626644460394,29.72154367232298],[54.41340562947352,29.72328735143569],[54.40765148660908,29.72536912889525],[54.39763125244037,29.72870091243713],[54.39626882143886,29.72922857064801],[54.39312262357227,29.72999721490807],[54.38910158998799,29.73138699674958],[54.38899771620793,29.73135112105548],[54.3886819313688,29.73117350453273],[54.38789692979138,29.73055139930112],[54.38715498370583,29.73003161620259],[54.38540007147345,29.72885814562595],[54.3816880686162,29.72683897758888],[54.37569950262364,29.72222923103623],[54.37167155268186,29.71998213326403],[54.37377678210741,29.71639128521593],[54.37340658621616,29.71606087034731],[54.36794485167323,29.71368224040792],[54.36607203053215,29.71326677472728],[54.36246320416381,29.71214481862184],[54.36150458103896,29.71174401678027],[54.3597517079803,29.7111387139444],[54.35937376733055,29.71095879424353],[54.35928961107361,29.71077764256292],[54.35783498905622,29.71073636340856],[54.35650636821654,29.71065814611433],[54.35597489789859,29.71039228112541],[54.35566353006533,29.7101425335695],[54.35521003088062,29.70977877967843],[54.35503671319485,29.70963975989702],[54.35421644167787,29.70916223372162],[54.35335506016879,29.7088084397685],[54.35153428691799,29.70831097119132],[54.3502427213731,29.7079766351411],[54.34660948371638,29.70668668357985],[54.34556540608218,29.70639946411569],[54.34518917060655,29.70635629417406],[54.34474714732794,29.70625413635477],[54.34448092086482,29.7060302629865],[54.3445168845546,29.70580705333594],[54.34468447383399,29.70551177100331],[54.34653566500985,29.7029721380763],[54.34758538323418,29.70124023077752],[54.34822220900308,29.69997293459873],[54.34853157804761,29.69901665585484],[54.34863840208027,29.69557062968147],[54.34885431936168,29.69432349665938],[54.34966777262328,29.69266539760169],[54.3506777594325,29.68781847632753],[54.35109755019558,29.68558321938811],[54.35188978143201,29.68417912313935],[54.35266471849527,29.68172411529919],[54.35343936293393,29.68102485315439],[54.35465608846715,29.68087321233689],[54.35695231511473,29.68108618338958],[54.35759433964898,29.68087488798329],[54.35871366180722,29.67964597045765],[54.35999061612757,29.6779792690069],[54.36161473567219,29.67615338383703],[54.36230375131855,29.6753381147206],[54.36320250394044,29.6740989915968],[54.36392939015541,29.67308322682259],[54.36497826217877,29.67143242833433],[54.36561367976071,29.67039476918214],[54.36632378092966,29.66899115068987],[54.36713177112566,29.66745669071666],[54.36825923318341,29.66539096752986],[54.3695491758114,29.66294919955681],[54.37064280502343,29.66095731351029],[54.37204331237547,29.65877160023397],[54.37334438817693,29.65668724819272],[54.37497983333634,29.65415321392263],[54.37685001973498,29.65145462679354],[54.37751830976737,29.6504902789898],[54.37875039922084,29.64834230459417],[54.38041490238777,29.64530197072774],[54.38129254980673,29.6436871304346],[54.38214655150514,29.64222145909198],[54.38336399507997,29.64022567816628],[54.38448776999017,29.63838337669327],[54.38576552984177,29.63634533225972],[54.38668915957376,29.63490438486791],[54.3877396304789,29.63326550278986],[54.38886171829335,29.63151482342199],[54.38973559406728,29.63015136099311],[54.39121698597349,29.62795914447531],[54.39280369961568,29.62578161039688],[54.39463813280841,29.62274535530736],[54.3957234555856,29.62094889932956],[54.39709856582706,29.61873073788925],[54.39813972049043,29.61719079372725],[54.39929485276577,29.61546694007021],[54.40123050456671,29.61221153492626],[54.40159712774089,29.61181855588403],[54.40286703549035,29.6111294064916],[54.40394934677034,29.61023242527222],[54.40518871394072,29.60896722449246],[54.40579179401494,29.60813026920085],[54.40615829195873,29.60743763159774],[54.40599794316368,29.60694787012085],[54.40514699080634,29.60640951491707],[54.40619390549382,29.60564933570599],[54.40797793743103,29.60334281775087],[54.40861076803278,29.60184413949277],[54.41279240715832,29.59856115916329],[54.41498649643145,29.59716620105169],[54.416376172765,29.59571693378692],[54.42243606649708,29.58837468535857],[54.4265431314397,29.58366844520857],[54.42926961393374,29.58172456220672],[54.43147159781375,29.57885360145111],[54.43243226878437,29.57532312729601],[54.43385752974109,29.57203660586065],[54.43758452452758,29.56673090007313],[54.43862940202891,29.56226557751557],[54.43806897287541,29.55748355014612],[54.43808711553445,29.5558167207607],[54.43978324064791,29.55156467375898],[54.44128605090001,29.54842742238693],[54.44365779188111,29.54487986168247],[54.44523808370376,29.54293578792988],[54.44625853792851,29.53979775174439],[54.44723726971215,29.53837985547537],[54.44873064287967,29.53653662187276],[54.44970221581136,29.53494097282866],[54.45158158700877,29.53384407636729],[54.4522421652505,29.53314044431836],[54.45725994394776,29.52672695394113],[54.46137335248156,29.5217070508591],[54.46514364339308,29.51696168032008],[54.46973973200171,29.51172023454951],[54.47011701581589,29.51047952044252],[54.46982840837529,29.5097115951275],[54.4700151746656,29.50923696963935],[54.47135769609612,29.50852159847534],[54.47146220928121,29.50709455544844],[54.47202317709174,29.50606141515565],[54.47498645483038,29.50251661114996],[54.47563602978789,29.49976384137959],[54.4760503272075,29.49800812918361],[54.47656354025253,29.49608908278661],[54.47624107981036,29.4953503880503],[54.47571368585936,29.49218684235743],[54.47621584905807,29.48741627049843],[54.47560004715406,29.48389283774058],[54.47689143008611,29.48097540027429],[54.47896729913451,29.47656467499423],[54.47889490782974,29.47559882644647],[54.48157647658004,29.46915648678064],[54.48480291390918,29.4536140203724],[54.48414901775013,29.44919207331568],[54.48446204812612,29.4474787303088],[54.48298486161779,29.44180807330579],[54.48243003199906,29.4411653524391],[54.48201145512653,29.43961219311414],[54.48122651099966,29.43803307306347],[54.4800776409562,29.43649901592717],[54.47922069988309,29.4351883750458],[54.47714052492444,29.43254109955831],[54.47729552302063,29.42994202473428],[54.47883277401196,29.42501039839763],[54.47848519981043,29.42434406821687],[54.47834168661484,29.4237079517638],[54.47934679454442,29.4222241945823],[54.47956475739422,29.42147198141963],[54.47904460729085,29.41931713899166],[54.4778275911103,29.41696721688526],[54.47825625601966,29.41524969502532],[54.47816422605914,29.41374129743765],[54.4756147451354,29.41160390712189],[54.47524958446817,29.41041901810583],[54.47541006281715,29.40917063486521],[54.47652710260564,29.40739959218643],[54.47654104571736,29.40661716455113],[54.47611307743262,29.40477982677442],[54.47604590271357,29.4039995171779],[54.47607073855351,29.40353673945531],[54.47650665980221,29.4020323238049],[54.47634627035407,29.40089896432067],[54.47565619368573,29.39970833857461],[54.47462045730952,29.39885733069574],[54.47246616060337,29.39638960050798],[54.47074059694987,29.3933951994394],[54.4684491646508,29.39046883480381],[54.46595871015538,29.38765424765721],[54.46396106910164,29.3850045313141],[54.46352863857004,29.38302505259137],[54.46346819610591,29.38204364840005],[54.46347898957494,29.38203757346275],[54.4634956346535,29.38202793977314],[54.46353189134676,29.38200695597194],[54.46363678000123,29.38194625057226],[54.46367421294796,29.38192458602783],[54.46372930629747,29.38192951899362],[54.46378929138739,29.38193489096131],[54.46388078997368,29.38197286506778],[54.46409092676,29.38206284335425],[54.46437869000756,29.38218748693812],[54.46464906270771,29.38229754671324],[54.46495502851035,29.38242307784465],[54.46514346340515,29.38251990915772],[54.46541906254452,29.38257482585138],[54.46573911526728,29.38265032556086],[54.46595499061358,29.38266769839325],[54.46614931698696,29.38265879764754],[54.46619116070617,29.382514422922],[54.46627412305839,29.38235762303019],[54.46633670449989,29.38203382622936],[54.46675603573409,29.38181672379962],[54.46704043733095,29.38152581184372],[54.46660740898673,29.380905635754],[54.46645260225018,29.38070571987642],[54.46614768855952,29.38037926498737],[54.46613953654326,29.37996755379124],[54.46618194443279,29.37964092602084],[54.46620158726604,29.37934264907149],[54.46622372485335,29.37910000148617],[54.46619751487189,29.37869083771536],[54.46615489374844,29.37829416104311],[54.46612905055181,29.37805364221175],[54.4661155738854,29.37744072346527],[54.46611203437197,29.37739207325257],[54.46608462787741,29.37721051559577],[54.46629695822301,29.37701783434123],[54.46620926108528,29.37678564192516],[54.46595283845287,29.37616357982314],[54.46568465980307,29.37580208596459],[54.46755886806746,29.37225493225385],[54.46860019247043,29.37024292987384],[54.46888916278267,29.36902077359786],[54.46864193022159,29.36799881456651],[54.46276173132981,29.35849914256255],[54.46248739330742,29.35784272757476],[54.4647838210157,29.33140415182886],[54.46502110818502,29.3292981396742],[54.46641396102897,29.31242789142436],[54.46627846834279,29.30757509846277],[54.46545571502891,29.2965417528805],[54.47408140514623,29.28181480904823],[54.48783974712682,29.27046105472819],[54.48858204411926,29.26941195085616],[54.4894846979569,29.26744427647519],[54.48987058214887,29.2668095140017],[54.48690930312333,29.26590073866247],[54.48177682856289,29.25755055794456],[54.48140184171243,29.25107680729921],[54.48111084864681,29.24711473067283],[54.4800091108434,29.23862770381169],[54.480063250771,29.23245983834181],[54.48030539629492,29.22059460188362],[54.48260770215818,29.21965945294511],[54.48374240181841,29.21887247115015],[54.49510708660527,29.21023661447655],[54.49911586952549,29.20890766885991],[54.50039883824891,29.20799567381683],[54.50069384414492,29.20583141510921],[54.50149825787705,29.20465519585813],[54.50162408788088,29.20346629847743],[54.50266565964347,29.20050762710666],[54.5022933913134,29.19986250776071],[54.5015797968131,29.19929610248377],[54.50050531241642,29.19761679154985],[54.50028878491221,29.19654913089758],[54.50057129354368,29.19592028136298],[54.50096421688174,29.19535714372196],[54.50168321911337,29.19475255480211],[54.50267644270055,29.19401046144842],[54.50263496040201,29.19348674898466],[54.50313156401668,29.19311569895625],[54.50369153052684,29.1923655108476],[54.5042641518537,29.1910926167265],[54.50493010149748,29.19043947811353],[54.50538288480975,29.18963974222583],[54.50604306762788,29.18922419035296],[54.50696710507209,29.18909879104831],[54.50704310388411,29.18819694789767],[54.50846598830994,29.1876054303583],[54.5081018679079,29.18698062980843],[54.5081801515206,29.18598374819638],[54.50743353725927,29.18549444245443],[54.50598643061512,29.18484945951593],[54.5048034859289,29.18431672458784],[54.50400026883542,29.18345085050463],[54.50404388442491,29.18229362408397],[54.50330537611566,29.18147166860264],[54.50355764986134,29.18000263749001],[54.50343894566064,29.17819390448968],[54.50292395924566,29.17709087791163],[54.50295043528167,29.17599795304233],[54.50221773399431,29.17493840286739],[54.50173849300366,29.17459667803541],[54.5013306765732,29.17354318709497],[54.5007961066278,29.17290142855337],[54.50039955757442,29.17236476815988],[54.50362947306142,29.17062647496493],[54.50444775159442,29.16817702250675],[54.5059042082056,29.16725261093148],[54.50785149440641,29.1659303430508],[54.5105716215945,29.16289047174703],[54.51291232760725,29.16041286253784],[54.51336463141097,29.15948969575443],[54.51376885756756,29.15836386949701],[54.51371955223395,29.15747600731578],[54.51380572482002,29.15676251743758],[54.5141089168222,29.15653105072747],[54.51426615198204,29.1556835841006],[54.51440410727525,29.15562500269045],[54.51486014697689,29.15545252660995],[54.51524900375505,29.15502089631224],[54.51546041604581,29.15438027610002],[54.51554845988429,29.15354208230246],[54.5158046047143,29.15295344047273],[54.51612420069915,29.15260559408157],[54.51677926765721,29.15261198991171],[54.51725384074738,29.15225262301249],[54.51745956155534,29.15174857116678],[54.51820598691702,29.15101527670364],[54.51887857625813,29.15065167794899],[54.52093250871729,29.14878726287521],[54.52074763958604,29.14822637904734],[54.52139689245185,29.14728793817196],[54.52233181173185,29.14716635041106],[54.52282245246707,29.14697562978927],[54.52294377631118,29.14707750386451],[54.52376224316892,29.1467811650497],[54.52382644887623,29.14650468387301],[54.52413367127087,29.14633495224964],[54.5242363243086,29.14610595059135],[54.52447268687873,29.14584488804003],[54.52685278898031,29.14346692557051],[54.5271611015657,29.14332948849627],[54.52904360525659,29.14254036971847],[54.53023457383669,29.14124410621412],[54.53083001450755,29.14088895361961],[54.53193041606174,29.14076293716166],[54.53276850792702,29.14079376676738],[54.53489583004148,29.141003117286],[54.53820873207442,29.14026986534795],[54.54089020851578,29.13979797067229],[54.54275954127898,29.13910542497304],[54.5440867295963,29.13943045324206],[54.54551476923962,29.13968554676318],[54.5471712065915,29.13964864030228],[54.54883499230633,29.13890954205875],[54.54932380807655,29.13920369735626],[54.54980873686983,29.13938480515669],[54.55017199024675,29.1397678735303],[54.55265510412706,29.14096078924407],[54.55483017734293,29.14138032768298],[54.55493272547117,29.14168471898378],[54.55523650722331,29.1419514361174],[54.55527546805381,29.14308187449527],[54.55494154215268,29.14354333358378],[54.55451503151334,29.14500081664416],[54.55522762199382,29.14564673973303],[54.5570984108942,29.14543539211854],[54.55775451230656,29.14577355701732],[54.55897251985782,29.14638772711085],[54.55880639327891,29.14690938897375],[54.55856389585507,29.14735226147629],[54.55794623361638,29.14759497806664],[54.55758220047725,29.1482512104023],[54.55942905564303,29.14841223190197],[54.56059887862046,29.14837626347402],[54.56097739558143,29.14867330481813],[54.56282761998382,29.14946457843289],[54.56367829035848,29.14903783204892],[54.5644513740375,29.14903017444879],[54.56508298248541,29.14919115129695],[54.566580922002,29.14991093535575],[54.56698787241459,29.14996474442633],[54.56749127432989,29.15014529045523],[54.56835589842011,29.15012223785522],[54.56924508643662,29.15036700361451],[54.57158200364051,29.15076354195518],[54.57397702203573,29.15186338594742],[54.57468072180009,29.15304070353345],[54.57572063253522,29.15371765628123],[54.57685067456596,29.15391374561593],[54.57775640293423,29.15392491477635],[54.57805038353759,29.1539948164901],[54.57866739389441,29.15378855134254],[54.57962184815639,29.15364567686387],[54.58067840454344,29.15386295559816],[54.58150377804843,29.15417720927491],[54.58256797991903,29.15406790263961],[54.58290416962726,29.1542043740109],[54.58317562996827,29.15406779580964],[54.58368961298302,29.15402170361113],[54.58469861882618,29.15391385844599],[54.58594073600488,29.15415535816359],[54.58676633563766,29.154068575235],[54.58738363167348,29.15422724370777],[54.58865770262155,29.1543411343473],[54.58945590771314,29.15399645304669],[54.59091581451409,29.15361784761239],[54.59176092283289,29.15356283803667],[54.59218347697453,29.15353533215992],[54.59248608659905,29.15323626377977],[54.59296214006579,29.15315882817467],[54.59390654037779,29.15331126485938],[54.59462455764292,29.15330814171616],[54.59650285713391,29.15383955638507],[54.59743046585662,29.15395003823051],[54.59846695420426,29.15419083718646],[54.59906402409145,29.15429913853394],[54.59921226551226,29.15441417229267],[54.59985424713452,29.15491233497897],[54.60025968075272,29.15522693904817],[54.60203996349292,29.15660834590972],[54.60393126325327,29.15807583217023],[54.60510812213832,29.15898894074182],[54.60639368309374,29.15998635916316],[54.60581621082343,29.16308367995107],[54.60552056330173,29.16466931987821],[54.60526089862125,29.16606192614267],[54.6050328569617,29.16728490006015],[54.60477435577732,29.16867118289905],[54.60341962679455,29.17046112824838],[54.60281215256798,29.17126373275313],[54.60195166902289,29.17240058710468],[54.60102468399659,29.17362526653817],[54.59994569800477,29.17505071422152],[54.59751284939485,29.17826455800071],[54.5964086665465,29.17972312065217],[54.59391159134059,29.18302141774077],[54.59530156012693,29.18413749436771],[54.59715303314402,29.18562407842443],[54.59609389503807,29.18806573693936],[54.59346659100012,29.19071980770476],[54.59166312935749,29.19261685506958],[54.59044724896505,29.19446014199081],[54.58933723714593,29.19804186655724],[54.58862210661029,29.20040868504179],[54.58827782623344,29.20258923485537],[54.58938216092253,29.20201036050365],[54.5918274750325,29.20114575010014],[54.5960473624492,29.19987511179167],[54.60023872136087,29.19855106577196],[54.6037151262102,29.19703670001767],[54.61604731355699,29.18986156070049],[54.61803884843193,29.18846259425482],[54.61829471784448,29.188331826167],[54.62338074714193,29.18485811771452],[54.62429292789737,29.18423506501872],[54.62473072615958,29.18393602800134],[54.62492392174687,29.1838931194183],[54.62622842396683,29.18360337977206],[54.62857784997273,29.18292042513272],[54.62868936857101,29.18288800625738],[54.63858370053839,29.18141398384279],[54.64494904436319,29.18046529413191],[54.64735042759501,29.17972579116873],[54.6484478683865,29.17940706722293],[54.64942328698481,29.17912377262603],[54.65593735226113,29.17719888355554],[54.65733707883688,29.17678655465694],[54.66287282558585,29.17516995153705],[54.66433088728799,29.1749493133518],[54.66512446129011,29.1748292206498],[54.66605566084898,29.17461615395946],[54.66625127047847,29.17457139560934],[54.67447356582957,29.1726897357005],[54.6757702711515,29.17239293523648],[54.68095454731633,29.17105361574342],[54.68101500304331,29.17103799709643],[54.68193942104305,29.17090854040771],[54.68283409039164,29.1707832432769],[54.68377488543176,29.17044281481385],[54.68391401961757,29.17039246793138]]]},"properties":{"Name":"منطقه حفاظت شده بهرام گور","description":"<html xmlns:fo=\"http://www.w3.org/1999/XSL/Format\" xmlns:msxsl=\"urn:schemas-microsoft-com:xslt\">\n\n<head>\n\n<META http-equiv=\"Content-Type\" content=\"text/html\">\n\n<meta http-equiv=\"content-type\" content=\"text/html; charset=UTF-8\">\n\n</head>\n\n<body style=\"margin:0px 0px 0px 0px;overflow:auto;background:#FFFFFF;\">\n\n<table style=\"font-family:Arial,Verdana,Times;font-size:12px;text-align:left;width:100%;border-collapse:collapse;padding:3px 3px 3px 3px\">\n\n<tr style=\"text-align:center;font-weight:bold;background:#9CBCE2\">\n\n<td>منطقه حفاظت شده بهرام گور</td>\n\n</tr>\n\n<tr>\n\n<td>\n\n<table style=\"font-family:Arial,Verdana,Times;font-size:12px;text-align:left;width:100%;border-spacing:0px; padding:3px 3px 3px 3px\">\n\n<tr>\n\n<td>FID</td>\n\n<td>4</td>\n\n</tr>\n\n<tr bgcolor=\"#D4E4F3\">\n\n<td>OBJECTID_1</td>\n\n<td>5</td>\n\n</tr>\n\n<tr>\n\n<td>cod</td>\n\n<td>7</td>\n\n</tr>\n\n<tr bgcolor=\"#D4E4F3\">\n\n<td>tafkik_id</td>\n\n<td>3</td>\n\n</tr>\n\n<tr>\n\n<td>tafkik_nam</td>\n\n<td>منطقه حفاظت شده</td>\n\n</tr>\n\n<tr bgcolor=\"#D4E4F3\">\n\n<td>shahrestan</td>\n\n<td>ني ريز</td>\n\n</tr>\n\n<tr>\n\n<td>NAME1</td>\n\n<td>منطقه حفاظت شده بهرام گور</td>\n\n</tr>\n\n<tr bgcolor=\"#D4E4F3\">\n\n<td>sal_mosava</td>\n\n<td>1351</td>\n\n</tr>\n\n<tr>\n\n<td>AREA_ha</td>\n\n<td>372028</td>\n\n</tr>\n\n<tr bgcolor=\"#D4E4F3\">\n\n<td>F_AREA</td>\n\n<td>4038438487.69</td>\n\n</tr>\n\n<tr>\n\n<td>Shape_Leng</td>\n\n<td>348694.886781</td>\n\n</tr>\n\n</table>\n\n</td>\n\n</tr>\n\n</table>\n\n</body>\n\n</html>\n\n","timestamp":null,"begin":null,"end":null,"altitudeMode":"clampToGround","tessellate":-1,"extrude":0,"visibility":-1,"drawOrder":null,"icon":null,"snippet":""}},
{"type":"Feature","geometry":{"type":"Polygon","coordinates":[[[54.68391401961757,29.17039246793138],[54.68407115354532,29.17055649352721],[54.68505976310404,29.17162414055125],[54.68580646913279,29.17249639445942],[54.68653502851697,29.17304925233044],[54.68754224182474,29.17356009409157],[54.68866946869554,29.17421532798567],[54.68928752474381,29.17480125402827],[54.69107227107013,29.17640867590192],[54.69283122348718,29.17818471501329],[54.69465914673578,29.18004773803124],[54.6962765643689,29.18154568525059],[54.69842805809566,29.18302615817903],[54.69923691522292,29.18466251091122],[54.70006068839407,29.18582718257011],[54.70173189400666,29.18818674701816],[54.70264953339703,29.19058875150874],[54.7033354147327,29.19249674055471],[54.70438321134725,29.19474083142468],[54.70488579356497,29.19702858865677],[54.70458045748465,29.19926512260533],[54.70569897639348,29.20066673554988],[54.70694356611656,29.20214522582216],[54.70834101063817,29.20441094566679],[54.71075066196079,29.21095335038823],[54.71271160438109,29.21853420362796],[54.71405295611224,29.22333958878525],[54.71490062119135,29.22544639840373],[54.71592775621559,29.22714527772515],[54.71715538690552,29.22940801772992],[54.71865204302978,29.23352589961239],[54.71988852289007,29.23677778731508],[54.72070706456393,29.23828626187371],[54.72253606483741,29.24033503390224],[54.72708169553149,29.2447565109029],[54.730648334054,29.2476168132779],[54.73408947059746,29.24999170800279],[54.73518568934733,29.25062203338586],[54.73594691662794,29.25077044959009],[54.74017954710222,29.25203770967707],[54.74329653523412,29.25310622611356],[54.74410759776159,29.25359860268209],[54.74460594319876,29.2538107887777],[54.74533644919318,29.25339033870171],[54.74569256851743,29.2544616441207],[54.74628952521332,29.2549377807315],[54.74610441653802,29.2577422445927],[54.74785350566385,29.25997616367022],[54.74961624083792,29.26120148650315],[54.75070512486165,29.26219628707207],[54.75078686615769,29.2647485518361],[54.75126226493042,29.26687882703405],[54.75210720446178,29.26947306511775],[54.75340283764447,29.27099293585875],[54.75482823272907,29.27227395774978],[54.75931705220555,29.27747556669962],[54.76291072848533,29.28074904756051],[54.76524669181454,29.28307478932348],[54.76682986078625,29.28474525727276],[54.76947859157703,29.28837640358844],[54.77178032138503,29.29229314523613],[54.77273640968239,29.29537289033786],[54.77493128028613,29.29951198193519],[54.77599055910623,29.3017714339431],[54.77773110693877,29.30800273500497],[54.780084652149,29.31349694654189],[54.78213950889798,29.31704326521707],[54.78346208850582,29.3189707698359],[54.78538865364902,29.32057201772275],[54.78798430161233,29.32278214693741],[54.79170270860931,29.32433827429265],[54.79807358576885,29.32945027008975],[54.79585555950223,29.32948837240453],[54.79336650908651,29.33023186084594],[54.79247620774096,29.33197321268872],[54.79150304047016,29.33360109598747],[54.79035772657106,29.33530084555998],[54.78955580256059,29.33689418397685],[54.7889316176995,29.33815419354962],[54.78727951872888,29.33962133077106],[54.78492755087864,29.3418988177139],[54.78215242140141,29.34401976919587],[54.77613948795318,29.34991269223356],[54.77360837869815,29.35256060119939],[54.77238540830177,29.35388524755059],[54.76994588113969,29.35623570453897],[54.76784080049499,29.35889061465688],[54.76488615439602,29.36138179548687],[54.75819258276967,29.36709801204426],[54.75563158037689,29.36785729945684],[54.75391945093541,29.36825798806336],[54.75221622131424,29.3694274261379],[54.75125814790492,29.37074505241581],[54.75033081981969,29.37183712434264],[54.7496192570434,29.37367884688805],[54.74933042091727,29.37507557285886],[54.74927371485104,29.37765175529549],[54.74915631341013,29.37946733428471],[54.74797185662256,29.38050982908401],[54.74642256091462,29.38287992366201],[54.7455480481101,29.38508056399418],[54.74551415339469,29.3866172277486],[54.74568967492505,29.38802179656983],[54.74547941842294,29.39053207384387],[54.74429814644585,29.39259187004723],[54.7419307918125,29.39458634446527],[54.73998023212173,29.39640699319466],[54.73872256365729,29.3972446937093],[54.72226316165807,29.40892709676283],[54.71439493496801,29.41416267654029],[54.71227383868313,29.41557212398434],[54.70710389641965,29.41902410048835],[54.69753105513366,29.4257960890132],[54.69251133148199,29.42926775861029],[54.69071572817322,29.43041691257227],[54.68956427934601,29.43140017894095],[54.68754745589462,29.43189628986253],[54.68678612143374,29.43276827684364],[54.68583911894977,29.43365178586413],[54.68366927066678,29.43420418889653],[54.68109338663115,29.43482325158336],[54.6784847857338,29.43539743144898],[54.67650287841174,29.4358349643549],[54.67422913421507,29.43576574929476],[54.67286042458058,29.43518119459696],[54.67157125532747,29.43480456714256],[54.66923082494361,29.43544226823333],[54.668136418505,29.43539359402763],[54.66658513211112,29.43468775038427],[54.66581241862251,29.43369162239857],[54.66544957476308,29.43260825738809],[54.66416793512816,29.43116944332974],[54.66264642829741,29.42990344810629],[54.66204575406137,29.42890441977543],[54.66185201718397,29.42706273780576],[54.66116014937753,29.42489658192139],[54.66089512873101,29.42322478661734],[54.6594630085119,29.42247670025376],[54.6586425466575,29.42169798289189],[54.65777715438164,29.42094816178935],[54.65774419616299,29.41985498563539],[54.65761851070376,29.41774380901441],[54.657198650708,29.41580532128658],[54.65634366603156,29.41385917496131],[54.65559016486012,29.41255004150562],[54.65530769969793,29.41094936949742],[54.65487098512117,29.40974744634563],[54.65434479752838,29.40738782685437],[54.65289728788729,29.40488005311159],[54.65246919346135,29.40354354696053],[54.65312218281714,29.40195009047263],[54.65279276147725,29.39934509785144],[54.65157056800155,29.39747714020156],[54.65052745874777,29.39628698239856],[54.64971853273902,29.39478847839164],[54.64886789458575,29.39369402608338],[54.64778834460741,29.39268074660724],[54.64692578157304,29.39140143021475],[54.64686153228609,29.38996577153636],[54.64546176630942,29.38750803593297],[54.64309730335983,29.3839878720552],[54.6413989752294,29.3816853128707],[54.64054157286739,29.37667629328739],[54.63865918374536,29.36971179963112],[54.63670138210235,29.36602120199798],[54.63582781741061,29.36242650790469],[54.63435487025738,29.35811101624606],[54.63136951604739,29.35400158499491],[54.63147202883771,29.34957201220429],[54.63112636401652,29.34349258525481],[54.63084236380598,29.34175475050425],[54.6305960334696,29.33979033222165],[54.6305686705705,29.33817068083724],[54.63060086207877,29.33677933838689],[54.62949220600819,29.3350950246544],[54.62805106154786,29.33433083952838],[54.62677785218747,29.33331539061502],[54.62472425772838,29.33170370721882],[54.62372915112789,29.32988218067797],[54.62338607566669,29.32846143181171],[54.62074277612803,29.326425872631],[54.61755307027067,29.32489182294528],[54.6157234196596,29.32467449725945],[54.61405876033349,29.32363631581103],[54.61288636860164,29.3224790945155],[54.61124286937018,29.32137024306219],[54.61041462008167,29.31866249848032],[54.61016274920797,29.31695361205334],[54.61095490728583,29.31564690412167],[54.61203455510675,29.31173763737931],[54.61208812727177,29.30943768487434],[54.61205640881037,29.30662489126587],[54.61229244006677,29.30483951548069],[54.61245494495896,29.30342778679113],[54.61351006890671,29.30125936603442],[54.61422800034662,29.29965303628366],[54.61533457954689,29.29666173055421],[54.61756508477331,29.29131853626889],[54.61830786910908,29.28793721760284],[54.61622359226429,29.27792367725331],[54.61796190888888,29.27003211854666],[54.61846915807169,29.26771750951911],[54.61954070831793,29.26341881350869],[54.61944206905025,29.25649153436463],[54.6202794498077,29.25460320879127],[54.61991818648553,29.25341790035903],[54.62064659084617,29.25063850330906],[54.62071931253907,29.24819682853231],[54.62064871558866,29.24634914060048],[54.62045132590733,29.24508153183998],[54.6200001878582,29.24358215009651],[54.6162098921298,29.2338336279449],[54.61201192505108,29.22772514218083],[54.61376131506444,29.22071721345575],[54.61540254138016,29.2169684050968],[54.6172617370504,29.21079183843394],[54.61699007073551,29.20854002671012],[54.61763819318118,29.20711703284589],[54.61806434312756,29.20549123481174],[54.61811849226389,29.20385028883584],[54.61848641957108,29.20264103085039],[54.61888125136398,29.20166802580123],[54.61847216378054,29.19975748956215],[54.61941168722779,29.19762949989435],[54.61941307946552,29.19630860948843],[54.62032584883963,29.19323418773479],[54.62086709385201,29.19222684868786],[54.62151099178239,29.1902782247337],[54.62166181921379,29.18795154491465],[54.62288189614758,29.18628301662403],[54.62338074714193,29.18485811771452],[54.62343636948658,29.18469923998002],[54.62429292789737,29.18423506501872],[54.62492392174687,29.1838931194183],[54.62500983553674,29.18384656056703],[54.62807237297803,29.18299185578629],[54.62857784997273,29.18292042513272],[54.63164475025054,29.18248698597739],[54.63821967205244,29.18147826376606],[54.63858370053839,29.18141398384279],[54.64085230932655,29.18101337060574],[54.6452779145462,29.18027886797531],[54.64746469193427,29.17967746983687],[54.6484478683865,29.17940706722293],[54.65022920564969,29.17891712538483],[54.65459537908308,29.1776585700212],[54.65633164753939,29.17718244553261],[54.65689091494997,29.17702907610714],[54.6571851429101,29.17693669350945],[54.65914042611062,29.17632274650112],[54.66326956685306,29.17515917960778],[54.66433088728799,29.1749493133518],[54.66587350284948,29.17464425955782],[54.66623973800422,29.17457183346575],[54.66625127047847,29.17457139560934],[54.66854797445473,29.17448422530039],[54.67083627314258,29.17420448069601],[54.67286765081618,29.17351187280074],[54.67447356582957,29.1726897357005],[54.67479968235588,29.17252277865435],[54.67553228883258,29.17214961255889],[54.67755014835698,29.17112174540419],[54.67957816989417,29.17075352877343],[54.68071655828004,29.17081030305005],[54.68132405419264,29.17084059627661],[54.68193942104305,29.17090854040771],[54.68233868451411,29.17095262224353],[54.68323714057563,29.17068907127311],[54.68377488543176,29.17044281481385],[54.68390511688307,29.17038317523293],[54.68391401961757,29.17039246793138]]]},"properties":{"Name":"پارک ملي قطرويه","description":"<html xmlns:fo=\"http://www.w3.org/1999/XSL/Format\" xmlns:msxsl=\"urn:schemas-microsoft-com:xslt\">\n\n<head>\n\n<META http-equiv=\"Content-Type\" content=\"text/html\">\n\n<meta http-equiv=\"content-type\" content=\"text/html; charset=UTF-8\">\n\n</head>\n\n<body style=\"margin:0px 0px 0px 0px;overflow:auto;background:#FFFFFF;\">\n\n<table style=\"font-family:Arial,Verdana,Times;font-size:12px;text-align:left;width:100%;border-collapse:collapse;padding:3px 3px 3px 3px\">\n\n<tr style=\"text-align:center;font-weight:bold;background:#9CBCE2\">\n\n<td>پارک ملي قطرويه</td>\n\n</tr>\n\n<tr>\n\n<td>\n\n<table style=\"font-family:Arial,Verdana,Times;font-size:12px;text-align:left;width:100%;border-spacing:0px; padding:3px 3px 3px 3px\">\n\n<tr>\n\n<td>FID</td>\n\n<td>5</td>\n\n</tr>\n\n<tr bgcolor=\"#D4E4F3\">\n\n<td>OBJECTID_1</td>\n\n<td>6</td>\n\n</tr>\n\n<tr>\n\n<td>cod</td>\n\n<td>3</td>\n\n</tr>\n\n<tr bgcolor=\"#D4E4F3\">\n\n<td>tafkik_id</td>\n\n<td>1</td>\n\n</tr>\n\n<tr>\n\n<td>tafkik_nam</td>\n\n<td>پارک ملي</td>\n\n</tr>\n\n<tr bgcolor=\"#D4E4F3\">\n\n<td>shahrestan</td>\n\n<td>ني ريز</td>\n\n</tr>\n\n<tr>\n\n<td>NAME1</td>\n\n<td>پارک ملي قطرويه</td>\n\n</tr>\n\n<tr bgcolor=\"#D4E4F3\">\n\n<td>sal_mosava</td>\n\n<td>1386</td>\n\n</tr>\n\n<tr>\n\n<td>AREA_ha</td>\n\n<td>31816</td>\n\n</tr>\n\n<tr bgcolor=\"#D4E4F3\">\n\n<td>F_AREA</td>\n\n<td>318158800.022</td>\n\n</tr>\n\n<tr>\n\n<td>Shape_Leng</td>\n\n<td>76748.878502</td>\n\n</tr>\n\n</table>\n\n</td>\n\n</tr>\n\n</table>\n\n</body>\n\n</html>\n\n","timestamp":null,"begin":null,"end":null,"altitudeMode":"clampToGround","tessellate":-1,"extrude":0,"visibility":-1,"drawOrder":null,"icon":null,"snippet":""}},
{"type":"Feature","geometry":{"type":"Polygon","coordinates":[[[51.86136436428261,29.72415733365946],[51.8615474702449,29.72551155177427],[51.86043357781794,29.72649955823055],[51.8602695463322,29.72755622935881],[51.85993003813887,29.72831153938341],[51.85843849120185,29.72880744971853],[51.85804557739326,29.72982978866098],[51.85736656180715,29.73126792922918],[51.85616111744984,29.73120307955238],[51.85465049753551,29.73056221060965],[51.85223197893431,29.72898292612489],[51.85056114220958,29.727952957145],[51.84961509647858,29.72731208873171],[51.8491001126235,29.7271175386265],[51.84809303261288,29.72678566060124],[51.8475284573399,29.72637748768669],[51.84681510917147,29.7250270847916],[51.84550666823171,29.72426033076016],[51.84474754290378,29.72423362741909],[51.84382057117075,29.72458839437724],[51.84324073792497,29.72472953832363],[51.84208869908317,29.72396659897343],[51.84113502494092,29.72350883553231],[51.84079551707038,29.7230129242219],[51.84017753621209,29.72255897554676],[51.8391818997979,29.72234535273233],[51.83867454493546,29.72201728848827],[51.83831596301027,29.72139930774274],[51.8376407624466,29.72145652824035],[51.83652687011021,29.72142601037558],[51.83584785466775,29.72125434932605],[51.83545494026846,29.72067451534954],[51.83515357933108,29.7200412758672],[51.83484840379012,29.71947670002075],[51.83499336173521,29.71853065494552],[51.83417701732439,29.71796608017655],[51.83368492077282,29.71764946034948],[51.83264732368198,29.71661949230923],[51.83271598838614,29.71589469909902],[51.83242225606611,29.71554374725402],[51.83142280563629,29.71497917229405],[51.83069801293237,29.71469306983158],[51.83017158435825,29.71432685905462],[51.8294963836029,29.71373939547162],[51.82887840256055,29.71307182314731],[51.82846260003699,29.71283912722198],[51.8280658715696,29.71208381705969],[51.82765388508192,29.71161460880678],[51.82730674667526,29.71103096016944],[51.82732963531707,29.71034431527342],[51.82633018516427,29.7099704743664],[51.82612037588945,29.70938682622507],[51.8256092068445,29.7091007238882],[51.82468986437376,29.70896720935965],[51.82396507286068,29.70892143282891],[51.82351112341255,29.70847511378774],[51.82256126402535,29.70838737509244],[51.82173728894692,29.70837593153215],[51.82106971713473,29.70824623124382],[51.82012367231909,29.70782661463372],[51.81875038094086,29.70759010333398],[51.81813240044106,29.70726966912035],[51.81763267522705,29.70672035247273],[51.81658363362633,29.70576667788469],[51.8158740993301,29.70498085101383],[51.81543540913571,29.70423698463516],[51.81492042466708,29.70340156640069],[51.81439399693876,29.70311164928368],[51.81384849569069,29.70262718225734],[51.8132457733421,29.70179557837451],[51.81316947957866,29.70111656204119],[51.81223869284388,29.70002174428603],[51.81121253907826,29.69943428045815],[51.81002235427405,29.69873237676839],[51.8098468781392,29.69811058090734],[51.80871009753943,29.69731330887712],[51.80751609786859,29.69692421018177],[51.80697059656254,29.69653511132267],[51.80600166336516,29.69648170492936],[51.80543708825375,29.69696998677492],[51.8047733306195,29.69735145577968],[51.80399131723211,29.69727134769111],[51.80313682550431,29.69725990381397],[51.80253410365427,29.69747734095218],[51.80174827531104,29.69766807642856],[51.80116844175328,29.69758033833487],[51.80079841596613,29.69719505358159],[51.80005454974525,29.69710350108319],[51.79948234569368,29.69772911107038],[51.79872703501658,29.69814491321616],[51.79817771846621,29.69865226780928],[51.79803657484161,29.69936561649489],[51.79760169911344,29.6996364598377],[51.7970066062987,29.70019340548471],[51.79650688147245,29.70077705448513],[51.79589653005655,29.70101738040724],[51.79529380742399,29.7015666970352],[51.79472923210642,29.70238304208084],[51.79437446554588,29.70309257507544],[51.79342079110629,29.70366859512688],[51.79269981377339,29.70363807756966],[51.79205894411987,29.70477104212768],[51.79182624776347,29.70527076779623],[51.79087638860875,29.70540809677237],[51.79016685428078,29.70554924029405],[51.78948020939497,29.70512199409677],[51.7889652246651,29.70492363001009],[51.78849983236617,29.70476722801986],[51.78797721876315,29.70461845399369],[51.7874546043436,29.7044925696321],[51.78684425322522,29.70430183494679],[51.78611946073299,29.70413398805597],[51.78542900052947,29.70398139988665],[51.78471183722222,29.70385170013314],[51.78410530044904,29.70379447947848],[51.7835140225621,29.70360374451672],[51.78275871213346,29.70335960424241],[51.78207969680772,29.70261192360838],[51.78166770913349,29.70198249838955],[51.7814769740131,29.70164299086217],[51.78125190740484,29.70127296493696],[51.78100395203884,29.7008457186797],[51.78071403428111,29.70044136105505],[51.78031349123547,29.69975090082037],[51.77999687145716,29.69925880467106],[51.77963066125702,29.69859886237401],[51.7791500085288,29.69782066425177],[51.77867698623565,29.69717216508573],[51.7783641811841,29.69673728976257],[51.77796745278772,29.69618034438394],[51.77763557359366,29.69566154485075],[51.77741050649107,29.69517707888386],[51.77720069830548,29.69474220338266],[51.77698326074811,29.69421196053328],[51.77679634118234,29.69368171698752],[51.77662467902218,29.69301414558733],[51.77658653184213,29.6924991608],[51.77652168272621,29.69188118032189],[51.7765026085017,29.69095039391979],[51.77653312613235,29.69021034241254],[51.77657508813991,29.68945884731343],[51.77660560625205,29.68822669981346],[51.77661323488032,29.6873378760662],[51.77665519645516,29.68640327483568],[51.77669334431049,29.68565559470988],[51.77673149090054,29.68437767045462],[51.77677345238448,29.68299674998725],[51.77681541426997,29.68183708224191],[51.77681159994926,29.68142890928994],[51.77688789386704,29.6800022125868],[51.77691841115547,29.67868995719943],[51.77694129922035,29.67825889627645],[51.77692222534897,29.67719459594401],[51.77702140734793,29.67646217403193],[51.77764320319959,29.67557716431505],[51.77844429009237,29.67461204558645],[51.77942466736113,29.67348671024359],[51.7797908776278,29.67292976413331],[51.77994346606908,29.67243003884391],[51.78024101278168,29.67186546364617],[51.78053855852563,29.67141532911388],[51.78078651404207,29.67087364242089],[51.78082847577082,29.67030525227411],[51.78124427766864,29.66988563556528],[51.78193855215366,29.66924095208351],[51.78209877030941,29.66831779492395],[51.78196907033917,29.66764259355316],[51.78199195853894,29.66716575659851],[51.78238868711872,29.66621208253943],[51.78274726852116,29.66562080469901],[51.78302955606723,29.66517066979757],[51.78330039905369,29.66460609464119],[51.78354453995482,29.66410255516489],[51.78380775397388,29.66350364740373],[51.78401756284306,29.66310691899256],[51.78423881554142,29.66272544908124],[51.7845973965374,29.66220283559117],[51.78490257282618,29.66169548037347],[51.78514671279871,29.66129112320986],[51.78545570319267,29.66083717359815],[51.78577613804987,29.66035270720019],[51.78628349282933,29.65960502702652],[51.78675270085116,29.65896034302426],[51.78734016417441,29.65833854727781],[51.78777122444743,29.65761375433719],[51.78842353836364,29.65698432978789],[51.78905677775105,29.65659141606447],[51.78948020905268,29.65656089793606],[51.78990364036502,29.65666389529097],[51.79055213903018,29.65684318555824],[51.79106330875923,29.65703392048941],[51.79167365969704,29.65688133251929],[51.79215812702042,29.65671348613838],[51.79269599867838,29.65680503868413],[51.7933635710764,29.65692710941649],[51.79411125156921,29.65704917973423],[51.79459190338418,29.6571445471878],[51.79506492568957,29.65711021510677],[51.79564476024074,29.65697288563685],[51.79623985259772,29.65680503906757],[51.79643821729178,29.65647697530192],[51.79580116269893,29.65594673228394],[51.79566383355074,29.65520668103665],[51.79589271540389,29.65466117940882],[51.7960529327915,29.65413475083452],[51.79627418468235,29.65350532550588],[51.79669380176287,29.65316200269633],[51.79721260054479,29.65297889762374],[51.79782295152864,29.65279579193774],[51.7985401147977,29.65256690976391],[51.79903984014285,29.65219306943217],[51.79948616014782,29.65162849506413],[51.79986381475274,29.65106010453824],[51.80043220491093,29.65032386842893],[51.80113410946581,29.6496982576343],[51.80187416065629,29.64908027654247],[51.80237007081837,29.64856910729253],[51.80272102374088,29.64811134358358],[51.80317115730283,29.64757347115956],[51.80369377107298,29.6470203403664],[51.80401802077333,29.64663124113527],[51.80431175183119,29.64628028928527],[51.80469703618368,29.64580726627391],[51.80505561774857,29.64540290849898],[51.80547142025574,29.64499092111284],[51.80602836564226,29.64450264032175],[51.80669975233597,29.64409828236981],[51.80710029594088,29.6438694006138],[51.80772590604352,29.64353370665387],[51.80830192559933,29.64322471635422],[51.80915641739169,29.64271736156439],[51.80951118445285,29.64221000709468],[51.80936622645045,29.6417980202044],[51.80910682676983,29.64124107376706],[51.80894660890453,29.64065742520186],[51.80922126765287,29.64013481208109],[51.80962181098901,29.6393795020733],[51.8098621361136,29.63898658817499],[51.81014823852048,29.63854789737504],[51.81040382333851,29.63797569329831],[51.81057929978562,29.63744163549181],[51.81073951658084,29.63681602547946],[51.81113243125145,29.63615989769958],[51.81142234807062,29.63556480450401],[51.81175804065019,29.63493156489699],[51.8121471406674,29.634096145897],[51.81277275104119,29.63316535981964],[51.81273460327068,29.63236427366353],[51.81241035486049,29.63161659267717],[51.81205558792543,29.63104057314565],[51.81159400905202,29.63020896928673],[51.81132698059922,29.62980079713678],[51.81098365789431,29.62940025375598],[51.81041145276746,29.6289768226961],[51.81002616856978,29.62865257299998],[51.80991554264595,29.62808418359264],[51.80972099248757,29.62751579285568],[51.80948829586855,29.6271343231144],[51.80892753618886,29.6266498565618],[51.80812263457505,29.62603569084633],[51.80767631546915,29.62553215093567],[51.80721473651116,29.62502098168934],[51.80723381049907,29.62459755029748],[51.8073177331238,29.62419700696613],[51.80697441080749,29.62370109601873],[51.80707740772479,29.62313652086455],[51.807416915732,29.62264442464258],[51.807718276494,29.6221485140684],[51.80816078145654,29.6217136387251],[51.8087863923579,29.62133979861377],[51.80943870518976,29.6211910248423],[51.81015205395815,29.62109184292436],[51.81084251407422,29.62098121663536],[51.81146812440441,29.62088203505284],[51.81210899287768,29.6205577858392],[51.81251335147021,29.62030220066967],[51.81290626490165,29.61993980443665],[51.81338310199669,29.61959648148284],[51.81391716014935,29.61910057148537],[51.81460761993103,29.61855125502872],[51.81542778038508,29.61796760589745],[51.81595039373887,29.61759376528823],[51.81641197211449,29.61726570131506],[51.81692695582573,29.61685752892529],[51.81757926904206,29.61647987449981],[51.81823158269921,29.6160984039865],[51.81875801046895,29.61583900496907],[51.81959342938975,29.61544609070991],[51.82013511599487,29.61504173360041],[51.82067680372667,29.61452674911386],[51.82117271380634,29.61397361786459],[51.82167625416631,29.61349296602658],[51.82227516183089,29.61286735564101],[51.82312583857113,29.61223030169393],[51.82383918699868,29.61176872316633],[51.82441902111106,29.61145210331035],[51.82505989042908,29.61093330464219],[51.8257045743987,29.61022377096886],[51.82635688752394,29.60957145719258],[51.82676887524905,29.60902595561105],[51.82704353301123,29.60847282466124],[51.82735633876495,29.60778617909502],[51.82750511160094,29.60726356552463],[51.82780265781104,29.60619163564591],[51.82810020398555,29.60571861330226],[51.82832527089129,29.60469245987491],[51.82878303478483,29.60400962858916],[51.82923698358019,29.6033878326302],[51.82969474753018,29.60295295722967],[51.83022880555301,29.6023426057317],[51.83078193630766,29.60175132818791],[51.83126640287649,29.60125541704245],[51.83172416649494,29.60076332107363],[51.83255958518063,29.60008811987566],[51.83329200687398,29.59932518074047],[51.83386039689802,29.59870338523655],[51.83464241040042,29.59825706533293],[51.8347148896615,29.59748268212991],[51.83488273613481,29.59692573585104],[51.83506202641823,29.5963954926289],[51.83524513270461,29.59582328840397],[51.83538627580861,29.59503364592172],[51.83538627603563,29.59427070665759],[51.83521461440748,29.59349250837101],[51.83519935580198,29.59236717269842],[51.83533668513218,29.59159660410494],[51.83481788649951,29.59085273751207],[51.83437156649821,29.59045219469924],[51.83377647343358,29.589761734791],[51.8333301540077,29.58909416246529],[51.83299064586001,29.58851814334496],[51.83263587899764,29.58808326751663],[51.83230781560583,29.58761405941867],[51.83196449239363,29.58710670487331],[51.83159065231941,29.58666420057794],[51.83120155286774,29.58605766324418],[51.83081626876211,29.58541679433078],[51.83062553348575,29.58506584177608],[51.83027839620872,29.58456230209912],[51.82979393019939,29.5841464996086],[51.82948875367556,29.58384132438153],[51.82914161686292,29.58344841069566],[51.82866859414251,29.58296012912464],[51.82813453613742,29.58241081253696],[51.82756996167636,29.58172035264002],[51.82707786505831,29.58109855706363],[51.82662010155511,29.58057594381662],[51.82605171213895,29.58001518299115],[51.82562828088298,29.57961463992147],[51.82523918143487,29.57918357891567],[51.82469749433331,29.57853508021596],[51.82426261849178,29.57808113135285],[51.82389259358764,29.57758522074446],[51.82344245851068,29.57696723948001],[51.8229732511008,29.576452255543],[51.8225498201699,29.57605552675764],[51.82227134720762,29.57573890751555],[51.82180213953939,29.57515144354066],[51.82130241346312,29.57460212719201],[51.82098579403948,29.57425117545026],[51.82049751288114,29.57378959740804],[51.82011222774821,29.57342720111777],[51.8193836213138,29.57301521355051],[51.8188228602719,29.57266426087928],[51.81838798456246,29.57234382686794],[51.81772041271861,29.57185935978618],[51.81709098740349,29.5715084081305],[51.81641960160554,29.57121467633746],[51.81595802250533,29.57090187074989],[51.81548500006534,29.57058143658711],[51.81477546695339,29.57025337305628],[51.81413841178985,29.56987190245705],[51.81344413732462,29.56942939840939],[51.81245231554533,29.56897163461385],[51.81179237321722,29.56860160858917],[51.81131935069719,29.5682163245824],[51.81090354933615,29.56773185778979],[51.81043052601086,29.56734657318319],[51.80994224566941,29.56703376817907],[51.80940437249794,29.56699943574707],[51.80889320382601,29.56693077173731],[51.80838203432909,29.56685829190068],[51.80779457035457,29.56667137206762],[51.80728340121241,29.56639671393876],[51.80666160571543,29.56603050280743],[51.80618858299556,29.56566047705487],[51.80592155415459,29.56531715390926],[51.80566978465777,29.56495094382891],[51.80525398259355,29.56456565859152],[51.80433845475928,29.56447029134852],[51.80371284484817,29.564374924484],[51.80305290176848,29.56411552446576],[51.80233192377306,29.56367683413514],[51.80154609684077,29.56333351212989],[51.80083274826867,29.56368064910627],[51.80026817268288,29.56426429832365],[51.80046653699653,29.56497001710281],[51.80101203883074,29.56516456621732],[51.80137824936748,29.56536674512673],[51.80099677974739,29.56577491805832],[51.80042457559527,29.56614875872728],[51.79972267162793,29.56619453509943],[51.79914283684759,29.56616401723405],[51.79884529077183,29.56645393409028],[51.79859352071206,29.56691551277386],[51.79862022395046,29.5672779088681],[51.79934120201685,29.56741905230871],[51.79983329719808,29.56794166567111],[51.80016899032947,29.56840324477924],[51.80064201294758,29.56880378745875],[51.80106162996309,29.56934928918309],[51.80173301701458,29.57006645279352],[51.80158805838764,29.57043647765233],[51.80116462661975,29.57186317476771],[51.80118370064377,29.57298851054],[51.80088615364865,29.57345008870161],[51.80024528469846,29.57383918762612],[51.79974937402771,29.57415580828906],[51.79926109319076,29.57444953958829],[51.79870796195943,29.57442283693631],[51.79842185940936,29.57473564201838],[51.79783821048406,29.57482337967264],[51.79734229984759,29.57525444049736],[51.79678916896423,29.5750293733258],[51.7960147854111,29.57478523256414],[51.79553794807605,29.57436561661763],[51.79502677897449,29.57396125860356],[51.79438591024211,29.57396125836634],[51.79390144340209,29.57397270203916],[51.79358482382036,29.57369041523417],[51.79412651044861,29.57342720115338],[51.79457664495585,29.57310676622034],[51.79491233794683,29.57255744969945],[51.79431343014199,29.57250404386692],[51.79387473990187,29.57272148135735],[51.79345512414882,29.57259178205584],[51.79299354505424,29.57222175657172],[51.79261589015807,29.57190895084327],[51.79214286794123,29.57149696412533],[51.79244041387614,29.57112693853302],[51.79275321951683,29.57088661244897],[51.79238319403039,29.57071113605034],[51.7921276091439,29.57020759594899],[51.79190254210837,29.56963920644649],[51.79106712316468,29.56967735307236],[51.7903079979591,29.56971168595741],[51.79050636301012,29.56933021572865],[51.7908115385997,29.56900215217827],[51.79144477835264,29.56867027331186],[51.79201698273482,29.56829643297224],[51.79109382580253,29.56825828591605],[51.7902126309394,29.56820488001092],[51.78975105278101,29.568159103964],[51.78922080947716,29.56804847723946],[51.78868675254407,29.56786155766397],[51.78808402945386,29.56764030527584],[51.78726387014313,29.56733512918044],[51.78648185668871,29.56704521216323],[51.78588294932158,29.56682395952948],[51.78526878324628,29.56660652160053],[51.7844791413289,29.56632041999771],[51.78329658488288,29.56589698852438],[51.78287315328055,29.56573295643331],[51.78228950506435,29.56550025959176],[51.78162574778476,29.56524086072622],[51.78082466126256,29.56492424022671],[51.77996253987407,29.56461143515051],[51.77897071774454,29.56425285339094],[51.77761268605568,29.56375312854268],[51.77677726720945,29.56347084122972],[51.77575111324071,29.5631389623934],[51.77470207160118,29.56274604807725],[51.7736377710575,29.56234169047996],[51.77309226938971,29.56212806781175],[51.77221488955207,29.56175041231491],[51.77137184166787,29.56133842521999],[51.7703647608632,29.56085395840874],[51.76930046090531,29.56033897478829],[51.76886558482087,29.56009483338827],[51.76816368101917,29.5597591406464],[51.76762199330797,29.5594577791373],[51.76725196832106,29.55909538290428],[51.76679801900438,29.55882072449845],[51.76625251696636,29.55885887225158],[51.76570701602439,29.55896949770893],[51.76481819174637,29.55902290355963],[51.76395606954605,29.55908012442953],[51.76323127714925,29.55894661029714],[51.76238060006144,29.55911064220743],[51.76170158315041,29.55927085881389],[51.7610378260221,29.55916404807404],[51.76037025375646,29.5589427951716],[51.75989341670419,29.55882453998595],[51.75964546218344,29.55875968995312],[51.75974845912275,29.55709648195491],[51.75966835007467,29.55502128683158],[51.75958061226401,29.55193901071625],[51.75899314814994,29.55157280023372],[51.75833702015115,29.55119514478564],[51.75752449048377,29.55084419335515],[51.75689506516766,29.55058479389832],[51.75647544867238,29.55031013540273],[51.75680351276572,29.54993629476229],[51.75710105830712,29.54952430785127],[51.75731468126951,29.5492763527402],[51.75747108463028,29.5488834383735],[51.75776100102519,29.54852485723968],[51.75814247056869,29.54803657544935],[51.75875282218741,29.54736900364466],[51.75925254768175,29.54682350194151],[51.75981330876195,29.54619026203523],[51.76024055484682,29.54569053706874],[51.76074409486491,29.5450687410395],[51.76120567300864,29.5444316869925],[51.76165962227785,29.54384803794644],[51.76214408834542,29.54319572476885],[51.76274299574886,29.54251670916035],[51.76319694520959,29.54196739254984],[51.76358222957654,29.54154777573511],[51.76399421687855,29.541013718459],[51.76432609495842,29.54050636308336],[51.76484489432901,29.53992652948889],[51.76514244031243,29.53958702111301],[51.76557350181488,29.53911781344592],[51.76579856823944,29.53863334658066],[51.76597404457711,29.53794670135495],[51.76609230052193,29.53738212609895],[51.76629066481301,29.53673744203028],[51.76656913771597,29.53594398520427],[51.76670646605987,29.53544425999746],[51.7668209073538,29.53494453492165],[51.76705741879071,29.53411293106266],[51.76733589136249,29.53364372285178],[51.76779746998706,29.53307914783182],[51.76828956538225,29.53238868797904],[51.76895713807534,29.53158378625043],[51.76927375791742,29.53117179904201],[51.76984214767386,29.53050041259717],[51.77039146354284,29.52980995202507],[51.77094459507909,29.52919960034855],[51.77133369385429,29.52873039280921],[51.77155113186782,29.52835655243009],[51.77190589886505,29.52791023273809],[51.77210807817836,29.5275936126572],[51.7720279690683,29.52720069908363],[51.77212715161838,29.52684211782485],[51.7723598479247,29.52637290960616],[51.77274894679645,29.52573204110375],[51.77227973887761,29.52535057081221],[51.77153587326278,29.52486228959986],[51.77060508715049,29.52451515238261],[51.76965522741747,29.52419853269089],[51.76896476769718,29.52396965068482],[51.76841926595141,29.52380561901197],[51.76749229380702,29.52355003437347],[51.76662635758225,29.52358055147418],[51.7655773157495,29.52404975932637],[51.7646083833176,29.52462577834861],[51.76358985917244,29.52508354206897],[51.76290321286279,29.52542686478812],[51.76229286165341,29.5257015231835],[51.76148414549549,29.52591133195043],[51.76095771809332,29.52606391986278],[51.7601871487592,29.5263004307482],[51.75938224813932,29.52640724232437],[51.75855827348572,29.52633476287329],[51.75774574300648,29.52615928736734],[51.75664329480769,29.52613639895096],[51.75535392727746,29.52635002205219],[51.75431632940584,29.52657890380712],[51.75340080241686,29.52691459695134],[51.75266075076262,29.52715492288653],[51.75142860372068,29.52755928088641],[51.75087165786184,29.52774238649616],[51.7497463228104,29.52819252058695],[51.74836921624638,29.52878379845354],[51.74764442432304,29.52892875703221],[51.74678230291098,29.52927589464869],[51.74615287732969,29.52928352406702],[51.74559211714845,29.52920723036498],[51.74408149682075,29.52952766496005],[51.7428112025667,29.52995872550586],[51.74183464003272,29.5296573639882],[51.74056053119517,29.52972984319042],[51.73930931110014,29.52980613758377],[51.73832130427064,29.52985572848176],[51.73735618564925,29.52997779914386],[51.73601341173123,29.53014564577732],[51.73484992933766,29.53019142187118],[51.73388481071301,29.53008842507672],[51.73255348208038,29.52986335802625],[51.73142433183025,29.52952384976755],[51.73026466393707,29.52904701274055],[51.72957801811891,29.52863884028792],[51.7287731172356,29.52822303770093],[51.72783088642347,29.52780723581143],[51.7267704009718,29.52724266053396],[51.72571372941034,29.52681160057706],[51.72529411334763,29.52650260999089],[51.72458839407785,29.52643394473127],[51.72350120555755,29.52612876977575],[51.72239494346358,29.52542305039392],[51.72049903850493,29.52455329954262],[51.71885871863837,29.52386665414078],[51.71768760630114,29.52312660238628],[51.71687126173582,29.5225925447958],[51.71566581669641,29.52224540722835],[51.71512413000219,29.52189826988438],[51.71451759354767,29.52186775285663],[51.71321678121925,29.52121162434942],[51.71178626982739,29.52039909435668],[51.71083259553381,29.51978492773977],[51.70982551521449,29.51920127900724],[51.70879936229278,29.51871681224506],[51.70752143882322,29.5178432471659],[51.70778083746176,29.51751518269681],[51.70836448693802,29.51730537493694],[51.70893669127095,29.51715660157973],[51.7097606654508,29.5170497898016],[51.71081352162228,29.51703071611461],[51.71182060165791,29.51705741887463],[51.71247291525896,29.51707267769427],[51.71316719040153,29.51704216042575],[51.71376228300083,29.51697731062466],[51.71434974666858,29.51689338711225],[51.71494102504373,29.5168056491375],[51.71558952325982,29.51668739332245],[51.71636772174271,29.51650428836584],[51.71707343987584,29.5163097381625],[51.71761512686443,29.51611900367835],[51.71838951068971,29.5157947544413],[51.7194232942399,29.51535606408433],[51.72054481507941,29.51488304151405],[51.72149467402922,29.51446723943193],[51.72212028472337,29.51421165488438],[51.72290611267626,29.51379966757512],[51.72358131332739,29.51339530995012],[51.72410011311309,29.5130252840479],[51.72471427887972,29.51255226134043],[51.72534370439287,29.51207160957357],[51.72590446415106,29.51163673402487],[51.72650718698139,29.51121711811458],[51.72759437523081,29.51054573058687],[51.72849464361112,29.50999641486735],[51.72948646491596,29.50940895164504],[51.73043632471429,29.50884056101683],[51.73157691885694,29.50814247174565],[51.73297309803947,29.50731086771474],[51.73429679808535,29.5065097817589],[51.73560905428904,29.50572013911176],[51.73675727801088,29.50504493748901],[51.73734092724082,29.50468254151932],[51.73822593640295,29.50412941058339],[51.73885917654008,29.50367546122354],[51.73941230714071,29.50321006851519],[51.73982429526446,29.50278282185571],[51.74049186731726,29.50206184455288],[51.74123191838884,29.50126838715415],[51.74183082601272,29.50063133298098],[51.7424221032067,29.50000572259802],[51.74306678784139,29.49932670602136],[51.74431037886652,29.49799919200793],[51.74545097317594,29.49678993300638],[51.74606895378502,29.49612617562677],[51.74693489074021,29.49522972131773],[51.74742698664189,29.49486351071587],[51.74820518491804,29.49440193231124],[51.7491817468398,29.49398994504547],[51.75000190661387,29.49370002801594],[51.75064659115345,29.49347114621143],[51.7531719200872,29.49257850682951],[51.75411415063576,29.49222755461778],[51.75472831649808,29.49199485796449],[51.75517463617606,29.49180793814456],[51.75560188292615,29.49159812974328],[51.75638008071228,29.49112892221795],[51.75686836244833,29.49080085786757],[51.75732994074733,29.49046134948974],[51.75779151924957,29.49006462168198],[51.75844383254016,29.48942375186516],[51.75974082933298,29.48814964348471],[51.76038551331392,29.48776054381233],[51.76149177569595,29.48731422441501],[51.76209831232598,29.48690223747015],[51.76235389637976,29.4865818025759],[51.76266288730346,29.48597526601533],[51.76302146848169,29.48532676734547],[51.76509284981313,29.48320579529236],[51.76672554042366,29.48171424915192],[51.76931953355313,29.47937202525248],[51.76979637091274,29.47894096373697],[51.77067756599238,29.4795055395246],[51.77161598178708,29.48022651734975],[51.77228355387217,29.48071479879573],[51.77293586701339,29.48121833807038],[51.77377128549256,29.48185920778168],[51.77580833418818,29.48343086294768],[51.77637290902762,29.48385810899282],[51.77678108144232,29.48417091426031],[51.77713203447615,29.48443412862438],[51.7777118679945,29.4847660066781],[51.77873039197066,29.48491478044133],[51.77955818139286,29.48496437153293],[51.78108787530925,29.48510551474211],[51.78296089145029,29.48526573213233],[51.78914451585328,29.48582267847286],[51.7930850985184,29.48616218599814],[51.79448127759407,29.48598670966165],[51.79676246583725,29.48565483167919],[51.79790306044719,29.48547172588377],[51.80312156642032,29.48469352788635],[51.80613517721805,29.48425102266668],[51.80718803400847,29.48405647357219],[51.80758094775485,29.48401832635997],[51.80829811073926,29.48405265890855],[51.80905342046558,29.48419761684141],[51.80979347185453,29.4843463905904],[51.81073188762358,29.48450279317996],[51.81175422685907,29.48470497181307],[51.8135013582453,29.48499870353538],[51.81599998406839,29.48544883785882],[51.81767463710069,29.48573494036875],[51.81822776767719,29.48577308720927],[51.8189487459533,29.48580360417152],[51.81964302038803,29.48584556639587],[51.82015800438598,29.48587989888644],[51.8207416534415,29.48589897166731],[51.82151603654114,29.4859180455722],[51.82243919334982,29.48596382213312],[51.82325172425196,29.48601341301848],[51.82382392870468,29.48604011580905],[51.82444190948699,29.48606300375377],[51.82504844689537,29.48609733648798],[51.82564353914066,29.48612403930511],[51.82639884883108,29.48615837113939],[51.82711601209623,29.4862117769723],[51.82765007035328,29.48624229501818],[51.82838249138483,29.48628044189274],[51.82911109896985,29.48630332947031],[51.82983207684249,29.48629951558833],[51.83051872221488,29.48627662699749],[51.83118629442345,29.48622703588102],[51.8319110865655,29.48614311240233],[51.83264350917509,29.48608589220568],[51.83321952825925,29.48612785389749],[51.83390998817293,29.48624229516676],[51.83474159201353,29.48621940652841],[51.83526039065906,29.48613166809995],[51.83578300435256,29.48599433941402],[51.8366260525834,29.48566627519996],[51.83749580352615,29.4853267674189],[51.83791160562018,29.48519325336011],[51.83833885213446,29.48505210942255],[51.83891868583023,29.48483085714186],[51.83968543971631,29.48459434584347],[51.84021949731667,29.48438453693947],[51.84154319731877,29.48346138063362],[51.84237861654209,29.48285102896142],[51.84301185558075,29.48235511813145],[51.84438133260173,29.48130607636013],[51.84560584959307,29.48039817858967],[51.84652900630591,29.4796810152928],[51.84700202869551,29.47935295117933],[51.84751701293048,29.478971481864],[51.84813499394425,29.47857856765005],[51.8489437097555,29.47815895135989],[51.84976005575659,29.47773170516347],[51.85041618271454,29.47736930877242],[51.85114860505458,29.47698020952553],[51.85203742993714,29.4764728546118],[51.85259818975742,29.47612571723034],[51.85361671433827,29.47551155153114],[51.85465049695244,29.47485160831565],[51.8555355070874,29.47430229222933],[51.8566722869779,29.47357749951901],[51.85779380777495,29.47289848367631],[51.8584461210711,29.47245216380758],[51.85925102231612,29.47195625345445],[51.86005592291774,29.47146034282063],[51.8609027859708,29.47091484079879],[51.86163520796413,29.47046852154169],[51.86263847318457,29.46986961414285],[51.86346626227611,29.46935462966187],[51.86398887646184,29.46899604867581],[51.86434364323819,29.46872520482514],[51.86469078075493,29.46834754964005],[51.86525917051464,29.46769523661319],[51.86597633379646,29.46687126174433],[51.86646461484557,29.46635627817238],[51.86720466540671,29.46569633511735],[51.86773109451619,29.4653072362655],[51.86859321579641,29.46465110859029],[51.86932563798268,29.46409034749084],[51.87007331813867,29.4635372169404],[51.87077140811495,29.46304130626735],[51.87139320331311,29.46260261599091],[51.87217521610602,29.462129593242],[51.87325859068451,29.46185112041909],[51.87426948481172,29.46159172137168],[51.87515830959835,29.4610614781487],[51.87601280227761,29.46046257055049],[51.87686347892002,29.45987892196744],[51.87765312186176,29.4593257907336],[51.87850379933056,29.45873832787699],[51.87919044497255,29.45824623155202],[51.87994575478729,29.45772361806453],[51.88064384412495,29.45724678087012],[51.88133430433292,29.45676612887354],[51.88199043270896,29.45631217958021],[51.8826313018367,29.45584678737082],[51.88342094412626,29.45529747065121],[51.8842525476968,29.45469474795152],[51.88491249009709,29.45421409629934],[51.88581657391686,29.45357704189826],[51.88700675929243,29.45271492032008],[51.88765144374321,29.4522724154365],[51.88800239538249,29.45202827456001],[51.88863563481233,29.45178031932565],[51.88943672162713,29.45163154681642],[51.89031791696146,29.45147514393669],[51.89126396174716,29.45131492676362],[51.89204597406766,29.45117759786814],[51.89248084959908,29.45111274796822],[51.89303016686745,29.45105171273955],[51.89369010899347,29.4509449008084],[51.89431571905062,29.45051002513794],[51.89474296567457,29.45011711123898],[51.89514732376578,29.44972038349296],[51.89559364253489,29.44938087462661],[51.89633750914034,29.44895362863743],[51.89708137441212,29.44855308561734],[51.89789772030019,29.44810295126141],[51.8992061610594,29.44735527054201],[51.90048027047135,29.44665718124548],[51.90165138209419,29.44600486799644],[51.90231513926145,29.44567298928473],[51.90288734449036,29.44553947471997],[51.90534400892112,29.44563865693211],[51.90584754868625,29.44567298910311],[51.9066371913966,29.44570732176994],[51.90733146682562,29.44573402484031],[51.9079952235333,29.44576072754726],[51.90858268668396,29.44577980091571],[51.90913200398723,29.44581031836424],[51.90973854050468,29.44584083607731],[51.91015815736259,29.44586372414493],[51.91054725672104,29.44593620315116],[51.91111564567387,29.44624900861485],[51.91179084709795,29.44663810748772],[51.9124240874119,29.44700050363219],[51.91299247677016,29.44731712374942],[51.91384696918075,29.44779014636432],[51.91436576822391,29.44817924569791],[51.91452217067553,29.44860267658057],[51.91466331416675,29.4491367347404],[51.91477394098535,29.44956398041018],[51.91491127022974,29.4501018529957],[51.91503715530752,29.45059776308385],[51.9151477807041,29.45103263874994],[51.91528892501208,29.45158576978256],[51.91542625375313,29.45210456867463],[51.91552543627749,29.45249366776869],[51.91584205564718,29.4536914830805],[51.91618156436964,29.45496559209331],[51.91629981977912,29.45540809664108],[51.91641044630116,29.45580101019803],[51.91656303372466,29.45637321555241],[51.91673088019017,29.45701408417653],[51.91688728287247,29.45761680609239],[51.91701316760151,29.45808982852964],[51.9171848293269,29.4587306980292],[51.91736793456268,29.45940971446898],[51.91749382013641,29.45988655101582],[51.91769218451375,29.46062660249291],[51.91786003099034,29.46127510131029],[51.91797447165786,29.46172904996039],[51.9180660249295,29.46217155502869],[51.91818809495043,29.46277046213317],[51.91831016476222,29.46338462898684],[51.91840934694277,29.46391487189335],[51.91856193506272,29.46468925514015],[51.91867256142658,29.46525764480671],[51.91880989084878,29.465944290611],[51.91895103384309,29.46661949175006],[51.91898536620244,29.46711158826969],[51.91897773738844,29.4677333837633],[51.9189624785099,29.4685764316991],[51.91895484851577,29.46934700067518],[51.91884422250792,29.46994972313622],[51.91867256102897,29.47044181842421],[51.92026710534352,29.47081947378943],[51.92375373867025,29.47129631094281],[51.92678642221149,29.47147560150169],[51.93172264104841,29.47137260480409],[51.93538093571291,29.47178077764208],[51.94010353114253,29.47180748029882],[51.94408226021212,29.471529007598],[51.94711494376383,29.47105979987411],[51.95128822297704,29.47091865542106],[51.95698356641287,29.47174263018382],[51.96141624432813,29.47273063666248],[51.96646308896054,29.47386741696595],[51.96709251399051,29.47431373677841],[51.96849632261122,29.47521400467694],[51.97032737682328,29.47682380742134],[51.97096061700166,29.47704124499409],[51.97138023324412,29.47744941755432],[51.97192954974514,29.47802543658496],[51.97216606103531,29.47854042126926],[51.97265815705494,29.47891044701324],[51.97375679006118,29.47917747508539],[51.97397804199122,29.47920799330624],[51.97442436183515,29.47930336021555],[51.97470283484057,29.47935295137237],[51.97520256051268,29.47946739235688],[51.97556877091598,29.47944831895726],[51.97604942283689,29.47950935429641],[51.9766445157715,29.47957801842542],[51.97748756394505,29.47974205019994],[51.97780418396212,29.47988700940243],[51.97786903352811,29.48003959697272],[51.97781181284542,29.48036766058996],[51.97814750641517,29.48042488110866],[51.97906684876911,29.48060798660642],[51.97943305965715,29.48073387153804],[51.97916221599628,29.48143196131592],[51.97887611403897,29.48215293916428],[51.9784374233744,29.48284721391601],[51.97793006855267,29.48352241575449],[51.97753715444177,29.48405647340531],[51.97721290535464,29.48449134842399],[51.97698020960294,29.48495674219481],[51.97673988281174,29.48544502300452],[51.97600364678558,29.48575401325622],[51.97476005580377,29.48592567464833],[51.97353172303065,29.48806572023569],[51.97261619561351,29.49025535586292],[51.97125816340366,29.49195671117748],[51.96915245000112,29.49344825807198],[51.96642494175374,29.49526786803778],[51.96299934356415,29.49600410462523],[51.95925712602692,29.49645805378323],[51.95875740029122,29.49669837965788],[51.95821952801229,29.49701881411148],[51.95770454369654,29.49733543476156],[51.9570598600149,29.49780464233233],[51.95648765523432,29.49818229674367],[51.95591545070331,29.49854087876068],[51.95527458145074,29.4990367895377],[51.95473289414971,29.49953270008174],[51.95435142521823,29.49995994639836],[51.95391273450418,29.50039100708296],[51.95334053061137,29.50103950574611],[51.95295905996434,29.50143241931955],[51.95258522044415,29.50185585084887],[51.95207405016804,29.50240898217158],[51.95139121997704,29.50288581895125],[51.95075035108395,29.50326347378654],[51.95002937247401,29.50364494406828],[51.94964027407551,29.50382041969051],[51.94816780062263,29.50456428549094],[51.94710731514357,29.50514411980013],[51.94771003656103,29.50549888664443],[51.94828224147043,29.50579261803147],[51.94931983943248,29.50636100775485],[51.95019721943056,29.50687217717795],[51.95110130255214,29.50739097671447],[51.95187568592424,29.50783348092999],[51.95266151424293,29.50821876534645],[51.9535045616506,29.50870704708515],[51.95411872804323,29.508859635021],[51.95504569936725,29.50921821621212],[51.95589637683233,29.50952339188328],[51.95656394888164,29.50987815935249],[51.95689964223787,29.51028633200089],[51.95730781578879,29.51074409566657],[51.95783042846229,29.51107597402118],[51.95831108119529,29.51148414632433],[51.95934867794945,29.51194191025913],[51.96014595042073,29.51295280491912],[51.96096229507538,29.51362037746177],[51.96153449973714,29.51438331662639],[51.96162605308866,29.51534843530397],[51.96165657068478,29.51615715110257],[51.96197700511661,29.51694679314257],[51.96235084513002,29.51718330385044],[51.96321678087014,29.51759147718987],[51.96577644365262,29.51788902298495],[51.96798133786882,29.51820945780864],[51.97098732009791,29.51844215416881],[51.97387504572362,29.51852607777265],[51.97597312945008,29.51910972676898],[51.97768974296616,29.5205097200089],[51.97948265073918,29.52185249325922],[51.9804668422083,29.52311134378455],[51.98100090024215,29.52438926697218],[51.98173713706896,29.52647590697754],[51.98250389041657,29.52777290388138],[51.98286628654086,29.52888679548689],[51.98278999271172,29.53000450160356],[51.98257637021791,29.5306987768454],[51.98210334738715,29.53166389537469],[51.98206901575193,29.53259086611307],[51.98269081138321,29.53323936487505],[51.98422813351817,29.53315162666029],[51.98542213389631,29.53341102667432],[51.9872264855433,29.53370475844985],[51.98865318268115,29.53387260523387],[51.9894695275424,29.53441810677307],[51.9895420072887,29.53507042015876],[51.98843955929881,29.53612327644327],[51.98765373254078,29.53689765952018],[51.9864711756032,29.53729057393553],[51.98480415335416,29.53791999815099],[51.98502921989978,29.53853416451064],[51.98641395581723,29.53975486831651],[51.98713493361319,29.54122352678493],[51.98818778975673,29.54197502163617],[51.98922538757107,29.54324531580175],[51.98916053714381,29.54413795538677],[51.98849296528499,29.54538536129489],[51.98807716375169,29.5464725499787],[51.98792839018596,29.54743766797978],[51.98838233962659,29.54790687591862],[51.98908424328965,29.54839897186768],[51.98932838366733,29.54904747086079],[51.98949623041477,29.54956245468888],[51.9899158470548,29.54976081854314],[51.99110984776271,29.55030250572635],[51.99138832021987,29.55079460200778],[51.9919528959205,29.55103874269935],[51.99232673631546,29.55156898524945],[51.99268913287661,29.55209159889723],[51.99313163687774,29.55248832700664],[51.99370765609942,29.5530338294606],[51.99382209749524,29.55364799522997],[51.99363136237213,29.55434227034392],[51.99380683886872,29.5550289155901],[51.99421882593405,29.5553760535112],[51.99482154819808,29.55550575286352],[51.99525642361409,29.55551719726434],[51.99581336999628,29.55557441713821],[51.99551963759995,29.55629539501049],[51.9953975675613,29.55717659045638],[51.99554634025328,29.55779075676906],[51.9956989283419,29.55830192638384],[51.99613761882459,29.5587482455139],[51.99683952293005,29.55908775395795],[51.99734687740911,29.55948829659521],[51.99779319706391,29.55958747927424],[51.99819755535962,29.56015205448786],[51.99880027766709,29.56063270617148],[51.99935340903686,29.56082344061171],[51.99997520438205,29.56078147886678],[52.00055885289046,29.5606212620713],[52.00115013075399,29.56052970949773],[52.00195121757773,29.56038856509818],[52.00255012472972,29.56017112743372],[52.00285530045814,29.55975914039027],[52.00323677011676,29.55931663587221],[52.00354194580247,29.55898475684725],[52.00409126298775,29.55864906361538],[52.00479698180913,29.55827903818237],[52.00533485371673,29.55805015648394],[52.00592613161059,29.55780983035332],[52.00655174274848,29.55749702475355],[52.00707817042606,29.55726051409201],[52.0075740808288,29.55702400273093],[52.00813865638124,29.55661582974469],[52.0088367460069,29.55613899289743],[52.00951576244876,29.55562019362788],[52.00996208129284,29.55527687098179],[52.01064491294996,29.55475044294222],[52.01151847800723,29.55483055193923],[52.01206398017398,29.55496406571096],[52.01209068258364,29.55558586171559],[52.01230430623273,29.55600929281681],[52.01168632518485,29.55626487795148],[52.01228904652294,29.55668830873069],[52.0128192897063,29.55706596390824],[52.01337623536946,29.55742073103484],[52.01383399953883,29.55789375336076],[52.01414680408267,29.5584392554634],[52.01448249800237,29.55900001558538],[52.01500892577737,29.55916786250504],[52.01552009510136,29.55921363882149],[52.0161266327346,29.55916023289115],[52.01686668332134,29.55903434815549],[52.01765251157159,29.55880928065988],[52.01823234560135,29.55853080797631],[52.0187854767497,29.55831718444501],[52.0191287995223,29.55801582349663],[52.01946449296748,29.55773735125638],[52.01980018560054,29.5574588781924],[52.019849776514,29.55701255837977],[52.01977729817644,29.55659294148562],[52.02050208993518,29.55659675626838],[52.02117347692133,29.5566844946569],[52.02160072310568,29.55645942764993],[52.02204322807813,29.55611610430156],[52.02248573265877,29.55569267286343],[52.02308464054982,29.55527687137906],[52.02358436524089,29.55505561856436],[52.02411460829835,29.55462837243678],[52.02462196358041,29.55410575867452],[52.02487373307556,29.55375099211295],[52.02544975227628,29.55399131772721],[52.02596855171421,29.55423927341928],[52.02661704962566,29.55428886412307],[52.02748298579339,29.55420112684428],[52.02837181022308,29.55423545851985],[52.02884483277936,29.5539569855083],[52.029241562134,29.55369758678085],[52.02977561911853,29.55353736892213],[52.03031730598168,29.55352973950927],[52.0308742523347,29.55345726059658],[52.03125953607566,29.55319023154567],[52.03199577353826,29.5529994964487],[52.032743454088,29.55285072325398],[52.03379249578191,29.55256843593962],[52.03462028462908,29.55233955403471],[52.03515815697793,29.55194664076081],[52.03566551197061,29.5520343786058],[52.03607368449645,29.55224800134798],[52.03641700750549,29.55282020570553],[52.03673362658374,29.5532779698654],[52.03687858520201,29.55378150957644],[52.03717613162544,29.55441093477287],[52.03749275133947,29.55489540113325],[52.03773689255954,29.55521965051788],[52.03829765311878,29.55508995064883],[52.03854560824372,29.55460166929876],[52.03866386405229,29.55386161858848],[52.03864097566056,29.55310630818012],[52.03897285424683,29.55230140743182],[52.03948020882726,29.55176734932263],[52.03926658555444,29.55132103044071],[52.0388545988352,29.55090904287415],[52.03873252894445,29.55041694704084],[52.0393123622308,29.55058479381553],[52.03979682927858,29.55048561171287],[52.04133796638538,29.55032157980203],[52.04208564697296,29.55029869164758],[52.04281806909111,29.55072975240729],[52.04402351339002,29.55101585449741],[52.04457282957442,29.55134773329259],[52.04475974970673,29.55194282542537],[52.04508399894583,29.55243492206524],[52.04588127103368,29.55298805311396],[52.04713630674859,29.5533351904621],[52.04818534821801,29.55412101746062],[52.04999732969893,29.5557727818076],[52.05150794930768,29.55687141440671],[52.05267143186954,29.55751609851274],[52.05373573261542,29.55867576616347],[52.05481910683245,29.55985832248468],[52.05658531152056,29.56068229759843],[52.05828285240917,29.56225395219944],[52.05912590016938,29.5627269744959],[52.06043052640385,29.56370735177935],[52.06194877621964,29.56559944164099],[52.06300163234214,29.56680870108659],[52.06447029103865,29.56802177482656],[52.06613731353711,29.56899833694682],[52.06910514838803,29.57032585169931],[52.07415199256675,29.57117652901819],[52.0772457120428,29.57244682313545],[52.08046913074542,29.57397651717859],[52.08300590441883,29.57496833862701],[52.0866985314199,29.57594871572741],[52.08839988681216,29.57654380873013],[52.08956718375536,29.57736778335651],[52.09009742757333,29.57827949589065],[52.08987617435816,29.57879447970581],[52.08892631491707,29.57902336159654],[52.08761405962424,29.5793094638268],[52.0866184234033,29.57991600054389],[52.08579063346766,29.58079338132834],[52.08579826341789,29.58157920863003],[52.08528327892981,29.58220100406498],[52.08479118274261,29.58283805931511],[52.08485221847613,29.5845050816464],[52.08507347123839,29.58620262200126],[52.08537483235578,29.58860206650548],[52.08415412869555,29.58916282690753],[52.08239173912408,29.5900707251871],[52.08076286242229,29.59045982402557],[52.07938194229676,29.59100914020618],[52.07786750718795,29.59159660389162],[52.07707786500409,29.59219551154732],[52.07597923290137,29.59347724978193],[52.07546806279684,29.59467124970873],[52.07523155212641,29.59590339691521],[52.07476997385169,29.59739494360978],[52.07421684192158,29.59871101407418],[52.07328987096828,29.59974861159143],[52.07240104680221,29.60063362143443],[52.07123374864398,29.60075950697082],[52.0702381132842,29.60046958932819],[52.06879234302148,29.60033989033321],[52.06739234856661,29.60054969864135],[52.06652641283963,29.60047340441671],[52.06653404210282,29.60094261201224],[52.06631278923992,29.60156059325067],[52.06593894978538,29.6019306185614],[52.06540107707571,29.60227394101848],[52.06489753747113,29.60296440164904],[52.0644359587819,29.6033267982827],[52.06416511464798,29.60395622320961],[52.06408882128813,29.60445976286407],[52.06385993883086,29.60505867054096],[52.06371879500832,29.60542869570461],[52.06316566426133,29.60591316238279],[52.06265068027874,29.60643577588782],[52.06237220754971,29.60707664521019],[52.06202507028168,29.6077022555749],[52.06222343470331,29.60868263314045],[52.06267738323821,29.60938453704204],[52.06309318550618,29.61000251794482],[52.06361198404895,29.61063957230416],[52.06374931353346,29.61113166877417],[52.06373405426318,29.61168479996565],[52.06372261055706,29.61213874830494],[52.06343650786795,29.61268806465998],[52.06272697401923,29.61290931769199],[52.06226539578004,29.61324501043713],[52.06198310812193,29.61408805892295],[52.06218147303194,29.61477470406257],[52.06224632210213,29.6152858738407],[52.06226539614765,29.61583519043723],[52.06225776655289,29.61647224512043],[52.06223487791259,29.61698722881515],[52.06208991952242,29.61748313950788],[52.06194496151984,29.61791420025885],[52.0619487759225,29.61829948442362],[52.06200981153966,29.61883735688118],[52.06214714038428,29.61924552988705],[52.06238746594656,29.61963462892192],[52.06266593884894,29.62005424540078],[52.06285285932027,29.62051200873765],[52.0631504055047,29.6210727696786],[52.06326866080378,29.62180137652492],[52.06345558116505,29.62259864838241],[52.06369209230918,29.62328529367517],[52.06393623334967,29.62401390079313],[52.0642642975672,29.62448310850876],[52.06451606700738,29.62489128158935],[52.06490135212141,29.62565422117903],[52.06539344729418,29.6261730195282],[52.06555747994987,29.62667656015028],[52.06601142810109,29.62703514150771],[52.06638526922807,29.62740898197951],[52.06687736504943,29.62784385731662],[52.06749916084682,29.62845039422414],[52.06800651498444,29.62893486087013],[52.06841468761007,29.62927055372274],[52.06905555703781,29.62967109742217],[52.06965065024785,29.63010978735548],[52.07044029251137,29.63032722492314],[52.07122230552803,29.63077735957027],[52.07161521848246,29.63121223511267],[52.0718822476774,29.63171577480389],[52.07256889325539,29.6321086889138],[52.07308387695603,29.63271522544208],[52.07365608240298,29.63324928360245],[52.07400321892893,29.63372230596908],[52.07439613341617,29.63411140506221],[52.07487296985511,29.63462638937713],[52.07545661945005,29.6346645356974],[52.07587242082517,29.63502693214005],[52.07649421688099,29.63532829348386],[52.07683753913146,29.63557243421411],[52.07708549491856,29.63589668291646],[52.07779884352624,29.63617515596374],[52.07852745056627,29.63645744371158],[52.07908821116472,29.63683128374677],[52.07945442186757,29.6372165686142],[52.07946968053035,29.63765144368374],[52.07928276025338,29.63821983347301],[52.07897758429055,29.63857078589673],[52.07824897727949,29.63888740561684],[52.07772636410202,29.63959693955883],[52.07799339260169,29.63981056221195],[52.07858848535447,29.64045906120241],[52.07924842835255,29.64080619891324],[52.07979774494765,29.64155387963099],[52.08050346300573,29.64219093364618],[52.08095359731106,29.64274406436663],[52.08142280591569,29.64318275449171],[52.08180809027604,29.64373207118571],[52.08196449232893,29.64418602072679],[52.08244514482018,29.64473533682382],[52.08298301686519,29.6452274327913],[52.08384513791446,29.64540672314734],[52.08416175774347,29.64573860180613],[52.08443641635872,29.6462268830525],[52.08519935572841,29.64650535624676],[52.08584785457803,29.64637184187903],[52.08656501745299,29.64651298534871],[52.08724403331738,29.64700126702128],[52.08764457637629,29.64736366277971],[52.08786964419382,29.64798545912625],[52.08800315785689,29.64863777193831],[52.08816719046058,29.64907646188651],[52.08814048772571,29.6495609287921],[52.08820152214436,29.65023994501489],[52.08841514591492,29.6510181429847],[52.08868217449722,29.65191459696337],[52.08877372747402,29.65258216920367],[52.08908271796722,29.65309333824629],[52.08943366974371,29.65376854008428],[52.08952522251494,29.65424919143459],[52.08978462166039,29.65468406728496],[52.09019660927299,29.65508461031282],[52.09063911362752,29.65530967721752],[52.09115409824661,29.65573692340646],[52.0916309353811,29.65627479573913],[52.09212684585235,29.65676689156697],[52.09244728106892,29.65705680881113],[52.09277915945062,29.65728569114151],[52.09343910165478,29.65770912219523],[52.09391975420689,29.65806388870843],[52.09441185013995,29.65839576732244],[52.09485816906619,29.65879631120917],[52.09536552421825,29.65901374837526],[52.09568595820266,29.65923881562939],[52.09601402281761,29.65963935915986],[52.09645271317789,29.65996360830131],[52.0968608856465,29.66050910993804],[52.09739494282129,29.66092109693432],[52.09789466784904,29.66155433677255],[52.0981731416903,29.66237449645397],[52.09850883425869,29.66290092471536],[52.09913825981325,29.66329383880824],[52.09960365256676,29.66367912356661],[52.10006141664097,29.6640758521672],[52.1004886628205,29.66454124506773],[52.1010761261448,29.66491508507931],[52.10080146750076,29.66520881707132],[52.09983634948946,29.66532325749519],[52.09882163937974,29.66495323187631],[52.09791374181972,29.66496849143143],[52.09704017648953,29.66473197997768],[52.09613227849724,29.66489982686698],[52.09560584985441,29.6651630402763],[52.09491920433222,29.66489982620035],[52.09431266730065,29.66493797340956],[52.09316825831631,29.66467857407631],[52.09243202177652,29.66420173647115],[52.09147834732196,29.66398429917813],[52.09069251987497,29.66348075933941],[52.0902271269104,29.66306114246094],[52.08960914578123,29.66315650987855],[52.08918571484048,29.66326713579716],[52.08866310091193,29.66364097633396],[52.08804512039757,29.66411399892376],[52.08777809066336,29.66452598574248],[52.08755683909963,29.66514396708481],[52.08741569448743,29.66575431869262],[52.08741950996598,29.66621208218536],[52.08743858295924,29.66667366043806],[52.08740425057679,29.66727256811533],[52.08725547813813,29.66798210145275],[52.08685493405632,29.66863060038972],[52.08666801439693,29.66919899017677],[52.08672523466133,29.66978263855447],[52.0862445824925,29.67055702266428],[52.08604621832351,29.67148017914275],[52.08619117720332,29.67248344432186],[52.08621025033263,29.67299842867146],[52.08630561787378,29.67353248653967],[52.08620262111628,29.67418098494784],[52.08640098570257,29.67482948366249],[52.08665657066548,29.67580604582063],[52.086679458233,29.67628669746033],[52.08675575250756,29.67699623179593],[52.08665275590672,29.67745399525938],[52.08677482536294,29.67809867871078],[52.08689308100077,29.67861366291514],[52.08702659618896,29.67913246173752],[52.0872936243157,29.68007850725508],[52.0876674647793,29.68099021975127],[52.0878963468683,29.6816501618426],[52.08800697344731,29.68221473753976],[52.08783531134267,29.68266105692162],[52.08807182306071,29.68353462275898],[52.08850669811977,29.68396949797485],[52.088926314681,29.6845836645698],[52.08953666686163,29.68542289777061],[52.08984184266453,29.68629264899823],[52.08994865357046,29.68692970280069],[52.09031104965398,29.68751716689769],[52.0906581880363,29.68799781874634],[52.09071540833443,29.68836402968904],[52.09030723575137,29.6881389620072],[52.08991432191608,29.68793296827991],[52.08928489686379,29.68765068118085],[52.08821678153117,29.68722343530324],[52.0871562950307,29.68676948578833],[52.0862483972459,29.68637275701069],[52.08568763741841,29.68616676390173],[52.08481025663533,29.68588447626736],[52.0838413238773,29.68563652077345],[52.08286857536031,29.68541145393934],[52.08178901611955,29.6852397919768],[52.08088493340365,29.6850681307682],[52.08035469034348,29.68498802251377],[52.07966423035197,29.68484687859254],[52.07892036459375,29.68474006726327],[52.07789421008662,29.6846141820939],[52.07723808241175,29.68461418183357],[52.07631492541073,29.68469047566277],[52.07542228665431,29.68495750497326],[52.07459831200929,29.68530464257264],[52.07406806888585,29.68556022658364],[52.07354927032236,29.68581962596535],[52.07306861805345,29.68601417580478],[52.07250404376026,29.68629264915395],[52.07193946798984,29.68654060381684],[52.07121848991584,29.6867961883709],[52.07049751271832,29.68690681463375],[52.06955146785138,29.68682289148564],[52.06860160754724,29.68650245723018],[52.06784629747965,29.68615150459359],[52.06723976066176,29.68589592020409],[52.06668663039643,29.68570899976324],[52.0659503930552,29.68555259760562],[52.06550407366028,29.68553352357656],[52.06479072568784,29.68556022669686],[52.06411170933075,29.68570899999813],[52.06350517243227,29.68591117917085],[52.06269645644446,29.68619728135355],[52.06217384339393,29.68638420171168],[52.06114768985496,29.68657112138725],[52.0603847503263,29.68670463640516],[52.05977439895901,29.68681526199006],[52.05877113279097,29.68712425253741],[52.05806922919132,29.68742942841694],[52.05754661570904,29.68774223344727],[52.05686759966976,29.68807792716443],[52.05632972665822,29.68836784369876],[52.05533790587423,29.68913078334041],[52.05456733723436,29.68998527613774],[52.05393409702551,29.69088935852982],[52.05337715105529,29.69166755754764],[52.05297660755894,29.69222450259133],[52.05217170716205,29.69333076505055],[52.05174446113748,29.69377326997767],[52.05131721468154,29.69412803709923],[52.05076026903223,29.69449043305476],[52.0501079559628,29.6948146819787],[52.04921913092134,29.69508552608443],[52.04760551389585,29.69539833112547],[52.04632759084627,29.69561958355711],[52.04538154544424,29.69576835709618],[52.04463768015106,29.69584083573862],[52.0438899992643,29.69602394160114],[52.04329109162696,29.69610404990765],[52.04268455451175,29.69590187084729],[52.04210090641392,29.69568061839605],[52.04065513575474,29.69581031862837],[52.03975105299273,29.69589424132531],[52.03914451602191,29.69584083619064],[52.03872108429852,29.69563102776067],[52.03837394702636,29.69529914870841],[52.03772163327626,29.69462013284191],[52.03690528822138,29.69376945566481],[52.03632163934348,29.69315910385874],[52.03600501956449,29.69282341034981],[52.0354213713329,29.6922626499223],[52.03508186339478,29.69164466859476],[52.0348682404417,29.69095039438423],[52.03470802319696,29.69033622802357],[52.03469657899668,29.68989753798753],[52.03477287300973,29.68919563364776],[52.03484916649102,29.68852806119007],[52.03489494277368,29.68789100711854],[52.03476524339113,29.68737983716382],[52.03453254698314,29.68707084736572],[52.03438377382285,29.68663978645163],[52.03437995848049,29.68606376725004],[52.03429222106416,29.68537330655522],[52.03414344804342,29.68464469910759],[52.03411292993779,29.68403816223937],[52.03410148547779,29.68367576664537],[52.03405189515274,29.68337059036623],[52.03381919871434,29.68268013045891],[52.03362083446757,29.68227958731112],[52.03333473172039,29.68187904409493],[52.03307151777464,29.68148613045584],[52.03282356193552,29.68099021944084],[52.0325183863464,29.68028831491741],[52.03252983047281,29.67960166991603],[52.03246116576062,29.67895698578771],[52.0319652551532,29.67823219378976],[52.03178596480647,29.67773246795347],[52.03141975333646,29.6771907810209],[52.03105735740994,29.6767940522369],[52.03085899349977,29.67628288342534],[52.03071403501942,29.67562675475696],[52.03025245666628,29.6751499182516],[52.0297985069725,29.67499351539853],[52.02930259650095,29.67465782249948],[52.02903938269426,29.67424583511504],[52.02895545944649,29.67385673591101],[52.02893638544554,29.67334938120064],[52.02873420704631,29.67285347041744],[52.02827262825134,29.67228126565343],[52.02789115845962,29.67193031319331],[52.02755546533024,29.67160987861713],[52.02723503119979,29.67116737387375],[52.02665519673479,29.67048835818985],[52.02610588008006,29.66998100322333],[52.02542305019212,29.66935539280324],[52.0247592923064,29.66872596822648],[52.02429008447427,29.66821479845043],[52.02398490851598,29.66778755196168],[52.02365684506037,29.66742897069943],[52.02322578446439,29.66681480448064],[52.02274131735225,29.66621971206795],[52.02205467157371,29.66560554556348],[52.02105140693876,29.66497612084557],[52.02031135525588,29.66452980102244],[52.01974296562513,29.66414833086356],[52.01910209616224,29.66375923221613],[52.01854896563823,29.66345787120444],[52.01793861375764,29.663072586862],[52.01750755290756,29.662820816508],[52.01704978962292,29.66257667573446],[52.01640129057372,29.66220283538641],[52.01585578903146,29.66187858624114],[52.01531791669061,29.66161918664981],[52.01456260674241,29.66131782562938],[52.01384925821164,29.66113853469718],[52.01333427421159,29.66107368552757],[52.01269340537372,29.66116142330037],[52.01214027415598,29.66153907844867],[52.01192283643019,29.662111282387],[52.01193046534194,29.66271019004416],[52.01192665120065,29.66328620992408],[52.01170539782783,29.66401100186977],[52.01144218429162,29.66481208870626],[52.0113391870731,29.66540718111298],[52.01117897018933,29.66596412728773],[52.01088142326571,29.66653251682355],[52.01061820941368,29.66692543082898],[52.01033973702521,29.66726493905862],[52.00339317301694,29.66258811998313],[51.99910545343309,29.65972709723745],[51.98161888117829,29.6475162512694],[51.97683525024726,29.64421272311091],[51.96028709429567,29.63285636900041],[51.9542026517599,29.62853431738501],[51.95205879148347,29.62709236166177],[51.94811439502031,29.62823677117303],[51.94638633686579,29.63038063094809],[51.94492912297086,29.63219642698178],[51.94414329500587,29.63370704695327],[51.9433231353785,29.63529396119017],[51.93877983102239,29.63982200708464],[51.93783760063685,29.64071846073342],[51.93845939644915,29.64358329770108],[51.9392566680046,29.64587974603861],[51.93861198440299,29.64624977166835],[51.93721961969947,29.64731407178744],[51.9364719392987,29.64858055177185],[51.93428993205718,29.65070533760862],[51.93354225113045,29.65179252663326],[51.93175697340067,29.65270805361668],[51.93094444262936,29.65403938359172],[51.93055915849311,29.65698814391524],[51.92974281303329,29.6583766938864],[51.92734718274589,29.66002082832929],[51.92440223654908,29.66196632421514],[51.91911888133025,29.66441154483658],[51.91658592218914,29.66611289996464],[51.91480827321681,29.667810440061],[51.9133625031872,29.66794014014924],[51.91227531451362,29.6693325043798],[51.90960121162703,29.67109489478732],[51.90618324255173,29.67400550914699],[51.9030399319318,29.6770954139041],[51.90147590603439,29.67945289677551],[51.90081596302643,29.67987251364594],[51.89908027595185,29.6809749610545],[51.89771461487415,29.68266868645683],[51.89559364301194,29.68426704449136],[51.89190864575693,29.68830299393847],[51.88837242054548,29.69285392760821],[51.88684654214293,29.69580268868421],[51.88608741689158,29.69822120701358],[51.88464546213264,29.70109367379393],[51.88286781269766,29.7026233672957],[51.88198661812982,29.70431709298611],[51.88062095628208,29.70601081891611],[51.87698173542451,29.70717811624798],[51.87397193901202,29.70990562522154],[51.87123298601207,29.71239280720174],[51.87090110777861,29.71347618141277],[51.86957359263415,29.71483421326116],[51.86859321565506,29.71770286642282],[51.86770439113062,29.71879386940541],[51.86694908095388,29.7192173008802],[51.86647224375005,29.71988487311592],[51.86559104858791,29.72127342280674],[51.86394309984063,29.7220058448752],[51.86319160465167,29.7229747773556],[51.86136436428261,29.72415733365946]]]},"properties":{"Name":"منطقه حفاظت شده ارژن و پريشان","description":"<html xmlns:fo=\"http://www.w3.org/1999/XSL/Format\" xmlns:msxsl=\"urn:schemas-microsoft-com:xslt\">\n\n<head>\n\n<META http-equiv=\"Content-Type\" content=\"text/html\">\n\n<meta http-equiv=\"content-type\" content=\"text/html; charset=UTF-8\">\n\n</head>\n\n<body style=\"margin:0px 0px 0px 0px;overflow:auto;background:#FFFFFF;\">\n\n<table style=\"font-family:Arial,Verdana,Times;font-size:12px;text-align:left;width:100%;border-collapse:collapse;padding:3px 3px 3px 3px\">\n\n<tr style=\"text-align:center;font-weight:bold;background:#9CBCE2\">\n\n<td>منطقه حفاظت شده ارژن و پريشان</td>\n\n</tr>\n\n<tr>\n\n<td>\n\n<table style=\"font-family:Arial,Verdana,Times;font-size:12px;text-align:left;width:100%;border-spacing:0px; padding:3px 3px 3px 3px\">\n\n<tr>\n\n<td>FID</td>\n\n<td>6</td>\n\n</tr>\n\n<tr bgcolor=\"#D4E4F3\">\n\n<td>OBJECTID_1</td>\n\n<td>7</td>\n\n</tr>\n\n<tr>\n\n<td>cod</td>\n\n<td>6</td>\n\n</tr>\n\n<tr bgcolor=\"#D4E4F3\">\n\n<td>tafkik_id</td>\n\n<td>3</td>\n\n</tr>\n\n<tr>\n\n<td>tafkik_nam</td>\n\n<td>منطقه حفاظت شده</td>\n\n</tr>\n\n<tr bgcolor=\"#D4E4F3\">\n\n<td>shahrestan</td>\n\n<td>کارزون - شيراز</td>\n\n</tr>\n\n<tr>\n\n<td>NAME1</td>\n\n<td>منطقه حفاظت شده ارژن و پريشان</td>\n\n</tr>\n\n<tr bgcolor=\"#D4E4F3\">\n\n<td>sal_mosava</td>\n\n<td>1361</td>\n\n</tr>\n\n<tr>\n\n<td>AREA_ha</td>\n\n<td>56713</td>\n\n</tr>\n\n<tr bgcolor=\"#D4E4F3\">\n\n<td>F_AREA</td>\n\n<td>567130692.705</td>\n\n</tr>\n\n<tr>\n\n<td>Shape_Leng</td>\n\n<td>158007.232561</td>\n\n</tr>\n\n</table>\n\n</td>\n\n</tr>\n\n</table>\n\n</body>\n\n</html>\n\n","timestamp":null,"begin":null,"end":null,"altitudeMode":"clampToGround","tessellate":-1,"extrude":0,"visibility":-1,"drawOrder":null,"icon":null,"snippet":""}},
{"type":"Feature","geometry":{"type":"Polygon","coordinates":[[[53.42574243516573,30.84843279705973],[53.42360890564766,30.84867788724452],[53.42088127902554,30.8489340588468],[53.41815620681788,30.84929268656239],[53.41413181486399,30.84998318455522],[53.4106963267951,30.85045746982486],[53.40761469796023,30.85082251773722],[53.40296175676236,30.8517613771534],[53.40277910928119,30.85179822747026],[53.40257594877262,30.85183921591898],[53.39792498837393,30.85330218205949],[53.39703211207692,30.85358301387939],[53.39643941952374,30.85373595506539],[53.39360657011943,30.85446691619192],[53.39041352399618,30.85514130900236],[53.38744029891215,30.85509363088171],[53.38362513280889,30.85465114110863],[53.38027770099259,30.85389224621311],[53.37922835198054,30.85351672247294],[53.37808697989991,30.85310825415014],[53.37789745369857,30.85304042570166],[53.37727920724483,30.85281916389981],[53.37620477618109,30.85279678107199],[53.3746625161631,30.85276463684169],[53.3731843814953,30.85274453388848],[53.37145169675857,30.85272094716174],[53.36762658604361,30.85186790503797],[53.36760894992747,30.85115028404068],[53.36719454307587,30.84879889800976],[53.36654252343963,30.84645185471777],[53.36572016891191,30.84143719246319],[53.36565698808686,30.8388630771282],[53.36768048800446,30.83862006195649],[53.36824929203659,30.83747653842138],[53.36863403730293,30.83613035977108],[53.36926374664426,30.83503722354897],[53.37043038251193,30.83393425600342],[53.37298700449855,30.83110613251928],[53.37440232241816,30.83041061512047],[53.37540509204543,30.82992867506364],[53.37527436153713,30.8294675255734],[53.37544065230148,30.82894942244004],[53.37608672898872,30.8285255238345],[53.37669217790292,30.82887494945592],[53.37871923999126,30.82878622000027],[53.37917489827022,30.82790225905287],[53.37993264132392,30.82716726012185],[53.38031846148235,30.82587253560114],[53.38161688028693,30.82528210274888],[53.38339251714326,30.82468287451672],[53.3840892753588,30.82389747079965],[53.38616695258856,30.82344716149055],[53.38706996196982,30.82305221403969],[53.38881914756218,30.82173958664958],[53.39202401062474,30.81999852714416],[53.39505356485872,30.81774204495147],[53.40804612574578,30.81778142697458],[53.40845360893296,30.79506827234153],[53.41154113925913,30.79517902992332],[53.41146416731085,30.79209698720078],[53.41388779195949,30.79163138366268],[53.42443909465624,30.79157453638678],[53.42443660296779,30.77853993892404],[53.42420405412204,30.77574113591854],[53.42379171476189,30.77224490563032],[53.42378532232381,30.76551745050935],[53.42379300886495,30.75935036020894],[53.4240478967602,30.75009516483029],[53.41689341636413,30.74952792221681],[53.41907317308506,30.74584315711851],[53.4208302143408,30.7415737411282],[53.42061403934003,30.74154548105572],[53.41883441762158,30.74201465121089],[53.41734171152368,30.74168630240265],[53.41646537981833,30.74182136044428],[53.41476055908237,30.74180562399255],[53.41329094940378,30.7424028704795],[53.41086334320896,30.74311541777935],[53.40838474382292,30.74299272775926],[53.40498355525224,30.7444093376623],[53.40390202777279,30.7451393825774],[53.40285133403099,30.74489765239384],[53.40244857897783,30.74528504135697],[53.40057057980209,30.74826426320345],[53.39932788539632,30.74991061498488],[53.39825961024296,30.74993037714115],[53.39744102499036,30.7503878451141],[53.39457745600831,30.74989586230205],[53.39275388318919,30.74818593434281],[53.3925996898728,30.74675288102485],[53.39073099215148,30.74801811639091],[53.38814499792474,30.74909140995086],[53.38674087131967,30.74993777592534],[53.38510690180817,30.75109604826851],[53.38245130302651,30.75272435970691],[53.37928922272393,30.75452601927616],[53.3767029163955,30.75559909827393],[53.37496009370664,30.75716950452125],[53.37259599109349,30.75762304553703],[53.36835952752095,30.75934699396705],[53.36625737740227,30.76025439661488],[53.36438878200973,30.76074055372572],[53.36129841973638,30.76156435450989],[53.35792436013659,30.76290489734304],[53.35657315666891,30.7621619868732],[53.35374142952173,30.76144594923727],[53.35196788653921,30.7616060483958],[53.34894466434913,30.75910258850842],[53.3466006634583,30.76016834332579],[53.33687519994214,30.7561228397147],[53.32537704415024,30.74383539613639],[53.31866464092956,30.74072403538138],[53.30857693299384,30.735222703869],[53.30792735895747,30.72794298884013],[53.30759396846563,30.72721392070857],[53.3049854043124,30.72150899932177],[53.30433681498062,30.72076084271509],[53.30916584071475,30.71837250042294],[53.31318503321782,30.71771171078634],[53.31395927102517,30.71758440445737],[53.31606447673027,30.71723822389052],[53.31847954919746,30.71684104463731],[53.31963656176992,30.7166507474883],[53.32345812358921,30.7136122088912],[53.32980712499308,30.71051786198358],[53.33109022398752,30.70989245053791],[53.33207402370519,30.70985684406124],[53.33233596734259,30.70984736226102],[53.33598841470272,30.70827708342782],[53.33647968009974,30.70806586477436],[53.33658802377921,30.70804555298572],[53.33761073921208,30.70785381488307],[53.34046130576581,30.7073193471473],[53.34235847585187,30.70696359952501],[53.34410152715802,30.70706888545377],[53.34560871576944,30.70715990556212],[53.35163489020939,30.70773391259308],[53.35489868705213,30.70804467608997],[53.35846975944665,30.70814887410015],[53.35937196470965,30.70817518331964],[53.36136288354785,30.70823321803893],[53.3621866277277,30.70751203867843],[53.36509056068252,30.7049695526255],[53.36626252890777,30.70394340334377],[53.36644984809298,30.70376720763518],[53.36882919459826,30.70152908607152],[53.36947705839184,30.70091965158404],[53.37203717355772,30.69453085999859],[53.37267624991836,30.69219914736425],[53.37481091928007,30.69093959589383],[53.37496394340574,30.69084930234934],[53.37517308525241,30.69094672906467],[53.37673440725462,30.6916740388629],[53.37802595860695,30.69227565840978],[53.38131334487048,30.6935028838162],[53.38308388268372,30.69416380125356],[53.38881191044598,30.69455269664847],[53.39035449559368,30.6948479070728],[53.39652002568325,30.69602762412949],[53.39666427750522,30.69605522143229],[53.39989796337763,30.69506667276877],[53.40039070112266,30.69491603257861],[53.40145530764563,30.6942251712689],[53.40413161046364,30.69248834394484],[53.40631351533553,30.69073845162824],[53.40826183004392,30.69015604627104],[53.41156047946236,30.69051599979088],[53.41151585826263,30.70831212329017],[53.43308606375703,30.70833068170343],[53.43341493460839,30.69716306405654],[53.45279019119101,30.6972195571401],[53.45298245198558,30.69037167804004],[53.45110669635247,30.68744309760617],[53.45279855948983,30.68523435481172],[53.45386117048059,30.68372734012519],[53.45558323491382,30.68182461996345],[53.45831477929822,30.67930235952318],[53.45951009136521,30.67854416400247],[53.46021548502433,30.67709599622319],[53.46076482115989,30.6755491139165],[53.46127767997682,30.67390998333151],[53.46222898886209,30.67207084344154],[53.46295860556398,30.67023590130218],[53.46357590364185,30.66872958895623],[53.46422765976751,30.66767079980145],[53.46497796770277,30.66679499688274],[53.46628758477318,30.66572910585848],[53.46719231502421,30.66452280452974],[53.46910726778648,30.66193377272945],[53.47005504379204,30.66098031256227],[53.47034040818362,30.66015835853585],[53.47063111718284,30.65911433242909],[53.47083058984063,30.65866501359386],[53.47130789026641,30.6578187965986],[53.47204352971855,30.65688425895961],[53.47255124051079,30.65505349447915],[53.47306625355733,30.65351013010373],[53.47394540760996,30.65320584736271],[53.47536638580783,30.65241199851953],[53.47721101300636,30.65084327625362],[53.47829707069295,30.64995993701938],[53.48026464297854,30.64886806584429],[53.48010246480761,30.64685836895927],[53.480660616676,30.64407222252583],[53.4829875248705,30.64094790170662],[53.48557270911187,30.64039903497516],[53.48687226166693,30.64086316615888],[53.48730155763886,30.6411289349073],[53.48879359165941,30.64164834049383],[53.48975140294402,30.64275333667452],[53.4901947559601,30.64356680167167],[53.49088672283629,30.6458367632483],[53.49288550556584,30.64963424054876],[53.49335704607152,30.65154309771877],[53.49550142838888,30.65507600957924],[53.49681547980446,30.65680686900668],[53.49900372539663,30.65797211476533],[53.5016515464273,30.65726260392754],[53.50290173103035,30.65759809656064],[53.50353298959769,30.65873098045559],[53.50499598026806,30.65943143915351],[53.50626771949658,30.65971919272101],[53.50731488789854,30.66063583931552],[53.50883810932883,30.66133508971929],[53.50994953217259,30.6624066143329],[53.5105849408579,30.66369552105877],[53.51138878796878,30.66451273881086],[53.51263906035361,30.66396808290278],[53.51364187199298,30.66316796544546],[53.5143491745028,30.66258175268001],[53.51548309472653,30.6621954649965],[53.51698885470458,30.66221833788187],[53.51782997375023,30.66214998946089],[53.51887052312908,30.66280642674895],[53.52037899334219,30.66293330469919],[53.52204501725776,30.66217230076127],[53.52280161634475,30.66116870906405],[53.52320391392539,30.66043223197562],[53.52379078560126,30.65984830978422],[53.52492327991051,30.6594099218485],[53.52582860088427,30.65949641310614],[53.52663388611131,30.6603655530747],[53.52742428706043,30.66066245810994],[53.52801384177751,30.66018255989227],[53.52871967602817,30.65954425421022],[53.52977976566306,30.65863880833262],[53.53087830785859,30.65689985214673],[53.53189038659913,30.65646375175309],[53.53357792082517,30.65653493921641],[53.5344614922722,30.65578904401342],[53.53613270715255,30.65523595287522],[53.53720899116639,30.65495469860488],[53.5382947896168,30.65503758037612],[53.54059217621281,30.65540904236298],[53.54123363310549,30.65461579100491],[53.54043644211856,30.65405886701136],[53.54029568472086,30.65328091498476],[53.54087288075364,30.65233277988246],[53.54159763388505,30.65242269653854],[53.54236348889504,30.65178314596606],[53.54283121671567,30.65125352124958],[53.54321560965673,30.64984072918806],[53.54382975962837,30.64800706242625],[53.54398981798138,30.64722322298586],[53.54478015408668,30.64752002588206],[53.5456388388568,30.64812776618207],[53.54622140944645,30.64738769121956],[53.54747534126241,30.64699878171167],[53.5485542248801,30.64682147937832],[53.54914632280845,30.64644553493897],[53.55015410556783,30.64585324242687],[53.55129450171761,30.64572675775431],[53.55172521998397,30.64608262787611],[53.55138746465417,30.64697405734639],[53.55194262322892,30.64748362073535],[53.55554708127517,30.64720457827964],[53.55842268052172,30.64667955986178],[53.55851149255096,30.64548073788081],[53.55854562069965,30.6444911777318],[53.55984179671481,30.64342471216759],[53.56117498025795,30.64376276573242],[53.56169449554329,30.64291977667731],[53.5640966137333,30.64042620164115],[53.56390103053023,30.63985754865198],[53.56430430245788,30.63917298446622],[53.56404444011454,30.63844946153198],[53.5643054204712,30.63693495704581],[53.56481045430809,30.63625814315839],[53.56557638597656,30.63577460325138],[53.56642775355632,30.63502906415623],[53.56854508982684,30.63427309276771],[53.56873984484699,30.63488677679026],[53.56923931538908,30.63779934913452],[53.57045845087653,30.63996706887074],[53.57220063909503,30.64194176820962],[53.57382064173912,30.643288712646],[53.57467969469744,30.64381964815887],[53.57607869863311,30.64479650460859],[53.57791938994987,30.64649518683726],[53.57952475998047,30.64728525456535],[53.58141047371821,30.64669984280664],[53.58265303706324,30.64576188721241],[53.58164830388392,30.6476997012098],[53.580550087286,30.65009599491105],[53.57868611924053,30.65150289751793],[53.57507085997285,30.65458837586567],[53.57238626630256,30.65692472135076],[53.56992237841907,30.65962195411263],[53.56859566799035,30.66138339519588],[53.56750664822657,30.66414471485394],[53.56797248464474,30.6657793755047],[53.56815537642305,30.66869819595718],[53.56791106247306,30.67144280921805],[53.56887352950434,30.67188040241697],[53.57182301845615,30.67154804023853],[53.57540122073664,30.67102049419821],[53.59837856084724,30.67686416932225],[53.6016645075942,30.67876483699019],[53.60689929649051,30.68245306461366],[53.61073971500858,30.68636281069286],[53.6114147652947,30.6871563031544],[53.61208982364203,30.68794978783927],[53.61473361348549,30.68902645633645],[53.61468813980633,30.69080291893137],[53.6149792553319,30.69467097556668],[53.6158737371878,30.69667061630417],[53.61581115007439,30.70127215519033],[53.61527937399306,30.70233205875722],[53.61503633820681,30.70370896777046],[53.61272238363062,30.70795232145541],[53.61189743158224,30.70853387684241],[53.61116582449296,30.70911354799384],[53.60998699290943,30.71042857029319],[53.59923779944862,30.71641489286216],[53.59517742191637,30.71827173184057],[53.59330798232303,30.71822840869746],[53.59235922477809,30.71768241914971],[53.59179040868819,30.71737095509486],[53.58870510010915,30.71727113962849],[53.58796034838744,30.71736670506942],[53.58743766670871,30.71878143687733],[53.58647744172985,30.72130251099509],[53.58606015503181,30.72316709722951],[53.58493336048355,30.72645013111111],[53.58494843757622,30.72701478084011],[53.58461155713113,30.72839351692682],[53.58453110580496,30.72887936461985],[53.58376258821866,30.73088814598288],[53.58323892356319,30.73227059971536],[53.58198542536425,30.73431324148439],[53.58072972539286,30.73627520991748],[53.57973477208489,30.73750561403153],[53.57835980919884,30.73850144662998],[53.57718877842587,30.74013886952074],[53.57573324698745,30.74162052105247],[53.57530280891415,30.74300109627834],[53.5751482374241,30.74421477643747],[53.57444791617122,30.74458379519097],[53.57130049275197,30.74569544233274],[53.56843103387517,30.7467208012844],[53.56548950938792,30.7485546022208],[53.56328735226309,30.75008317764916],[53.5612774760712,30.75181775850371],[53.55869645226458,30.75316004601128],[53.55577585962747,30.75580030337739],[53.55386126623571,30.75761360733248],[53.55211211816883,30.75861654665885],[53.55120998582731,30.75984492309311],[53.54883243246201,30.76182868419453],[53.54764362014559,30.76282055109374],[53.54664373031277,30.76388940088229],[53.54508334365156,30.76496925338454],[53.54473942385977,30.76610591936922],[53.54393903668907,30.76765508391698],[53.54321930823308,30.76871841357447],[53.54310760803521,30.77062958933726],[53.54089800903582,30.77452308965307],[53.53939687464747,30.77678630745731],[53.53676766246444,30.78075001317272],[53.53454637845012,30.7842158494522],[53.531338161607,30.78784353728289],[53.52638080573666,30.79407205588424],[53.52307391401781,30.80026826638122],[53.52169591801523,30.80443047485007],[53.52013780208335,30.80802577962116],[53.518253043446,30.81177001970801],[53.5153401693002,30.81410821242652],[53.51440880287479,30.81640788848658],[53.51024874933279,30.82162217562894],[53.50490886947906,30.82918216967155],[53.49885612933906,30.82950424876153],[53.49515796617112,30.83015848120463],[53.49495210071857,30.83019489752582],[53.49093981338281,30.83129774994524],[53.48994170854426,30.83137448433077],[53.48916062604063,30.83143452790526],[53.48729430495096,30.83203879204996],[53.48620316793127,30.83239205671265],[53.4844460301422,30.83296092146563],[53.47929416756192,30.83526972530699],[53.47894720120774,30.83542520638047],[53.47682866672941,30.83647190481722],[53.4735483798535,30.83809247711318],[53.4675882496678,30.84066767013862],[53.46113001061595,30.84376487295097],[53.45632796898044,30.84585973667656],[53.45572235242337,30.84612391456902],[53.45356544616597,30.84702343144128],[53.45061791788029,30.84825258584678],[53.450311809036,30.84838023120782],[53.44986833389414,30.84855710417877],[53.4457223082097,30.85021057401078],[53.44222204543534,30.85140484178701],[53.44079363263194,30.85132922574455],[53.43864452566584,30.85095949593991],[53.4368466980747,30.85037799207821],[53.43409058842137,30.8495068026292],[53.43311416855284,30.84849954815808],[53.4311924289272,30.8477151692183],[53.42857592308272,30.84766172991031],[53.42574243516573,30.84843279705973]]]},"properties":{"Name":"پناهگاه حيات وحش دره باغ","description":"<html xmlns:fo=\"http://www.w3.org/1999/XSL/Format\" xmlns:msxsl=\"urn:schemas-microsoft-com:xslt\">\n\n<head>\n\n<META http-equiv=\"Content-Type\" content=\"text/html\">\n\n<meta http-equiv=\"content-type\" content=\"text/html; charset=UTF-8\">\n\n</head>\n\n<body style=\"margin:0px 0px 0px 0px;overflow:auto;background:#FFFFFF;\">\n\n<table style=\"font-family:Arial,Verdana,Times;font-size:12px;text-align:left;width:100%;border-collapse:collapse;padding:3px 3px 3px 3px\">\n\n<tr style=\"text-align:center;font-weight:bold;background:#9CBCE2\">\n\n<td>پناهگاه حيات وحش دره باغ</td>\n\n</tr>\n\n<tr>\n\n<td>\n\n<table style=\"font-family:Arial,Verdana,Times;font-size:12px;text-align:left;width:100%;border-spacing:0px; padding:3px 3px 3px 3px\">\n\n<tr>\n\n<td>FID</td>\n\n<td>7</td>\n\n</tr>\n\n<tr bgcolor=\"#D4E4F3\">\n\n<td>OBJECTID_1</td>\n\n<td>8</td>\n\n</tr>\n\n<tr>\n\n<td>cod</td>\n\n<td>5</td>\n\n</tr>\n\n<tr bgcolor=\"#D4E4F3\">\n\n<td>tafkik_id</td>\n\n<td>2</td>\n\n</tr>\n\n<tr>\n\n<td>tafkik_nam</td>\n\n<td>پناهگاه حيات وحش</td>\n\n</tr>\n\n<tr bgcolor=\"#D4E4F3\">\n\n<td>shahrestan</td>\n\n<td>بولنات</td>\n\n</tr>\n\n<tr>\n\n<td>NAME1</td>\n\n<td>پناهگاه حيات وحش دره باغ</td>\n\n</tr>\n\n<tr bgcolor=\"#D4E4F3\">\n\n<td>sal_mosava</td>\n\n<td>1396</td>\n\n</tr>\n\n<tr>\n\n<td>AREA_ha</td>\n\n<td>33677</td>\n\n</tr>\n\n<tr bgcolor=\"#D4E4F3\">\n\n<td>F_AREA</td>\n\n<td>336769421.915</td>\n\n</tr>\n\n<tr>\n\n<td>Shape_Leng</td>\n\n<td>115884.626953</td>\n\n</tr>\n\n</table>\n\n</td>\n\n</tr>\n\n</table>\n\n</body>\n\n</html>\n\n","timestamp":null,"begin":null,"end":null,"altitudeMode":"clampToGround","tessellate":-1,"extrude":0,"visibility":-1,"drawOrder":null,"icon":null,"snippet":""}},
{"type":"Feature","geometry":{"type":"Polygon","coordinates":[[[52.20843449908669,29.49584871127011],[52.20722403007098,29.4961858706509],[52.20658687201021,29.49632348261437],[52.2061988950631,29.49599485583095],[52.20568777985154,29.49586730560609],[52.20537395048084,29.49577407611858],[52.20508209417071,29.49546212514896],[52.20464639741484,29.49537947172987],[52.20423024115059,29.4953802190782],[52.2041496482249,29.49514083833387],[52.20403383484707,29.49482102362916],[52.20401908873257,29.49470281830733],[52.20368184730476,29.49477913611597],[52.20362820932115,29.4948200006169],[52.20322702638637,29.49506514346015],[52.20299783623729,29.49495058614668],[52.20226308408599,29.49470091903892],[52.20162990664303,29.49421041989816],[52.20150872274006,29.49394084158899],[52.20138502930918,29.49368380608946],[52.20105469901306,29.49359810067929],[52.20046575581586,29.4935398542282],[52.20003693993823,29.4935473597729],[52.19982266163894,29.4933522442581],[52.19971210476082,29.49304780408327],[52.19909992462458,29.49262343048322],[52.19841237524352,29.49209781733836],[52.19724537915529,29.49143626959822],[52.19629424406726,29.4906861197453],[52.19575779361106,29.49033838618213],[52.19556080768973,29.49008239978374],[52.19468555517187,29.48997692685883],[52.19446042912216,29.48999766231531],[52.19429841716241,29.48994338214787],[52.19390103487566,29.48975477183033],[52.19321651533429,29.48975598678015],[52.19317599996958,29.48981100583563],[52.19314336549198,29.48988278449166],[52.1928747822617,29.48988611387028],[52.19242947196674,29.49009937274631],[52.19198954872304,29.49038711802987],[52.19182267171518,29.49047812713265],[52.19146274379123,29.49048333247073],[52.19091504717599,29.49035848146512],[52.19049302499771,29.4900581874428],[52.19011127063094,29.48960518447195],[52.18961428355513,29.48938392792434],[52.18895923768098,29.48927149948201],[52.18867632834439,29.48922339257778],[52.18828406074964,29.48890858774358],[52.18801227883156,29.48889324740225],[52.18765956800855,29.48860963631627],[52.18747680166592,29.48842413375414],[52.18724812151979,29.48834798121238],[52.18687590095075,29.48822050551552],[52.18664057190765,29.48815427118877],[52.18635663506282,29.48819662715768],[52.18562406556338,29.48798486064685],[52.18510038611377,29.48778734750287],[52.18494829251693,29.4877972231774],[52.18486764523067,29.48776110703374],[52.18451757428553,29.48765936499948],[52.18455664206657,29.48730995954629],[52.18435223979567,29.48706656019446],[52.18417131091118,29.48697533153836],[52.18405525031687,29.48689909128344],[52.18402726537767,29.48684838731255],[52.18400315033602,29.48650493634009],[52.18393251948896,29.48614241765636],[52.18374282326056,29.48585473853143],[52.18330012005317,29.48562978540201],[52.18294039563576,29.48563487259216],[52.18253174142607,29.48557953469568],[52.1820352298476,29.48538274488783],[52.18165189733904,29.48517252322366],[52.18131313215291,29.48496866929383],[52.18119959906591,29.48471130939443],[52.18062789835265,29.48453225848841],[52.18009522394249,29.48433774676622],[52.17946377680457,29.48413260892751],[52.17907932921609,29.48393301203498],[52.17905648957642,29.48392269390662],[52.1786993217933,29.48399482916213],[52.17866529192147,29.48404926939064],[52.17851274097594,29.48418258448537],[52.17848096797469,29.4841858872973],[52.17813327851318,29.48426148635625],[52.17777673189112,29.48443725893215],[52.17756068253094,29.48451626903264],[52.17743830292347,29.48443637878826],[52.17715741011646,29.48425614729942],[52.17686736772903,29.48405371146386],[52.17619645590681,29.48375533470602],[52.17498367222663,29.48319043131074],[52.17452210584523,29.4829422996176],[52.17435609151087,29.48279756830292],[52.17426212970127,29.48238140855943],[52.17412056275214,29.48171898959038],[52.17399851509966,29.48151150074673],[52.17373494206116,29.48128336830863],[52.17343005538852,29.48090392047644],[52.17317964622902,29.48068523023812],[52.17291784298613,29.48053636649734],[52.172600945852,29.48048506713425],[52.17207762079678,29.48026867969667],[52.17171836390077,29.48011715615506],[52.17117056910484,29.47971053808518],[52.17097907509302,29.47950244648743],[52.170854462859,29.47931743958357],[52.17076404013836,29.4791099976918],[52.17078439879558,29.47902487240009],[52.17076950894748,29.47889800023514],[52.17078017360527,29.47867126993128],[52.17072529989036,29.47847065160759],[52.17062032446805,29.47825179819591],[52.1706267031426,29.47786729867584],[52.17059990399019,29.47715072078254],[52.17049431636639,29.47679926883931],[52.17038026822944,29.47658865567429],[52.17034809131081,29.4762566947317],[52.17039292153842,29.47575602034257],[52.17046929361184,29.47551205752475],[52.1704088640113,29.47520923291482],[52.17029485020232,29.47499316768008],[52.17014759454607,29.47484638131289],[52.17019299076704,29.47466438599481],[52.17008296376891,29.47446310436472],[52.17004184118627,29.47438413291342],[52.16987040750161,29.47418499737676],[52.16969639665183,29.47411166205571],[52.16962552321688,29.47377489614175],[52.16966268801475,29.4733867389],[52.16976731164281,29.47290487534456],[52.17051073213463,29.47234935673959],[52.17091231578507,29.47206837351646],[52.1712741814034,29.47166247349877],[52.17188684096512,29.47104926947839],[52.17245108464532,29.47062509374064],[52.17280150939012,29.46986526880164],[52.17290679679516,29.46890801129313],[52.17309897252664,29.46834474179569],[52.17307818648851,29.46795855184913],[52.17284242407101,29.46739928977253],[52.17253016535351,29.46652463394206],[52.17237026602467,29.46608122849124],[52.17213732878273,29.46530670540957],[52.17254930112627,29.46451997771755],[52.17224052156983,29.46434996797305],[52.17184457002707,29.46397173711688],[52.1714813269536,29.46304884500588],[52.1710827815887,29.46205426319445],[52.17096159100073,29.46159973350643],[52.17118846781842,29.46083424435705],[52.17099017623988,29.46046783010767],[52.17074020716187,29.45994346264368],[52.1705247086324,29.4593801915506],[52.17012422981895,29.45885652719597],[52.17025440810357,29.45850936038187],[52.17064689136544,29.45800374347899],[52.17095178074668,29.45769110432093],[52.17105447876786,29.45714456301362],[52.17124468835125,29.45630811074032],[52.17127371775393,29.45607865611118],[52.17181462161773,29.45567903228933],[52.17258045890731,29.45500602976843],[52.17317208679235,29.45461028363698],[52.17376818149993,29.45424001737422],[52.17374915172634,29.45400082186486],[52.17367437359718,29.45376162424656],[52.17354347012439,29.45361792905591],[52.17324585328359,29.45317358703885],[52.17267630853306,29.45182353433365],[52.17271577511089,29.45125430627292],[52.17299739042578,29.45039475491026],[52.17285797529982,29.44959449941231],[52.17173055622468,29.44895617523272],[52.17018484258845,29.44849732341216],[52.16993878352448,29.44852065897131],[52.16983652627911,29.44847371567887],[52.16956845657863,29.44816443637177],[52.16937544092249,29.4476424395344],[52.16914202168528,29.44735144514847],[52.16914063064104,29.44618463651082],[52.16912561403173,29.44537907994265],[52.16909272900126,29.44474667503456],[52.16962916109554,29.44279775792403],[52.16981353543705,29.44243499914736],[52.17005417677044,29.44179630859237],[52.17031646226216,29.44081163697847],[52.17068895853261,29.43915263888035],[52.17101648855152,29.43836449216203],[52.171237734594,29.43626057485805],[52.17147708870652,29.434619164881],[52.17236803306729,29.43270441107697],[52.17283387719167,29.43122504543903],[52.17335529416204,29.43036438707031],[52.17442800568124,29.42938471055819],[52.17577623544391,29.42832142731726],[52.1767019367709,29.42740118035853],[52.17719260310746,29.42671797866015],[52.1774063327312,29.42654706157126],[52.17784674348923,29.42631852059155],[52.17811801466923,29.42596494956025],[52.17802795620389,29.42550425091354],[52.17759127329479,29.42471787979674],[52.17722423750333,29.4241400004788],[52.17689241908707,29.4235442870808],[52.17687149660104,29.42346326402483],[52.17660420184085,29.42305843245455],[52.17657563242221,29.42257448299097],[52.1765640826671,29.42253372881119],[52.17664121838754,29.42209061598749],[52.17743356999488,29.4218786251851],[52.17853495157373,29.4222832056302],[52.17857808369441,29.42230654555794],[52.17919184917906,29.42276007939468],[52.17930088996477,29.42280169028598],[52.17986988164039,29.42278020730639],[52.18076106096942,29.4227268167668],[52.18112184743133,29.42293524119921],[52.18102380014,29.42317777492658],[52.18070844533515,29.4233813661937],[52.18072871933001,29.42370606302217],[52.18138722923782,29.42448689166691],[52.18171038999282,29.42515757521547],[52.18240747794271,29.42565445549034],[52.18264971369948,29.42550127445509],[52.1823784505757,29.42480699142677],[52.18223734451299,29.42431487396237],[52.18222995504108,29.42425260534568],[52.18200621307354,29.42379545412653],[52.18241859349151,29.42353907039012],[52.18242825892135,29.42334491857016],[52.18244546215089,29.42305104613228],[52.18254616630949,29.42269859505108],[52.18289704080288,29.42240238979476],[52.18276864883935,29.42198448473725],[52.1827992394767,29.42194326490974],[52.18308687728529,29.42159168385374],[52.18290982228423,29.42103498897704],[52.18277537334095,29.42065375138892],[52.1829057393203,29.42021217154824],[52.18300258877018,29.41949720354837],[52.18431943308507,29.41940127711297],[52.18505152622389,29.419386524494],[52.18538959682837,29.41942400727273],[52.18516964128958,29.41895930559278],[52.1850120421455,29.41856819686675],[52.18496947314568,29.41854193731431],[52.18491626377563,29.41850893911751],[52.18455293620833,29.41823871480513],[52.18408323352489,29.41761833890375],[52.18328381526566,29.41691492102415],[52.18306460764877,29.41672129282617],[52.18303776783945,29.41657597205838],[52.18333408751197,29.4163707875957],[52.18323347280381,29.41602302613285],[52.18254301692069,29.41551774637924],[52.18192892765005,29.41526758673882],[52.18086189036251,29.41536322389752],[52.18029055823717,29.4155662814463],[52.17941319021674,29.41573045814876],[52.17843984855048,29.41581593963969],[52.17720592427403,29.41608537746075],[52.17667221859277,29.41629314447217],[52.17548387738475,29.41593307270404],[52.17432045160072,29.41563867135799],[52.17377200350203,29.41532252672314],[52.17360867373602,29.41490013458678],[52.17394104621518,29.41450008748358],[52.17468634150161,29.41388357379919],[52.17495957348788,29.41347446714668],[52.17446818114677,29.41343530755561],[52.17342012431472,29.41342792034137],[52.1721094935276,29.41333778807196],[52.17102923863023,29.4129644873703],[52.16989097454277,29.41194520483016],[52.16825357352498,29.41059380434223],[52.16730655193006,29.40985748197521],[52.16691612850828,29.40753938067688],[52.16702724542609,29.40540336672553],[52.16742387948264,29.404015038934],[52.16684426431463,29.40131180891246],[52.16684563668257,29.40095383573301],[52.1670878105794,29.40006823122137],[52.16717279252773,29.39931205548276],[52.16740047550264,29.39866126987045],[52.16735176095824,29.3980912689862],[52.16719157291598,29.39750706159233],[52.16719207371543,29.39748124997225],[52.16728121623587,29.39716976718733],[52.16775726248357,29.39757330372915],[52.16826272348443,29.39791075446808],[52.16909744389122,29.39817198349056],[52.16994228874282,29.39844700152607],[52.16997966189046,29.39845536307866],[52.1700731945361,29.39849668069497],[52.17114131836979,29.39897216509616],[52.17254658015861,29.39956844692986],[52.17332986197345,29.39964173609979],[52.17395997370672,29.39953441922645],[52.17459516468524,29.398917368671],[52.17489194911619,29.39802665285754],[52.17439571290866,29.39772395640184],[52.17400070350541,29.39725163634547],[52.17359059790387,29.3970151321624],[52.17350669800654,29.39698936162802],[52.17343678994767,29.3969828072348],[52.17280409257425,29.39685002257089],[52.17276890381454,29.39684967885011],[52.1723891327056,29.39681586827145],[52.17193940251156,29.3968440804553],[52.17157389806734,29.39673714513474],[52.17143074274046,29.39658981862419],[52.17110692105837,29.39644835807458],[52.17069491757297,29.39614049698169],[52.17045829246314,29.39585159444104],[52.17009336855736,29.39536239659117],[52.17001363222118,29.39489767393836],[52.16972418471688,29.39513962969162],[52.16942059909941,29.39513569955402],[52.16909405964677,29.39524917337148],[52.16850852914461,29.39532490015519],[52.16822292714433,29.3953203764555],[52.16787446780563,29.39535452315368],[52.16779811924445,29.3953227077026],[52.16759314917176,29.39523169325437],[52.16736985534724,29.39511412477589],[52.16718387437623,29.39490460653921],[52.16690593667062,29.39455410806219],[52.16664026891457,29.3944055556054],[52.16637249967872,29.3948349708907],[52.16637229863672,29.39485690750225],[52.1663386185588,29.39513989343897],[52.16623195443436,29.39521355583204],[52.16596855244549,29.39503306272182],[52.16572255897773,29.39479645522475],[52.16568496522533,29.39477375450207],[52.16545766821051,29.39463091046388],[52.16529708834719,29.3943814561288],[52.16519987604789,29.39429437977945],[52.16480658678389,29.39433083523591],[52.16456372970314,29.39446083767436],[52.16402555535097,29.39445059347452],[52.16372288119484,29.39443359116778],[52.16323521493842,29.39403488502339],[52.16279479495788,29.39366286891252],[52.16259840376826,29.39322325132237],[52.16264008504132,29.39269552036746],[52.16264342678639,29.39199305720597],[52.16241223317815,29.39144889461728],[52.16206161922834,29.39068780552927],[52.16194394445444,29.39020060286869],[52.16177997582231,29.38969082091375],[52.16156720562117,29.38924803570577],[52.161494050818,29.38872769740188],[52.16169653648839,29.38780045662271],[52.16171647621687,29.38700342420999],[52.16156088035582,29.38590621675765],[52.16137538837263,29.38535324970785],[52.16127144004953,29.38485880149033],[52.1614012995957,29.38450038287528],[52.1614760032729,29.38429220596267],[52.1612881195797,29.38383707580478],[52.16114220136051,29.38344658226844],[52.16130069011587,29.38309084008539],[52.16226241181842,29.38206363202801],[52.16191314814044,29.38093466673878],[52.16259746375213,29.38080612602321],[52.16335672430505,29.38034667780862],[52.16417940434637,29.38003274910615],[52.16426420710373,29.38002349578966],[52.16487951203389,29.37982517954065],[52.16490370150061,29.37980486254751],[52.16525260466477,29.37959344915122],[52.16560937305974,29.37950714558083],[52.16566803301401,29.37951862355526],[52.16600621204083,29.37956672602018],[52.16627702403147,29.37938842690207],[52.16632662131814,29.37835020121839],[52.16632788468625,29.37829853042534],[52.16660480706838,29.37791572128868],[52.16662983080496,29.37785416293366],[52.16673978845761,29.37767065806555],[52.16677520691965,29.37765116027038],[52.16659230251395,29.37753944934731],[52.16634096241248,29.37712266045936],[52.1663502044786,29.37602098435697],[52.16660155418879,29.37337897627922],[52.16663463376479,29.37304618232884],[52.16604993572602,29.3725291216427],[52.16602386531284,29.37250528220505],[52.16595933571789,29.37176571013014],[52.16589688301916,29.37127935421847],[52.16547798149658,29.37053046639785],[52.16466268311707,29.36967986458826],[52.16422691081804,29.36917249341651],[52.16406548891356,29.36919732295945],[52.16388411191357,29.36869259387488],[52.16386911850111,29.36865065613137],[52.16342068704972,29.3679335576143],[52.1634065544208,29.36786409208662],[52.16303391613762,29.36714358377613],[52.16301965099572,29.3670453835302],[52.16272687610957,29.36623907119723],[52.16247358038524,29.36598117959037],[52.16254363218112,29.36573922845568],[52.16242947906717,29.36526132280988],[52.16241060306702,29.36516589255767],[52.16200234358332,29.36447003663988],[52.16078886029416,29.3635227551466],[52.16009011771611,29.36278334519298],[52.15957831399891,29.36237443624098],[52.15982137436456,29.36153519899824],[52.15989204575927,29.36105233694757],[52.15930102200682,29.36025154547216],[52.15847837759819,29.35924535070568],[52.15743233826087,29.35773103207967],[52.15696681535757,29.35698260229007],[52.15627997842395,29.35506380133342],[52.15567340811752,29.35359825066182],[52.15526243572111,29.35232548247076],[52.15522269332784,29.35223024147989],[52.15482651663057,29.35118272573361],[52.15446004324848,29.35070138287256],[52.15363574410734,29.34904338313529],[52.15244635276971,29.34657746680583],[52.15095771155669,29.34374492884964],[52.15005566963165,29.34203687743494],[52.14980600252687,29.34005993285261],[52.14911828824457,29.33840140221357],[52.14882955534465,29.33767898577248],[52.1484578892145,29.33739446110693],[52.14800183575929,29.33609903817421],[52.14753506605943,29.33448500089891],[52.14842370898968,29.3333016132588],[52.14838411442403,29.33272212263703],[52.14770477276377,29.33252565550595],[52.14650190107336,29.33246615238454],[52.14548447162917,29.33230138335715],[52.14494119565676,29.33188461732693],[52.14478782006869,29.33117948004476],[52.14458767242409,29.33041207691895],[52.14480755558006,29.32911108464568],[52.14441809947385,29.32778022850273],[52.14384850233029,29.32555775041126],[52.14321174605752,29.3238620127534],[52.14321967681984,29.32372813361532],[52.1431751048489,29.32099899935266],[52.14498127385272,29.31632820790185],[52.14549082126764,29.31528998711713],[52.14560227901762,29.31444364790764],[52.14560728982609,29.31433176486213],[52.14527911502519,29.31317123996831],[52.14516226941915,29.31183929586248],[52.14548754297137,29.31100031298425],[52.14698647915482,29.31012845081689],[52.14706217079993,29.31009983514631],[52.14757773359193,29.30978991144592],[52.14758263072299,29.30967938476828],[52.14717502642176,29.30923188104239],[52.14650026276839,29.30889734792921],[52.14609461063595,29.30853723176304],[52.14609518689912,29.30805938566117],[52.14680382358014,29.30761892457184],[52.14730838656555,29.30748786940729],[52.14754750541388,29.30732085478606],[52.14764325013275,29.30648490939403],[52.14788521273211,29.30591271729637],[52.14863664590177,29.30645634864449],[52.14917046289794,29.30641361321299],[52.14927984414774,29.30603990969069],[52.14963939750601,29.30523277660179],[52.1500874322405,29.3048950985161],[52.15012198719791,29.30486688600082],[52.15053027888604,29.3047046829233],[52.15057864921305,29.30429392917437],[52.15060009516749,29.30370234674191],[52.15210104317287,29.30152142539101],[52.15290053427148,29.3008998645114],[52.15302118255794,29.30045438821979],[52.15312483841139,29.29959101624886],[52.15299482844851,29.2985775951781],[52.15251254863573,29.29793145185255],[52.15193191876867,29.29715877072813],[52.15175678205281,29.29655049808991],[52.15133843786631,29.29579216508191],[52.15105611189863,29.29485231051829],[52.15094119549865,29.29435003048392],[52.15079361092424,29.29222271610365],[52.15081980386729,29.29046783353494],[52.15082142147966,29.28935775860043],[52.15103045809472,29.28865459724467],[52.15076224328516,29.28819389614114],[52.15017298537725,29.28748765273936],[52.1496456545251,29.28727691405389],[52.1486005347085,29.28739820226694],[52.14839742029978,29.28693811221288],[52.14731145199459,29.28638152231465],[52.14681095655315,29.28485610641656],[52.14685368412809,29.28272063424915],[52.14680881961728,29.28251305380518],[52.14601218474495,29.27996849003181],[52.14601887288071,29.27967860173928],[52.145772829927,29.27809462702625],[52.14568096464971,29.27796723862793],[52.14515043442592,29.27662347813064],[52.14515359984552,29.27654086914857],[52.1448225087484,29.27546000109031],[52.14468576504012,29.27524797876296],[52.14441486931698,29.27436017335292],[52.14449600026588,29.27319664105522],[52.14459827687029,29.27307717114446],[52.14486235184815,29.27216800605301],[52.14486321686641,29.27208344394205],[52.14486975589657,29.2709455845892],[52.14476336491094,29.27088580340834],[52.14459049978406,29.26957419641989],[52.14371969097239,29.26930414461639],[52.14269591230597,29.26945052778341],[52.1413478835026,29.26884160284976],[52.14050817603184,29.26812679842339],[52.14050153992566,29.26752896991488],[52.14138067927446,29.26704541328278],[52.14340698356846,29.26565634326686],[52.14550806250551,29.26492089052368],[52.14756875519102,29.26316370998819],[52.14946432148529,29.26229233367439],[52.15108593742411,29.26143005992273],[52.15274185087828,29.26081790533235],[52.15441407936021,29.26005668282767],[52.156085871762,29.2584584069394],[52.15809535284951,29.25697901926337],[52.16044373555134,29.25641040457874],[52.16387255181159,29.25696719712777],[52.16615894293499,29.25785424625721],[52.16817502379735,29.25844129190387],[52.17117086521574,29.25909417970209],[52.17310518256063,29.25910654732997],[52.17532611594139,29.25915246550178],[52.17766492535279,29.2600546467413],[52.18010803933468,29.26090622988248],[52.18327515405527,29.26061200348598],[52.18489971358603,29.2603674843036],[52.18825009406615,29.26007151577956],[52.19067359855236,29.25972280744842],[52.19249905306239,29.25744813053013],[52.19381605005893,29.25592701082424],[52.19550890687917,29.25465069489558],[52.19738710821533,29.25311098497544],[52.20149432981104,29.25117220311833],[52.20369337513763,29.25095613583067],[52.20561905468172,29.25150733292931],[52.2073626568293,29.25199697344224],[52.20950847911093,29.25184897622349],[52.21177006059209,29.25159160062042],[52.21399868763428,29.25186693547066],[52.21732458316437,29.2525225568524],[52.22042463080739,29.25240855838963],[52.22337860573089,29.2523973511197],[52.22540198175862,29.25250065049625],[52.22794636924075,29.25276834445338],[52.23090215219835,29.25258548792999],[52.23237522470989,29.25195824906493],[52.23285412150779,29.25054149349466],[52.23337475371805,29.24890550715092],[52.2342473343826,29.24739035745581],[52.23599111281447,29.24612435141738],[52.23882418394948,29.24452786236355],[52.2404120917653,29.24405063340206],[52.24203622666634,29.24380543081761],[52.24406929812052,29.24413848589854],[52.24612440622985,29.24480295532451],[52.24795240462208,29.24577634681006],[52.24948917445482,29.24702091172952],[52.25068455824075,29.24721504219529],[52.25150714441631,29.24774430253302],[52.25260166098316,29.24821009472916],[52.25383336049575,29.24879642192318],[52.25499833810989,29.24950068219409],[52.25548515301469,29.25039179218848],[52.25727697573819,29.25228363173339],[52.25927776812738,29.25453220001367],[52.26106607964311,29.25612621104065],[52.26149577234303,29.25791125717816],[52.2622539068952,29.25868020429194],[52.26327538940053,29.25879012818077],[52.26468543034249,29.25869557401842],[52.26662121929192,29.25856895059496],[52.26849120031315,29.25853091221534],[52.27030779994568,29.25849335502176],[52.2720545880894,29.2578563115742],[52.27369135142347,29.25675102367129],[52.27546245959976,29.25538272366685],[52.27702964461243,29.25458489020794],[52.27801416892037,29.2533797421749],[52.2797657861902,29.25154004779526],[52.28136489159252,29.2503177105667],[52.28348156523439,29.24578744061451],[52.28371898466687,29.24383813602809],[52.28274252414738,29.2418102378268],[52.28108159283054,29.24007090566087],[52.28355100283301,29.23918990039921],[52.28654970615577,29.23960102521547],[52.28852083522415,29.23976027836703],[52.29392800544569,29.24084062984645],[52.29628753515907,29.24119905819763],[52.2980769331942,29.24127419904849],[52.30171657709907,29.24165845117833],[52.30336822453555,29.2421793142434],[52.30501808871295,29.24286261326411],[52.30719483332417,29.24325421642778],[52.309333591635,29.2435401190488],[52.31368781280313,29.24518045830332],[52.31531955527416,29.24619770673144],[52.31749432231422,29.2476314748778],[52.31952905184949,29.24882293019209],[52.32109377625351,29.25002125572927],[52.32242190906987,29.25127379086938],[52.32295533032815,29.2539279701075],[52.32079578062026,29.25491948417079],[52.31664847328022,29.25754573091352],[52.31621957513529,29.2584802952118],[52.31589240262994,29.26045360271471],[52.31674419222889,29.2616585277941],[52.31820275059467,29.26299904941337],[52.31954120865334,29.26396503165268],[52.32520322360222,29.26728597850288],[52.32554077054887,29.26802086769974],[52.32785701594467,29.26823437950188],[52.3307464676864,29.2689837254876],[52.33111580012088,29.27012281989898],[52.33144067012528,29.271662742563],[52.33191021730199,29.27369304719929],[52.33247591219367,29.27529824758057],[52.33289378527196,29.27607017063998],[52.33445951786229,29.27611319992177],[52.33535017178892,29.27658258978419],[52.33617030223427,29.2768721926754],[52.34753161147283,29.27150821065246],[52.34895232378211,29.27089827289176],[52.35834839693632,29.2662097348215],[52.35923274009118,29.26620074313704],[52.36112209732546,29.26504671014825],[52.36632644436933,29.26242845632893],[52.36970744997141,29.26090259071864],[52.37041491598963,29.26292353969416],[52.37104231867266,29.26405190491784],[52.37221700291003,29.26541153494719],[52.37346067524354,29.26682910316846],[52.37422338051528,29.26782520841991],[52.37468786120093,29.26826825731025],[52.37537702092227,29.26907501171878],[52.37644799041936,29.27007748480126],[52.37737635572433,29.27097909653201],[52.37785433948585,29.2718680485898],[52.37884220678158,29.27292030879459],[52.37990959308259,29.27394967654667],[52.38137222465267,29.27523372975266],[52.38267109378426,29.27619948638769],[52.38386004533261,29.27718518462517],[52.38485169602602,29.27823470651877],[52.38643219286926,29.27910386535836],[52.38692651684202,29.27892263272787],[52.38747407525245,29.27834275268055],[52.38808838651052,29.27810514178358],[52.3890641919878,29.27867061220771],[52.39073123628098,29.27981052693597],[52.3910724196276,29.28108943636405],[52.38983271667615,29.28221402691206],[52.38949061538788,29.28280940300484],[52.38951154311096,29.28434817201289],[52.39053363112283,29.28556864812859],[52.39213818257568,29.2866486620616],[52.39325586535035,29.28659645264285],[52.39395895116919,29.28596742548585],[52.39449790947041,29.28552091759952],[52.39489104595968,29.28658217681103],[52.39508992792601,29.28833981513666],[52.39562272714789,29.29052261034954],[52.39421745836975,29.29226767144774],[52.39388685793229,29.29298628859486],[52.39486717070317,29.2950042351111],[52.39557216907454,29.29678816685551],[52.39704973548429,29.30035079719233],[52.39706841059169,29.30172227338525],[52.39754776144182,29.30195639757861],[52.39883604726433,29.30158419854932],[52.39890833400865,29.30188349430799],[52.39811237309679,29.30344172824516],[52.39819603576986,29.30457563988563],[52.39923659787242,29.30599506607079],[52.39964940488306,29.306349449216],[52.39998243542019,29.30580902133621],[52.40052591583419,29.3057424089828],[52.40053001196772,29.30604241873652],[52.40013022725257,29.30664220484489],[52.40027984193826,29.30765585172516],[52.39954131712047,29.30837875811095],[52.39962010754036,29.30915400824618],[52.40058782644923,29.31027639038327],[52.40059922446358,29.31111100245778],[52.39912230896154,29.31261772669015],[52.39919134434646,29.31267791610792],[52.39912803327329,29.31303728901894],[52.39967219594306,29.31297067216961],[52.40041238405928,29.31236731711769],[52.40122727044427,29.31223919713601],[52.40196725477594,29.31157492297604],[52.40244419528214,29.31162857063932],[52.40265371170922,29.31198507876971],[52.40191129303665,29.31247115564757],[52.40150841426101,29.3128927516374],[52.40287317051094,29.31311530106134],[52.40321602050207,29.31329218046423],[52.40375873486037,29.31316690538182],[52.40435902587737,29.31226494767444],[52.40463039519036,29.31220343603832],[52.40490828456507,29.31261787782799],[52.40464510215904,29.31327715216225],[52.40472066098019,29.31381329251452],[52.40506348440118,29.31398791127413],[52.40573380195966,29.31326569306777],[52.40607009907038,29.31296435557302],[52.40628043507099,29.313379505741],[52.40615710976084,29.31433510548318],[52.40562091698366,29.31493634496418],[52.4056932045907,29.31523337977364],[52.40610279277083,29.31534863587747],[52.40704593432149,29.31462353644457],[52.40752289094512,29.31467716537092],[52.40799643394958,29.31443528879329],[52.40778425479149,29.31383967869932],[52.40791512796566,29.31348184594637],[52.40832532372379,29.31359483292193],[52.40914513635577,29.31382532118873],[52.41092034545325,29.3142239367166],[52.41182315601968,29.31552740073511],[52.41223995026526,29.316118582255],[52.41422988779016,29.31729095323117],[52.41269722575034,29.31969405642004],[52.41116020077347,29.32173848099898],[52.40883209147691,29.32569983842228],[52.40687744141805,29.32715303287162],[52.40566608812673,29.32818100820844],[52.40445868314796,29.32958811432784],[52.40379942019246,29.33087047504021],[52.40255739233115,29.3332212780445],[52.40020563754101,29.33793448987427],[52.39868997709407,29.34078202050431],[52.39822672703735,29.34174117463307],[52.39764268493527,29.3428893715301],[52.39637402398468,29.34551384590199],[52.39469881207869,29.34844885113192],[52.39162330441986,29.35259595999651],[52.38972558459583,29.35516257720677],[52.38770554228277,29.35826401931972],[52.38474340629342,29.36237952844672],[52.38094859991706,29.36806477885563],[52.37532194191218,29.37597975038944],[52.37187410020312,29.38108502079067],[52.36713864055078,29.38651266074503],[52.35841349079509,29.39651125863502],[52.35493708630258,29.40042796536995],[52.35336510355152,29.4022954691292],[52.35190724474175,29.40517073092033],[52.34888027327865,29.41090924003896],[52.34840101626376,29.41078814996369],[52.34467479286157,29.40825070075704],[52.34301074534206,29.40773198463528],[52.34137464437115,29.40695296004675],[52.34013472462336,29.40811375837705],[52.3379145511738,29.41007208839298],[52.33576622172761,29.41289378541536],[52.33348042832391,29.41461938407157],[52.33219185449227,29.41588575007775],[52.33092462473216,29.4178355801312],[52.32998778590232,29.41915794867415],[52.32883739541401,29.41976502347991],[52.32586439102548,29.42170325326484],[52.32465342508262,29.4229087442549],[52.32418526726602,29.42356990554618],[52.32289977892079,29.42429784249486],[52.3215474240551,29.42508734379263],[52.32046610044046,29.42581323286279],[52.31917814173138,29.42630427544691],[52.31760777829299,29.42608067998346],[52.31557227407503,29.42675730739415],[52.31402264387292,29.42814427657429],[52.3115219899525,29.42977973732405],[52.31132392346918,29.43025996801579],[52.31024847133335,29.4314030857327],[52.30768398405638,29.4333978140738],[52.30458263103455,29.43599335083031],[52.30410141518331,29.4356980109802],[52.30376444689863,29.43600136401539],[52.30370518896415,29.43665845295902],[52.30222048583352,29.43780551242047],[52.29979301181575,29.43985741151955],[52.29649016249284,29.44275253103251],[52.29183728188851,29.44667589532183],[52.2891998603418,29.44831227732836],[52.28852118959213,29.44855798842246],[52.28723210906462,29.44904648344228],[52.28546774521247,29.44966138375083],[52.28445484344417,29.45038632694822],[52.28087417717781,29.45292729493222],[52.27857813533189,29.45467975609547],[52.2755354811898,29.45661756331587],[52.27344713765516,29.45860483392251],[52.27190911432285,29.46100643794609],[52.27090579304004,29.46256818321768],[52.26989712751113,29.46365169013254],[52.2698377280065,29.4643674248533],[52.26869019622585,29.46527402014187],[52.26706508414801,29.46618289683709],[52.26612179516065,29.46708752583889],[52.26490653092793,29.46799473384801],[52.26375824054908,29.46889903900708],[52.25911764846634,29.47401462905497],[52.25616085459193,29.47750335659724],[52.25542743783806,29.47882104375056],[52.25308179345152,29.48212571010918],[52.25194718845129,29.48416457974583],[52.25134228078096,29.48482678148102],[52.25001646499324,29.48794131389057],[52.24921166481018,29.48902275360891],[52.24888091430703,29.48986059742066],[52.24846285627345,29.49102134512638],[52.24845759119724,29.49104166829808],[52.24845306052967,29.49102742011076],[52.24844764171624,29.49081516147726],[52.24841100958235,29.490413480165],[52.2483835229236,29.49008600285929],[52.2483836674574,29.49007633929743],[52.24831102412093,29.4897421945469],[52.24819921351776,29.48958532490562],[52.24814573299887,29.48946719196413],[52.24811996379107,29.4893144664226],[52.2480293608006,29.489157341666],[52.24783736558513,29.48898069575074],[52.24775595751326,29.4889217733788],[52.24752052140984,29.48885777292971],[52.24739816829451,29.48885117310716],[52.24729799611565,29.48876689334285],[52.24723121605494,29.48866363114139],[52.24685486309016,29.4885991115831],[52.24662828461807,29.4885145776595],[52.24643497955552,29.48832719498479],[52.24614282634138,29.48812795709496],[52.2458420243381,29.4885069891654],[52.24580218242205,29.48871193283838],[52.24570239175448,29.48881628746445],[52.24553432540683,29.48857982722182],[52.2453679277527,29.48858531163997],[52.24532729925344,29.48871379687981],[52.24532733829781,29.48873124119909],[52.24532776570344,29.48892304209545],[52.24532784445147,29.48895790004446],[52.24538157277713,29.48917888431148],[52.24517835786912,29.48934653429246],[52.24501829966862,29.48950320186484],[52.24499861853627,29.48953181953226],[52.24478269237459,29.4898536761434],[52.24472895777547,29.48990040185767],[52.24455489297153,29.49008443049093],[52.24402899627224,29.49005365391742],[52.24390134384301,29.49011355018126],[52.24381586127897,29.48969356450446],[52.24353211783707,29.48947475899604],[52.24334913294452,29.48926894443425],[52.24305501215487,29.48901694094631],[52.24273334247096,29.48908284711616],[52.24259330610433,29.48898608569933],[52.24236829583601,29.48898667320916],[52.24218339530366,29.48904148132866],[52.24216983707355,29.48882997584246],[52.24186661649961,29.48872010466381],[52.24172812108521,29.48877623049479],[52.241475695711,29.48867730616621],[52.24130197904419,29.48846845935481],[52.24125291905343,29.48835856822717],[52.24110296704344,29.48827123505905],[52.24087871772537,29.48812957421249],[52.24075454388414,29.48804253529563],[52.2406949700571,29.48792307617525],[52.24055739410213,29.48782487367978],[52.24040711376605,29.48781461854845],[52.24037307149956,29.4875967350511],[52.24023413106786,29.48759679603855],[52.24002441444308,29.48740177788939],[52.23992720340984,29.48726122680373],[52.23967304988557,29.48712445123216],[52.2393400932533,29.48688356062933],[52.23886048085426,29.48651836833081],[52.23868835292026,29.48644725953681],[52.23826811381883,29.48629917443883],[52.2382325542399,29.48628960407155],[52.23769632389159,29.48610667676453],[52.23754939881597,29.48591101161374],[52.23742427148106,29.48574674904556],[52.23719003159847,29.48572695649907],[52.23700706717189,29.4859932093465],[52.23695866174986,29.48602205326821],[52.23665718988239,29.48609249275098],[52.23633925703377,29.48605870499026],[52.23629203051718,29.48604797643239],[52.23592281631095,29.48608253001193],[52.23567822351811,29.48622143892766],[52.2354928687628,29.48619510787667],[52.23545389961549,29.48618486363531],[52.23500884778969,29.48611196368525],[52.2349805158705,29.48610231270459],[52.23468579753711,29.48603769980167],[52.23447144639217,29.48604248575549],[52.23427693117105,29.48624651456509],[52.23406290280514,29.48671823643529],[52.23386157699723,29.48718299166121],[52.23384991312553,29.48727336555529],[52.23369588767613,29.48779073248955],[52.23369043899842,29.48783631654879],[52.2336798310964,29.48790514973529],[52.23345744043976,29.48840637799572],[52.23271445928258,29.48886364914226],[52.2321904322807,29.48920680005859],[52.23196711244941,29.48946404748735],[52.23165670401281,29.48945685283826],[52.23161633560398,29.48946343258202],[52.23149237079131,29.48943590134705],[52.23122640737151,29.48939117575479],[52.23118034459761,29.48939010950718],[52.23083197207789,29.4893916938424],[52.23077846357943,29.4893893842299],[52.23042585155544,29.48940375976662],[52.23035375474465,29.48941175974475],[52.23023257547315,29.48976113091149],[52.23035846043613,29.49001045564014],[52.23029212410813,29.4900172715736],[52.23000660274559,29.49014619627932],[52.22997314919785,29.49022528442275],[52.22983941117544,29.49039812482894],[52.22982060936511,29.4904368050462],[52.22969140878411,29.49061207689678],[52.22968429602401,29.49067265280348],[52.22966388264985,29.49079295308028],[52.22928844335847,29.49097377382624],[52.22914264930576,29.49104059013481],[52.22884804402869,29.49099335228678],[52.22858090352818,29.49102571098774],[52.22818615481937,29.4910582503327],[52.22759449052764,29.49105421696186],[52.22699385278039,29.49128387400626],[52.22668718833875,29.49130544678965],[52.22621578808134,29.4907851922179],[52.22602817828824,29.49040132424614],[52.22591799589328,29.49004155360964],[52.22568991268651,29.48975484571257],[52.22541571905984,29.48938544716933],[52.22525272441393,29.48904594982904],[52.22527201674408,29.48899682014822],[52.22502937462234,29.48865524958881],[52.22503596741167,29.48858415368168],[52.2247227518566,29.48814783990838],[52.22464654007442,29.48790552602885],[52.22425844850422,29.48772290848081],[52.2237113928439,29.48765174690453],[52.22370102260699,29.48812661575238],[52.2234822202022,29.48818837340955],[52.22325091115501,29.48811869032998],[52.22298514854963,29.48797144981522],[52.22277905112917,29.48767733580872],[52.22220724207137,29.48742669036726],[52.22215615528965,29.4870471903116],[52.22201913035973,29.48671583172503],[52.22196407952198,29.48620084182073],[52.2226905001102,29.48609449327826],[52.22318719323005,29.48582873111682],[52.22254152388221,29.48567595351025],[52.22155608721653,29.48546182844671],[52.22105017740479,29.485445948375],[52.22062381684838,29.48543412293835],[52.2200573074648,29.48527084522997],[52.21946213888319,29.48539156741595],[52.21919728867501,29.48570956680754],[52.2188321034503,29.48601770646753],[52.2180365764553,29.48642704604151],[52.21771844855274,29.48672972442894],[52.21728139975241,29.48709181321333],[52.21716767576215,29.48730703998613],[52.21712529522879,29.48734981197617],[52.21707976317587,29.48737020015227],[52.21681521479782,29.48775800201267],[52.21653282253978,29.48793293371316],[52.21638200365741,29.48796838490648],[52.21632953807642,29.48797593696595],[52.21585839851438,29.48806515340893],[52.21518192344687,29.48810665046427],[52.2151385901752,29.48806138990325],[52.21473275732269,29.48773780030658],[52.21448509193402,29.48750216695532],[52.21379112456409,29.48788615363349],[52.21346883091641,29.48838538863223],[52.21297933713943,29.48869444984936],[52.2129399122906,29.48869676942262],[52.21290038848343,29.48869909439867],[52.21207540265991,29.48881659836379],[52.21186557848819,29.48893391237876],[52.21206183447613,29.49010949948836],[52.21211218736141,29.49084794328105],[52.21194466559037,29.49164805064831],[52.21193685977715,29.49232082863955],[52.21193858093593,29.49304697132359],[52.21182771798292,29.49391846825757],[52.21148797369963,29.49425142416454],[52.21135339797912,29.49454134572533],[52.21140297648237,29.49503154283389],[52.21126218393375,29.49518860449848],[52.21050898648743,29.49537192485901],[52.21017437329868,29.49549638858269],[52.20940904656772,29.49547227782315],[52.20843449908669,29.49584871127011]]]},"properties":{"Name":"منطقه حفاظت شده ماله گاله","description":"<html xmlns:fo=\"http://www.w3.org/1999/XSL/Format\" xmlns:msxsl=\"urn:schemas-microsoft-com:xslt\">\n\n<head>\n\n<META http-equiv=\"Content-Type\" content=\"text/html\">\n\n<meta http-equiv=\"content-type\" content=\"text/html; charset=UTF-8\">\n\n</head>\n\n<body style=\"margin:0px 0px 0px 0px;overflow:auto;background:#FFFFFF;\">\n\n<table style=\"font-family:Arial,Verdana,Times;font-size:12px;text-align:left;width:100%;border-collapse:collapse;padding:3px 3px 3px 3px\">\n\n<tr style=\"text-align:center;font-weight:bold;background:#9CBCE2\">\n\n<td>منطقه حفاظت شده ماله گاله</td>\n\n</tr>\n\n<tr>\n\n<td>\n\n<table style=\"font-family:Arial,Verdana,Times;font-size:12px;text-align:left;width:100%;border-spacing:0px; padding:3px 3px 3px 3px\">\n\n<tr>\n\n<td>FID</td>\n\n<td>8</td>\n\n</tr>\n\n<tr bgcolor=\"#D4E4F3\">\n\n<td>OBJECTID_1</td>\n\n<td>9</td>\n\n</tr>\n\n<tr>\n\n<td>cod</td>\n\n<td>11</td>\n\n</tr>\n\n<tr bgcolor=\"#D4E4F3\">\n\n<td>tafkik_id</td>\n\n<td>3</td>\n\n</tr>\n\n<tr>\n\n<td>tafkik_nam</td>\n\n<td>منطقه حفاظت شده</td>\n\n</tr>\n\n<tr bgcolor=\"#D4E4F3\">\n\n<td>shahrestan</td>\n\n<td>شیراز</td>\n\n</tr>\n\n<tr>\n\n<td>NAME1</td>\n\n<td>منطقه حفاظت شده ماله گاله</td>\n\n</tr>\n\n<tr bgcolor=\"#D4E4F3\">\n\n<td>sal_mosava</td>\n\n<td>1378.1396</td>\n\n</tr>\n\n<tr>\n\n<td>AREA_ha</td>\n\n<td>48289</td>\n\n</tr>\n\n<tr bgcolor=\"#D4E4F3\">\n\n<td>F_AREA</td>\n\n<td>482889306.004</td>\n\n</tr>\n\n<tr>\n\n<td>Shape_Leng</td>\n\n<td>110349.36424</td>\n\n</tr>\n\n</table>\n\n</td>\n\n</tr>\n\n</table>\n\n</body>\n\n</html>\n\n","timestamp":null,"begin":null,"end":null,"altitudeMode":"clampToGround","tessellate":-1,"extrude":0,"visibility":-1,"drawOrder":null,"icon":null,"snippet":""}},
{"type":"Feature","geometry":{"type":"Polygon","coordinates":[[[52.52965033731251,29.87465373920539],[52.5288162438158,29.87486933556218],[52.52726072366827,29.87511787395798],[52.52583957276671,29.87513621529915],[52.5248975863559,29.8752396523961],[52.5224938322471,29.87594407424009],[52.52026802125718,29.87641120682844],[52.51849727784873,29.87691744564485],[52.51754148567212,29.8771001887079],[52.5136212798993,29.87767655486305],[52.51234837053467,29.87746010133818],[52.51135698366169,29.8772346885875],[52.5105184212495,29.8770007568899],[52.5096747898468,29.87669435115696],[52.50870300766584,29.87634544240671],[52.50803162615157,29.87586721902381],[52.50724023005698,29.87506135102156],[52.50664289580192,29.87342575180567],[52.50724190203056,29.8715079841477],[52.507977062403,29.8701901140567],[52.50898012588186,29.8686779402587],[52.50979545982107,29.86713682835234],[52.5105221997562,29.86588586244478],[52.51103783928301,29.86501413492682],[52.51139083327593,29.86470313457569],[52.51149692962708,29.86417895734222],[52.51149224542063,29.86385977549394],[52.51128788875593,29.86345064763645],[52.51106591214032,29.86310348315637],[52.51082098936904,29.86291724088775],[52.51048807248835,29.86277348847641],[52.5090947069969,29.86283442219487],[52.50661903030692,29.86295925066114],[52.50499043520946,29.8629610549053],[52.50340316201552,29.86236562123579],[52.50179088725917,29.86163409706315],[52.50064042940242,29.86107031972799],[52.49968103165097,29.8604792668622],[52.49849951574177,29.85948630350379],[52.49766351198196,29.85863145477707],[52.49703276388093,29.85784522511158],[52.49663766624278,29.8573855344456],[52.49558682914789,29.85621913422646],[52.4952966881114,29.85586172496172],[52.49441607015721,29.8545435461224],[52.49334202301474,29.85296148103611],[52.49262339707651,29.85176029411258],[52.49232446344186,29.85119625318629],[52.4919016678645,29.85051545162282],[52.49098455903579,29.84914874669622],[52.49031182292521,29.8483161445041],[52.48991200940503,29.84765218709506],[52.48956698876003,29.84712845254639],[52.48915135244006,29.84670089484284],[52.48875379225006,29.84625082817709],[52.48853527056359,29.84595000621714],[52.48779937656361,29.8448197120549],[52.486983046586,29.84365514183504],[52.48622564658332,29.84281227657048],[52.48582941556479,29.8420316912039],[52.48539495358413,29.84123495690583],[52.48475828095704,29.83972613720435],[52.48459246063135,29.83923922889127],[52.48467849692553,29.83877103832054],[52.48475186676595,29.83777545327884],[52.4847640526193,29.83707786990729],[52.48490092555063,29.83661355511309],[52.48512943229494,29.83607066622781],[52.48564637938905,29.83522263558853],[52.48588170838057,29.83487710559205],[52.48604243911382,29.83464978962969],[52.48624880976584,29.83441406898846],[52.48627361231285,29.83417983391202],[52.48619279911573,29.83398911838744],[52.48593237476798,29.83381771965831],[52.4856472015414,29.83328437844884],[52.48520851100059,29.83140754715045],[52.48522376953186,29.83028221248426],[52.48587693694287,29.82903265158009],[52.48634614334799,29.82826228296728],[52.48673223414798,29.82762280553745],[52.48634418091208,29.82724570021022],[52.48601999570448,29.82700521340466],[52.48581586171271,29.8267009774128],[52.48528184742168,29.82635581172597],[52.48484229973923,29.82621574457886],[52.48406097379605,29.82507393451678],[52.4835410383951,29.82479074131724],[52.48321842782808,29.82408039647978],[52.48237902160782,29.8231085716169],[52.48174531355889,29.82200794937556],[52.48111525908416,29.82115489699764],[52.48029307954707,29.81989260110644],[52.47990621535745,29.81889347771119],[52.47968524936022,29.8171512085561],[52.47966203483474,29.81482779588682],[52.47975787367296,29.81289162094859],[52.48001032008373,29.809645004345],[52.48029366205947,29.807715557822],[52.48104731094956,29.80407878877717],[52.48165558589508,29.8032696063622],[52.48383577994825,29.80246861703437],[52.490231887952,29.79908302739726],[52.50214576618099,29.79277610815981],[52.50863075225656,29.78948783924089],[52.52493858217887,29.78165626503786],[52.54691505402184,29.77095603952636],[52.55861854540501,29.76437187217382],[52.56574439991533,29.76061439544009],[52.57410240207091,29.75647545012453],[52.57918357746988,29.75366401737902],[52.58178395785728,29.75255052104032],[52.58581177927959,29.74818189918975],[52.58883094684707,29.74498176643815],[52.59184455859644,29.74205970865226],[52.59442710846777,29.73991584851283],[52.59786415054977,29.73901939499839],[52.59898948646944,29.73886299179768],[52.59946435498088,29.73854323887611],[52.59964294128188,29.73838283977705],[52.59984186931175,29.73764766312738],[52.59997213671169,29.73681152420838],[52.59977607605099,29.73579978675856],[52.59948221282954,29.73455726771626],[52.59932642959208,29.73356753518541],[52.59919166569208,29.73282051174597],[52.59922303023368,29.73240802163445],[52.59942029416085,29.73183279485497],[52.59970283379324,29.73141670202667],[52.60020637447409,29.73117637616977],[52.60080528179677,29.7307033538791],[52.6031105066967,29.72945026944992],[52.60413479594506,29.72891077481037],[52.60483741755636,29.72778129632017],[52.60539817748244,29.72700309822399],[52.60701942280648,29.72533226036975],[52.60774040133068,29.72459602499239],[52.60749244599662,29.72435569897549],[52.60754966582969,29.72403907849171],[52.60728263834829,29.7237758644882],[52.60851859979086,29.72292518717223],[52.61001777549633,29.72211265681757],[52.61169624277268,29.72048759543753],[52.61184883134394,29.72035408043716],[52.61207008313703,29.71969032284495],[52.6121540062846,29.71907615773343],[52.61297798128902,29.71847725015448],[52.61348152158507,29.71767997780626],[52.61372566095061,29.7172641758245],[52.61388206429447,29.71701622094384],[52.61441993673558,29.71666145391514],[52.61520957852377,29.71673393304569],[52.61592292756182,29.71628379877297],[52.61382102955367,29.71376609868926],[52.61337852452617,29.71303367668575],[52.61319160463162,29.71275138987842],[52.61296272168253,29.7125949864972],[52.61266136063453,29.71247291720305],[52.61237525852583,29.7122364045258],[52.61203193633154,29.71195793268279],[52.61178016599928,29.71159172193994],[52.61151313777254,29.71123313959601],[52.611242294029,29.71076393200093],[52.61111640901895,29.71026420655991],[52.61110496480991,29.70985603343285],[52.61123466443922,29.70943260248423],[52.61133766210236,29.70878791866622],[52.61101341214519,29.70848274205651],[52.61087226855876,29.70826530615997],[52.61068534929334,29.70808219984206],[52.61036872865463,29.70773506293423],[52.6100826262529,29.70749473688437],[52.60989570587352,29.70757103060696],[52.60939598063975,29.70768547166839],[52.60842704728431,29.70799827661776],[52.60821723882079,29.70806694085049],[52.60777091936622,29.70823097279164],[52.60719490018742,29.70866966188139],[52.60675620954503,29.70895195056559],[52.6063480368001,29.70952415536063],[52.60578727601781,29.71012306233431],[52.60504341098216,29.7103252418935],[52.60373497008402,29.71061134351066],[52.6028995507127,29.71080207885831],[52.60207359845636,29.71083367500675],[52.6007948137948,29.71129907885636],[52.59959505274739,29.71202288510043],[52.59835243193561,29.7128543858341],[52.594803480064,29.71447133632133],[52.59272469119595,29.71546866380398],[52.58835049173646,29.71694401261194],[52.58662722740778,29.71733851140597],[52.58565606844338,29.71743886608082],[52.58404167588016,29.71793256339257],[52.58253436888485,29.71837638280599],[52.58000380337935,29.71945953963249],[52.57860446784233,29.71998161402712],[52.57767422728209,29.72050224250809],[52.57654771293586,29.7208952984833],[52.57599662993427,29.72086016456016],[52.5750664242739,29.72062835061314],[52.57432046717783,29.72012389938282],[52.57374263563233,29.71949240349534],[52.57342850984648,29.71884693187907],[52.57327233272738,29.7176661752728],[52.57318582527017,29.71678312378401],[52.57325022165307,29.71599162618789],[52.57332262912085,29.71565501298311],[52.57364850094854,29.71489346763944],[52.57399194122739,29.7144508769884],[52.57423341485632,29.71414927821748],[52.57449968471537,29.71393004798086],[52.57468454106735,29.71387557578185],[52.57489853935991,29.71382479004804],[52.57519232245797,29.71374624207919],[52.57560157693555,29.71367073160569],[52.5780124654644,29.71401023986444],[52.58149146912162,29.71432304424956],[52.58288433220098,29.71468868048882],[52.58436775195829,29.71370124884787],[52.58549690216793,29.71297645715667],[52.58621788024438,29.71253013707721],[52.58719825642941,29.7121486665616],[52.58845329243989,29.71143913339086],[52.58908653258882,29.71130180455816],[52.58950614824472,29.71100807278965],[52.59084892260691,29.71055412344279],[52.59522056554169,29.7083988200526],[52.59615898034141,29.70665931803182],[52.59607887300009,29.7060985577304],[52.59536170942618,29.70528221135069],[52.59597587588215,29.70340919506146],[52.59700584400485,29.70173835860492],[52.59698677038433,29.700971603939],[52.59659004176336,29.7006549842736],[52.59616279514761,29.70031547563917],[52.59588050714257,29.70007133564719],[52.59551048267666,29.69938850424094],[52.59496116494201,29.69882774447132],[52.59391975268138,29.69870567292547],[52.59217262266568,29.69826316845484],[52.59221839842554,29.69767952117412],[52.5925312040617,29.69709968666808],[52.59171104353117,29.6967525487099],[52.59093284603811,29.69639778207111],[52.58991050678738,29.69687080448588],[52.58893775877214,29.69699287505357],[52.58839988579066,29.69682884314187],[52.58796119652492,29.69643211477712],[52.58710670431815,29.69611549522144],[52.58616828848105,29.6958980571954],[52.58587074332838,29.69587516889142],[52.58539009039676,29.6959819796596],[52.58504295238053,29.69600868305684],[52.58481788568569,29.69600105397758],[52.58462715104576,29.69596672175818],[52.58424186619784,29.6960124980826],[52.58388709921434,29.69609260724798],[52.58373451138496,29.69616127096587],[52.58359718290266,29.69619178849166],[52.58342170699675,29.69629478563755],[52.58309745705584,29.69642067099078],[52.58251380850611,29.69662666363276],[52.58219337415423,29.69687843436486],[52.58210182107214,29.69698524556465],[52.58200263893786,29.69713020434511],[52.58174705438205,29.69747352715759],[52.58166313121082,29.69779777610378],[52.58158683688868,29.69821357682564],[52.58169746274102,29.69848442146505],[52.58127403250235,29.69896507348746],[52.58109092628274,29.69920921310706],[52.58085441546789,29.69930076603875],[52.58067512386891,29.69934654273577],[52.58030891264783,29.69945716958024],[52.57974815402391,29.69940376353025],[52.57892799353549,29.69981575068242],[52.57845497065042,29.69997215323744],[52.57804679853046,29.70153236443636],[52.57711601286392,29.70216941896654],[52.57719230661885,29.70238685704854],[52.57690238996783,29.70268440334965],[52.57676505949218,29.7029323594085],[52.57650566047374,29.70328331112628],[52.57641029357187,29.70347404517068],[52.57622337226984,29.70368766833151],[52.5760059353675,29.70392799426219],[52.57584190294326,29.70422554057404],[52.57555961477642,29.70459938065819],[52.57526588274902,29.70490455662225],[52.57497596578847,29.7058734894601],[52.5746974938187,29.70620536844757],[52.57407188333578,29.70648384184287],[52.57328987118667,29.70771598843757],[52.5726985926748,29.70873832825146],[52.57203865028243,29.70938682669962],[52.57086753746591,29.71043205309923],[52.57000160111242,29.70997047425405],[52.569635389861,29.70950126602602],[52.56915092398569,29.70894050677547],[52.56863594021457,29.7077846538886],[52.56819343465929,29.70719337579075],[52.56754112166776,29.70688819985146],[52.56703376784597,29.70670890871288],[52.5664653776898,29.70652198845402],[52.5657596583461,29.70639991860075],[52.56526729997145,29.70627657887957],[52.56504446389249,29.70559969897916],[52.56495676657895,29.7048943582036],[52.56483754769064,29.70369529606709],[52.56479815502231,29.70302516142077],[52.56448464486709,29.70258413937933],[52.56377570156866,29.70171527960385],[52.56357731834831,29.70145907048878],[52.56291140344092,29.70094672415535],[52.56185082934047,29.70117355969962],[52.5615229870429,29.70098558705779],[52.56136433240313,29.70091131830272],[52.56114921080864,29.70083061462571],[52.5610502226443,29.70078590259608],[52.5608839687018,29.70072638569768],[52.56072451540052,29.70068422867441],[52.5605338393157,29.70061182333312],[52.56041372034971,29.70072184872229],[52.56028923707644,29.70074279232765],[52.56012973803892,29.70067385936629],[52.55970364562653,29.7004875006627],[52.55929828707615,29.70030585561186],[52.55872271170583,29.70006684319416],[52.55783754908907,29.69959689059875],[52.55760416488815,29.69927973602375],[52.55741288562761,29.69880205014214],[52.55731916025678,29.69848291676814],[52.55726821460512,29.69815477667838],[52.55728547922373,29.69799283074849],[52.55734150788643,29.69790832092448],[52.55745242258828,29.69784753125631],[52.5581534751585,29.69782827801147],[52.55816381444804,29.69782961543048],[52.55816078190119,29.69775200009026],[52.55818366985002,29.69765281813834],[52.55831718397464,29.69759178260944],[52.55846595791641,29.69750404514844],[52.55866432165186,29.69740867667663],[52.55881309495372,29.6973819743313],[52.55899620041609,29.69732475416649],[52.55916404699688,29.6973171241516],[52.55938911398279,29.69730949510821],[52.55954551662841,29.6973361977093],[52.55971717764768,29.69743156466358],[52.55990791248256,29.69752311814657],[52.5599803914325,29.69758415256705],[52.56006050076709,29.69762992977818],[52.56016349770713,29.69770240887401],[52.56028938320731,29.69771003839861],[52.56039619379702,29.69769477935559],[52.56048393197688,29.69768715039501],[52.56054878144629,29.69765281772266],[52.56059074361524,29.6976146707806],[52.5605869287942,29.69754600595355],[52.56050300541291,29.69748497137958],[52.56041526777295,29.69737815952761],[52.56033897434751,29.69726753306846],[52.56030845607491,29.69713783427297],[52.56024360700426,29.69694709932093],[52.56017875663278,29.69679832543825],[52.56004142797008,29.69666862608596],[52.55979347182928,29.69648170619652],[52.55953025813746,29.69632530276277],[52.5592708590104,29.69620704774658],[52.55916023292937,29.69615745600758],[52.55899620082922,29.69606208867505],[52.55899620080183,29.69593238847303],[52.5592174522106,29.69595146228474],[52.55934333756358,29.69596290692268],[52.55960655136701,29.6960086831576],[52.55985069305743,29.69603920039976],[52.56005287180982,29.69608116129491],[52.56024742110704,29.69609642065058],[52.56043052657062,29.6961154951656],[52.56065559423814,29.69613456760887],[52.56070899958365,29.69608879192889],[52.56089210511483,29.6960010532845],[52.56146430950065,29.69568824912805],[52.56190681409502,29.69540596053811],[52.56269264072223,29.69496345539032],[52.56260108865079,29.69415473982387],[52.56259727416507,29.6938610084842],[52.56248664794895,29.69291114862003],[52.56258964446076,29.69185447783455],[52.56249809173383,29.69109916803845],[52.56239127972776,29.69037437444318],[52.56239128055029,29.69026756367348],[52.56258583012671,29.69021797292912],[52.56252097987628,29.68932151835341],[52.56264686500168,29.68891334528096],[52.56286430360919,29.68848991443738],[52.56287574708884,29.68773078961663],[52.56303977898823,29.68684959517729],[52.56345558091047,29.68620872566363],[52.56392860296099,29.68610954376791],[52.56459617599729,29.68614769093878],[52.56515312153941,29.68608284056958],[52.56574058500623,29.68607521211276],[52.56639289883779,29.68636512931384],[52.56701087981068,29.6862735757614],[52.56750297432477,29.68618202296441],[52.56902503876583,29.68897056624524],[52.56911659075047,29.68914985746763],[52.56936073268253,29.68890190122334],[52.57032966532957,29.68786430426281],[52.57121467526655,29.68705558846085],[52.57203865055937,29.68664741634311],[52.57275581424537,29.68632316718798],[52.57345008853142,29.68576622092851],[52.57386589039699,29.6856327064841],[52.57448768542404,29.68560218863185],[52.57502555747247,29.68540382464729],[52.57532310405851,29.68528175465795],[52.57565498291314,29.68521690468594],[52.57602119293502,29.68526268061701],[52.57639121959521,29.68535804811714],[52.57664298905388,29.6853427899348],[52.57752036946545,29.68500709609468],[52.5778980255661,29.68416404785392],[52.57849693305902,29.68336296175054],[52.57897233333894,29.68312359114967],[52.57937554861321,29.68300506124751],[52.57972750538597,29.68296550051322],[52.58002662551772,29.68306541483377],[52.58030270029813,29.68303614906024],[52.58051286856144,29.68291584003012],[52.58074378893593,29.68270683322984],[52.58060264490476,29.68196678190675],[52.58089256174654,29.68148613063853],[52.58134651105321,29.68097496123933],[52.58106040917919,29.6804714209575],[52.58044624258125,29.67937278777238],[52.58079719413956,29.67891502431806],[52.58110618539838,29.67868995789195],[52.58175086894624,29.67838859681182],[52.58203697097087,29.67838096676266],[52.5822124477984,29.67838859648748],[52.58248329160128,29.67831993193999],[52.58302879224312,29.67832756069635],[52.58336067174988,29.67785453830647],[52.58379936132852,29.67736244259122],[52.583986281701,29.67709922844181],[52.58431053169632,29.67700386069072],[52.58450126532348,29.67684364341204],[52.58471870402956,29.676717758549],[52.58493995631675,29.67662620551354],[52.58517265256757,29.67655372665871],[52.58540534958647,29.67642021212725],[52.58554267868349,29.67633247399982],[52.58567237887029,29.67623710582119],[52.58579063366491,29.67617225589382],[52.58601570073728,29.676080704173],[52.58627510032462,29.67599677986136],[52.58646964865449,29.67587852565515],[52.58664512516947,29.67576027037984],[52.58662223670554,29.67563057048509],[52.58662223684947,29.67545509389872],[52.58661460770813,29.67536735628246],[52.58662223702239,29.67527961821006],[52.58668708711112,29.67521476819698],[52.58680915696716,29.67515373276883],[52.58687400659777,29.67514991883099],[52.58706092663918,29.67516899199491],[52.58721732983209,29.67524147110887],[52.58740425009922,29.67526054468151],[52.58756446758218,29.67535972717588],[52.58776283177912,29.6753978736607],[52.58786582818706,29.6753978736963],[52.58796882525635,29.67534065344807],[52.58822059563775,29.6752567302199],[52.58841514551955,29.67515373337773],[52.58859443642986,29.67511940135423],[52.58875465316636,29.67510414202277],[52.58894157303507,29.67510032770122],[52.58905601408588,29.67512321605423],[52.58918952882902,29.67505455098348],[52.58940315117833,29.67493248065232],[52.58949470489951,29.67480278083837],[52.58950996358163,29.67467308133912],[52.58948326026471,29.67450523496618],[52.58945655799061,29.6742839816213],[52.58950233447392,29.67411613556034],[52.58959770194419,29.67397499173091],[52.58973884602128,29.67392921508064],[52.5899143220083,29.67391395718442],[52.59007453863975,29.67393684489673],[52.59030723596609,29.67403602676816],[52.59052467226675,29.67413139411115],[52.59076499894951,29.67428779667003],[52.59093284582767,29.67445182843705],[52.59110069298782,29.67460823169887],[52.59131050084131,29.67473793080212],[52.59146308927327,29.67478370750049],[52.59158515932501,29.67473793060473],[52.59168052646402,29.67466926655051],[52.59183311490832,29.67452812313367],[52.59205055209367,29.67436790566032],[52.59221458410283,29.67424964988727],[52.59241294812839,29.67407035847713],[52.59266090342071,29.67387962380656],[52.59291648823412,29.67372322162627],[52.59317970187121,29.67351341237001],[52.5934085836701,29.6732730873504],[52.59356117091271,29.67310142535942],[52.59380149728557,29.67291069016246],[52.59392738226529,29.67282295222403],[52.59411811737373,29.67252159138331],[52.5942783351969,29.67230796885341],[52.59442329307753,29.67206001307727],[52.59456062268256,29.67183876036595],[52.59480094835045,29.67159080512897],[52.59492301886641,29.67144203192221],[52.59519386202341,29.67129707375848],[52.59553718548386,29.67118644745838],[52.59590339682365,29.67120552110245],[52.59620475733936,29.67127418541629],[52.59642600978052,29.67127800037087],[52.59650611848352,29.67114830030093],[52.59661674458741,29.67101860061026],[52.5966091155951,29.67086219851112],[52.59664726287838,29.6706027983146],[52.59678077694301,29.67041206456762],[52.59695625289707,29.6703548429559],[52.59712791410504,29.67032051128621],[52.59721183733717,29.67027092116677],[52.5974102023082,29.6701335924688],[52.59762000949693,29.67001533604572],[52.59785652162383,29.6698741919047],[52.59800148003431,29.66977882477122],[52.59819603002432,29.66994285733946],[52.59836769138396,29.67013359212044],[52.59858512773616,29.67027091978182],[52.59867668067442,29.67029762308876],[52.59906196491873,29.67012977669437],[52.59945487897004,29.66997718927594],[52.59974098111594,29.66985511933945],[52.59998512214003,29.66979789760655],[52.60020637423229,29.66971779005945],[52.60051536525775,29.66957664572613],[52.60080146689003,29.66947746374771],[52.60109901356246,29.66928291416648],[52.60136222698314,29.66909980889031],[52.6016139979492,29.66900825598441],[52.60186958238624,29.66879463327014],[52.60209464940564,29.66857719497683],[52.60236167877559,29.66842842204312],[52.60263252236977,29.66823387171877],[52.60281181294097,29.66803932295263],[52.60303306616628,29.66781044086317],[52.60320091156429,29.66758918859027],[52.60338401742491,29.66738700978931],[52.60356712320429,29.66721534738073],[52.60366249056376,29.66714668402823],[52.60377693162552,29.6671047214583],[52.60404396090396,29.66709709234157],[52.60420799309784,29.66708183345176],[52.6042919160482,29.66702461253134],[52.60443305947278,29.66689491340367],[52.60470771776558,29.66670036334047],[52.6049289689424,29.66657447862206],[52.60511970383683,29.66655921915062],[52.6052379604074,29.66653633119513],[52.60531043944626,29.66642952026215],[52.60530281044724,29.66626930206241],[52.60532569814124,29.66612434424221],[52.60545158318043,29.66597175647801],[52.60566139080724,29.66573143023075],[52.60591697621847,29.66535759046616],[52.60605811972848,29.66515541135809],[52.6066837307357,29.66476249723207],[52.60695075948869,29.66454124610242],[52.60743141179615,29.6642284396456],[52.60781288054565,29.66400718824791],[52.60763359033092,29.66357994172621],[52.60760307277264,29.66287422309035],[52.60750770545024,29.66257286204521],[52.60749626184898,29.66221809488624],[52.60739707798286,29.66176033041575],[52.60739707824917,29.66154670771463],[52.60702323789346,29.6607799538813],[52.60645103435129,29.65951347464797],[52.60630226020565,29.65925788956771],[52.60661888068709,29.65908241414274],[52.6068134300323,29.65902900836246],[52.60710716128098,29.65888023480326],[52.60726737944117,29.65870475942863],[52.60729789618269,29.65846443309071],[52.60723304629408,29.65822410648082],[52.60725212061576,29.6578807840135],[52.60703849740153,29.65780067447928],[52.60667610173194,29.65776634298755],[52.60588645796153,29.65683937201426],[52.60509300081566,29.65607643166654],[52.60408973688698,29.65526008666436],[52.60320854170934,29.65450859168753],[52.60140418953132,29.65243721130283],[52.60054206684085,29.65146064909649],[52.59853553673474,29.65032768278214],[52.59721183771827,29.64809608599511],[52.59857749808173,29.6469631211834],[52.60050773584678,29.64620399598616],[52.60256681869028,29.64546425324921],[52.60239799741395,29.64489771265007],[52.60241335243942,29.64425915608442],[52.6040795883408,29.64272629937854],[52.6017793445499,29.6405616474777],[52.60064942165148,29.63932929517969],[52.60065568916158,29.63872439185969],[52.60102267591402,29.63843275684542],[52.60223525560883,29.63839259433696],[52.60430080277982,29.6389767799591],[52.60727152561059,29.63935559435127],[52.61453138497381,29.63853780364375],[52.61546245642624,29.63859238223987],[52.61655616751204,29.63861656261092],[52.61828040981815,29.63886833270955],[52.61910438468652,29.63887214746958],[52.62086677594063,29.63851738044398],[52.62171745326982,29.6381664285522],[52.62300682076826,29.63775062639877],[52.62378501829776,29.6373195651304],[52.62511634780629,29.63651847899066],[52.62648200999675,29.63564109863215],[52.62771797173291,29.63490867700708],[52.62916755748292,29.63427162291453],[52.6310138693254,29.63353157006961],[52.63313865678399,29.63303184503266],[52.63525962745803,29.63247489920225],[52.63963890018564,29.63134956538525],[52.64260291960054,29.63134574970609],[52.64865302918867,29.6313037875011],[52.65197944517999,29.6316127783011],[52.65577125373889,29.63212394736054],[52.65978050182513,29.63246345565951],[52.66300392122001,29.63307762110966],[52.66487693760747,29.63348579445496],[52.66639137315641,29.63353920101364],[52.66865348769819,29.63273429983624],[52.67222404487983,29.63092994812958],[52.67661476005881,29.62993431194084],[52.68083000109467,29.62959861859544],[52.68342781021904,29.62871742245754],[52.68678092936196,29.62632942256811],[52.68897437949943,29.62449455387152],[52.69123268091412,29.62352180560476],[52.69182395936902,29.62350654699501],[52.69231986875531,29.62347602921968],[52.69305229166169,29.6234302525785],[52.69341087265068,29.62338829105828],[52.69411277720852,29.62316703904551],[52.69470405568599,29.62297630368559],[52.69518470708384,29.62291908413425],[52.69577217014958,29.62293052813253],[52.69612312290157,29.62296867453966],[52.69644737145376,29.62302207945712],[52.69659233109966,29.62301063546679],[52.69681358272022,29.62291526874377],[52.69711494336561,29.62278556879075],[52.69736289994712,29.62273979231693],[52.69757652308797,29.6226177225103],[52.69775962833202,29.62254142824618],[52.69794273444128,29.62245750470564],[52.69835472002575,29.62243461672724],[52.69904899538939,29.62244987576363],[52.69923209998942,29.62247276394035],[52.69941902154405,29.62256050147189],[52.69957160772645,29.62258338950894],[52.69983863769437,29.62252235503545],[52.69996452275048,29.62246513504106],[52.70013618469883,29.62243080168532],[52.70025825412843,29.62243843138468],[52.70047187708396,29.62251472581544],[52.70064735354585,29.62254905725008],[52.7007656090375,29.62253379871495],[52.70095634421609,29.62244987520714],[52.70113563401661,29.62239265495647],[52.7011928552697,29.62244606038488],[52.70128440844121,29.6225795753203],[52.70152854886602,29.6227474217072],[52.70165061991015,29.62280845677622],[52.70176124575286,29.62278938373474],[52.70191383356367,29.6227626809118],[52.70201301589494,29.62274742148465],[52.70218086197841,29.62264823959607],[52.70223808281679,29.62258720489593],[52.70243263159174,29.62257194557405],[52.70265388449035,29.62256813089646],[52.70279884271094,29.6224994666625],[52.70287513669789,29.62245369026757],[52.70303154024323,29.62238884086775],[52.70313072222765,29.62240791341586],[52.70328331020159,29.62243843156118],[52.70342445374081,29.62244224565557],[52.70357704193798,29.62244987553107],[52.70373344416931,29.62243843199154],[52.70387077329061,29.6224040999476],[52.70401954642691,29.62236213789953],[52.70414161708632,29.62232780581761],[52.70424461346699,29.62233543418378],[52.70476722632875,29.62237358139005],[52.70486259362345,29.62231254703536],[52.70491981444978,29.62226676923314],[52.70499992331063,29.62220573422213],[52.70511054930684,29.62212181142454],[52.70534324535928,29.62179756233155],[52.7055187224549,29.62158012474255],[52.70565223642519,29.62151908926448],[52.70578956485023,29.62148857114313],[52.70598411523515,29.62146186811221],[52.70605277971173,29.62151527488974],[52.70606803780151,29.62162590083748],[52.70672035126407,29.62169075044195],[52.70693397439231,29.62170219462557],[52.70710945036081,29.62170982455884],[52.70731544452909,29.62170219411118],[52.70743751408636,29.62167930661651],[52.70755577065921,29.6216411595712],[52.70769309973955,29.62159919733349],[52.70785713160609,29.62154960679789],[52.70815467730828,29.62143516586441],[52.7083072657106,29.62137794518472],[52.70849418592307,29.62130928027739],[52.70866584748181,29.62124824578583],[52.70889854407067,29.62115287875519],[52.70916557303901,29.62104606619081],[52.70943641696437,29.62094688436192],[52.70965766911387,29.6208438874597],[52.70990562359594,29.62075614953391],[52.71016502421757,29.62077903695122],[52.71041679423264,29.62079048267164],[52.71148490854304,29.62087059001993],[52.71221733063967,29.62093543998239],[52.71286964313812,29.62096595821368],[52.71350669857718,29.62105369600648],[52.71407508817467,29.62101936374811],[52.71472358690411,29.6210308076857],[52.71516609166053,29.6209354403431],[52.71552085870234,29.62083625815872],[52.71571540814242,29.62077903764687],[52.71609687812838,29.62083625864739],[52.71676826526105,29.62096977236768],[52.71740531796664,29.62104988132531],[52.71769142072192,29.62112999051484],[52.71813773977033,29.62080574055448],[52.71839714045059,29.62094306903878],[52.71887779130302,29.62120246913261],[52.71924018863457,29.62143516543772],[52.7194576253775,29.62173271273598],[52.71972083989285,29.62213325590897],[52.71991538994845,29.62250328155906],[52.72008323611011,29.62283516004242],[52.72018623334262,29.62329292415215],[52.72010230947934,29.62361335844335],[52.72002601535694,29.62409782535992],[52.71999168300554,29.6244945539763],[52.72002220194956,29.62457466164415],[52.72015571516609,29.62460136518743],[52.72032737649963,29.624608995343],[52.7204456324188,29.62478447149158],[52.72064399622705,29.62505149801917],[52.72094917297476,29.62544059846972],[52.72102165192737,29.62557792768338],[52.72110938951705,29.62577629088366],[52.72140312177967,29.62591743526866],[52.72147178565826,29.62609672566838],[52.72154426590563,29.62615013138905],[52.72159004160975,29.62616157567879],[52.72162437414763,29.62630653420913],[52.72173881430055,29.62648201076042],[52.72178840600169,29.62662696873072],[52.72192954995482,29.62674903940933],[52.72206306429724,29.62687110974555],[52.72221946678791,29.62692070033615],[52.7226085661787,29.62708473273651],[52.72297477708381,29.62727165226324],[52.72342872522775,29.62751579324059],[52.72373390118773,29.62770271333963],[52.72419929370255,29.62795829827989],[52.72454643136692,29.62809562805061],[52.72479438721127,29.6282558443862],[52.72516059857184,29.62848091141551],[52.72552680959681,29.62869453440254],[52.72585868695486,29.62887382577852],[52.72619819567962,29.6290111546983],[52.72648429867732,29.62912941132755],[52.72714042698167,29.62941932773075],[52.72749137841636,29.62957573041411],[52.7277660368203,29.62974739155194],[52.72787284832771,29.62979698343846],[52.72802162220198,29.62994575607939],[52.7281017293852,29.63005256774253],[52.72827720542369,29.63014030608576],[52.72838783288886,29.63025474574622],[52.72821617051883,29.63044929482567],[52.72847938499378,29.6308116909547],[52.72870826661674,29.63114357074937],[52.72892951992358,29.63145256075489],[52.7291698458629,29.6317844393062],[52.72935295065704,29.63203239453193],[52.72942542966091,29.6321735389182],[52.7295513147523,29.63227272090654],[52.7297382339698,29.63238334720972],[52.72987174891914,29.63253974973122],[52.72993278443502,29.63276481618664],[52.72997474550825,29.63296699559599],[52.7300434101554,29.6332530986405],[52.72998237460396,29.63337898344817],[52.72991371086525,29.63362693878269],[52.72989845152579,29.63372612100925],[52.72991371108269,29.63394355834983],[52.72998237550237,29.63409614724053],[52.72998237504199,29.63422203153998],[52.73005485381049,29.63442421060929],[52.73021125682305,29.63466835135686],[52.73035621512469,29.63487053004035],[52.73053550605537,29.63513755894301],[52.73067283547736,29.63543892005915],[52.73090553197743,29.63570213385492],[52.73114967212035,29.63591575632345],[52.73132514901553,29.63604927103141],[52.73153877187827,29.63615608187766],[52.73173713633868,29.63621330371504],[52.73206901533661,29.63625144982715],[52.73265266371013,29.63640785211176],[52.7327251429399,29.63671302862675],[52.73309898363609,29.63705253632478],[52.73321723847268,29.63728141853952],[52.73282813929072,29.63741874789702],[52.73232078522086,29.63753700373559],[52.73173713589812,29.63749122649905],[52.73147773672833,29.63764762968377],[52.73132514922378,29.63787269663889],[52.73114967232156,29.63806724518941],[52.73097038201531,29.63823127794175],[52.73069953856808,29.63829612756749],[52.73017692474621,29.63845634558033],[52.72959327738252,29.63856697160852],[52.72922706567639,29.63870430064441],[52.72894477792447,29.63888359202667],[52.72878837593962,29.63915062046586],[52.72879219102108,29.63950157315112],[52.72908973734314,29.63991355983208],[52.72931098871701,29.64040565629281],[52.72917747489038,29.6409702309225],[52.7285213467071,29.64125251829985],[52.72739982562548,29.64167594944085],[52.7267246249156,29.64200782790942],[52.72587394664109,29.64238929781378],[52.72448539585147,29.6428165444836],[52.72318458577455,29.64281272934823],[52.72183036749614,29.64305305555516],[52.7210865017305,29.64323616026845],[52.72093009808403,29.64355278039563],[52.7212924953669,29.64380073588207],[52.72167396477586,29.64398384155127],[52.72232627924731,29.64406395080314],[52.72312156016187,29.64439149683914],[52.72297858061802,29.64450886491225],[52.7228199333728,29.64456486170896],[52.72261196159788,29.64461279838204],[52.72243370552324,29.64468272839042],[52.72237541155828,29.64472473893207],[52.72237744845786,29.64475694983845],[52.72240809740202,29.64479564196882],[52.72240323735424,29.64487031358351],[52.72234723909065,29.6450364236811],[52.72226727029592,29.64539230107629],[52.72239033683385,29.64541403293493],[52.72272507343968,29.64548733619947],[52.72294471971541,29.64581918430079],[52.72323539100981,29.64587238003241],[52.7235611581668,29.64610351695254],[52.7238106376871,29.64659784242148],[52.72391367208587,29.64669413133257],[52.72409885755199,29.64673043790595],[52.72434326639083,29.64689629112682],[52.72442983278016,29.64707677260535],[52.7244042382579,29.64729822838046],[52.72429299356036,29.64748052867115],[52.72400188353154,29.64769915152016],[52.72354903247327,29.64781706254076],[52.7231653661899,29.64799518273468],[52.72261226269143,29.64827886942751],[52.72198358708702,29.64862802477266],[52.72160868357238,29.64903861522742],[52.72133155956996,29.64935261965602],[52.72106011912017,29.64985150672377],[52.72068629367174,29.65045732482723],[52.72059986387836,29.65110131626065],[52.72076223380186,29.65120600375174],[52.72112662396398,29.65127090049233],[52.7214502984503,29.65154125161033],[52.72153056799034,29.65174206066603],[52.72164179917917,29.65195045917192],[52.72150865287082,29.65211174118022],[52.72108896644914,29.65240669856546],[52.72064110007952,29.65256092614229],[52.72017441072548,29.65278146469207],[52.71971041313729,29.65282917004538],[52.71912836711398,29.65284393437824],[52.7185713158357,29.65287183800354],[52.71801953154364,29.65288028601251],[52.71767711044458,29.6530271492792],[52.71732062384096,29.65309232372682],[52.71757041142042,29.65342279736839],[52.71752695329365,29.65386471963901],[52.71759718535403,29.65404855363922],[52.71801160302293,29.65405980208757],[52.71827837541051,29.65413258284191],[52.71867240868128,29.65467655219357],[52.71878122106759,29.65479620540209],[52.71976243667941,29.6548503693639],[52.72003062773874,29.65484913052283],[52.72018576598767,29.65475683669344],[52.72077913771201,29.6548001764142],[52.72132629147989,29.65477188648819],[52.72171712834346,29.65474026441776],[52.72202962830277,29.65475118550722],[52.72275561345072,29.6547526464338],[52.7228891118986,29.65483028365455],[52.72301120314405,29.65488611971467],[52.72310454153507,29.65498411761473],[52.72322156709986,29.65501940632122],[52.72338772753166,29.65504247955183],[52.72354063693422,29.65501044287395],[52.72374843041293,29.65493956472141],[52.7239073498775,29.65494080201586],[52.72413035930382,29.65492219490751],[52.72432815089857,29.65490774847122],[52.72449194877601,29.65490344194108],[52.72454409819967,29.65488313752331],[52.72467284402843,29.65492237157844],[52.72480202351579,29.65493905865245],[52.72492195781841,29.65494438688442],[52.72500158119401,29.65492205096706],[52.72509838872419,29.65492282566825],[52.72522357590974,29.65491004561443],[52.7252924296677,29.65491325119936],[52.72534746389973,29.65491581465224],[52.72545363144255,29.65490954933101],[52.72552817041753,29.65489346905464],[52.72567583679947,29.6548721218478],[52.72575825940264,29.6548636435193],[52.72581274688422,29.65486171323681],[52.72589609875096,29.65483438635448],[52.72609827790439,29.6547614672005],[52.72625361702382,29.65471934779315],[52.72634920610331,29.65469469265945],[52.72648311514989,29.65464503280265],[52.72670091096424,29.6545840993651],[52.72689875103786,29.65454455378423],[52.72703881155164,29.65454837631782],[52.72716189221537,29.6545367804484],[52.72726833765629,29.65452565029003],[52.72743143595835,29.65448020269177],[52.72769160565588,29.65431938957536],[52.72784620994834,29.65427878294421],[52.7279396648587,29.65425907743867],[52.72804091145672,29.65423971150595],[52.72820377603093,29.65416322970349],[52.72856525032575,29.65405124727166],[52.72891417204097,29.65383132699804],[52.7291495752909,29.65371510718102],[52.72946404906416,29.65368553776893],[52.72964119566394,29.65363076483376],[52.72990490575029,29.65354922674301],[52.7300629754715,29.65355557930933],[52.73020028443485,29.65350027896179],[52.73050848871457,29.65340243363427],[52.7311000808079,29.65323066726801],[52.73245048402444,29.65284156871754],[52.73433113088664,29.6527462016522],[52.73544502299904,29.65264320415482],[52.73698615887605,29.65246772818424],[52.73739278597598,29.65236116849571],[52.73766763227018,29.65210115222267],[52.737900556575,29.65152655485447],[52.73822050220322,29.65126883803797],[52.73839695598024,29.65111054418048],[52.73853537082915,29.65104920076977],[52.73863371967224,29.65099312973727],[52.73873563936773,29.65082584091251],[52.73877049199578,29.65066101262173],[52.73883886456387,29.65049694555832],[52.73899212692968,29.65019112675422],[52.7392818247728,29.65023791839369],[52.73927041360624,29.64991729950976],[52.73935508697976,29.64983177243308],[52.73980140680583,29.64980125447603],[52.7401599871407,29.64971351653383],[52.74028968766123,29.64970588749147],[52.74057960480798,29.64951896734559],[52.74117851298216,29.64917945963739],[52.74113273549737,29.64883232194844],[52.74110221882576,29.64850807259501],[52.74081993083687,29.648450851715],[52.74019813467201,29.64846992571961],[52.73984718237491,29.64853858917284],[52.73940849240231,29.64855384845656],[52.73899650504151,29.64847374067395],[52.73859596205239,29.64837455764584],[52.73817253006473,29.64825630213502],[52.73778343147502,29.64814567610812],[52.73730659459344,29.64814567619623],[52.73686790372507,29.64810752916581],[52.73649024897433,29.64808082618311],[52.73618888868157,29.64806175242873],[52.73584175136523,29.64811897377447],[52.73554039018866,29.64829826477663],[52.73523902916885,29.6484584814746],[52.73478507953397,29.64871025196841],[52.73461128345751,29.64870132794664],[52.73458214608804,29.64863836170475],[52.73447697374931,29.64852176534911],[52.73434918895265,29.64841564717555],[52.73422757327705,29.64824452521598],[52.734112296828,29.64808174945546],[52.73409925861557,29.64797558165536],[52.73408165247571,29.64779860813086],[52.73403409781835,29.64758288924418],[52.73398725260753,29.6474807241142],[52.73387961889071,29.64730834513719],[52.73367003149095,29.64721288939535],[52.73346598303583,29.64718420754323],[52.73326269611925,29.6471364859737],[52.7330130899994,29.64719223420529],[52.73272401012454,29.64711640256013],[52.7325117895824,29.64692912911987],[52.73191631853213,29.64683811685527],[52.73157849228592,29.64671442734645],[52.73149628374602,29.64657073746356],[52.73150436974891,29.64632056461809],[52.7318134298713,29.6461048141394],[52.73278999223373,29.64603233418935],[52.73383903460933,29.64557075621971],[52.73455238311195,29.64526176611656],[52.73555564877392,29.64485740744137],[52.73721102935085,29.64474348777135],[52.7377400115907,29.64442742897259],[52.73818695608178,29.64414299735797],[52.73841424351704,29.6439984684699],[52.73871857201919,29.64390415033537],[52.73891566884281,29.64395111203492],[52.73904125017609,29.64399576242697],[52.73938303887847,29.64385458780552],[52.73973814854651,29.64387019727447],[52.74017869718738,29.64377568788506],[52.74086508657872,29.64381818103842],[52.74162281191165,29.64383224684414],[52.74234525601889,29.64381573035131],[52.74335459983038,29.64375351042614],[52.74455652355425,29.64322402819299],[52.74532725134021,29.64288760041344],[52.74631857574465,29.64222157615971],[52.74713225683262,29.64176987095875],[52.74825261030556,29.64150516357201],[52.74891142032227,29.64169284953033],[52.75036660678246,29.64164025555718],[52.75137931208101,29.64179464086795],[52.75205037006533,29.64225107037607],[52.75282984021453,29.64264937369307],[52.753928300467,29.64253807206508],[52.75404581749385,29.64244090134313],[52.75454176509299,29.64225563331976],[52.75553319613297,29.64180807652654],[52.75590104167861,29.64173604926223],[52.75616407723693,29.64161267224589],[52.75648146218059,29.64140686671565],[52.75675958525625,29.64148880548052],[52.75700291312372,29.64140691099126],[52.75700433406409,29.64116828019005],[52.75700457206901,29.64078498707066],[52.75700411036065,29.64039720257219],[52.75714439842037,29.64013853570598],[52.75728608130927,29.63992388115676],[52.75728998186383,29.63955217180401],[52.75742813735855,29.63933180183441],[52.75737033319366,29.63893761048412],[52.75741425637421,29.63852894505763],[52.75749238063339,29.63815705482135],[52.75745640327978,29.63780853055004],[52.75754878000451,29.63744851859889],[52.7576711687301,29.63710909333532],[52.75769231484287,29.63689389152417],[52.75760309794782,29.6366687017433],[52.75748427645491,29.63644316712762],[52.75728123502642,29.63632396854285],[52.75695398933595,29.63614033433632],[52.75705528284117,29.63594245922545],[52.75737190098471,29.63544654802906],[52.75752448939811,29.63512611466055],[52.75774955603899,29.63480568036718],[52.75796318080967,29.63458061272389],[52.75823020805751,29.63448143096248],[52.75848197820425,29.63438606379631],[52.7587871542278,29.63422203163972],[52.75888252283011,29.6341953291805],[52.75929069419553,29.63389396772736],[52.75944328318698,29.63361930919709],[52.75979042124548,29.63315010149657],[52.76019859336578,29.63280677900061],[52.76072120712553,29.63241004944812],[52.76129340950988,29.63207054129073],[52.76214027269725,29.6319789896259],[52.76314735378804,29.63181114209326],[52.76330375643086,29.6316738134069],[52.76381110998956,29.63161659250783],[52.76424598644984,29.63115501485224],[52.76478767310857,29.63081932135954],[52.7653369900078,29.63055229227029],[52.76622962930527,29.62993431081825],[52.76721000744939,29.62943458698992],[52.76834678524077,29.62893867613085],[52.76922798170548,29.62853050297101],[52.77070808317917,29.62780571104396],[52.77216529825792,29.62719535852353],[52.77453803963472,29.62639808759514],[52.77629280009244,29.62577629130143],[52.77725029009266,29.6255588538086],[52.77812385550397,29.62516975465031],[52.77890968265741,29.62467765852538],[52.77976417435083,29.62415885899757],[52.78066444304501,29.62363624725572],[52.78160667324564,29.62339210567976],[52.78239250147465,29.6230373385704],[52.7834911342645,29.62314033561797],[52.78404807931646,29.62347984373543],[52.78502464326832,29.62376976083385],[52.78579902578586,29.62371254141214],[52.7862720483852,29.62393760770429],[52.78690910245089,29.6240482331262],[52.78780555656643,29.62423133946081],[52.78895378065656,29.62453651464541],[52.78966712986264,29.62483406155705],[52.79051017762878,29.6251239786902],[52.7912158967933,29.62518119799712],[52.79276847738056,29.62514305110981],[52.79402732705185,29.62505149806844],[52.79526328898355,29.62479972840545],[52.79645347532836,29.62473869311836],[52.79795265163855,29.62454032925122],[52.79947089994498,29.62405967756999],[52.80111503563398,29.62408256503924],[52.80240440344472,29.62386512829887],[52.80454826371304,29.62349891812952],[52.80620765664832,29.62323951788023],[52.80766105675617,29.62307930104909],[52.80951881344896,29.62293815716249],[52.81094551065495,29.6227130899578],[52.81231498649424,29.62264442470889],[52.81409537130539,29.6225954280185],[52.81560707058462,29.62262153658312],[52.81626701433743,29.62266731384577],[52.8180484761543,29.62255668684541],[52.82049751294026,29.62249565205931],[52.82171821534882,29.62230110265693],[52.82290840081777,29.62210273802872],[52.82428932134727,29.62199974201286],[52.82504844660244,29.62178230384892],[52.82694053507853,29.62146186869994],[52.8292789459305,29.62143135154727],[52.834921082813,29.62085745439117],[52.83559226965919,29.62076377973843],[52.83663330208469,29.62059902168192],[52.84123337922999,29.62044989335232],[52.84350652579369,29.62039880049631],[52.84619379058818,29.62061484468753],[52.84591102605897,29.6213703168235],[52.84572410545891,29.62181282080826],[52.84549903800718,29.62212181210917],[52.84531593222693,29.62252998518355],[52.84501838674271,29.62290764010483],[52.84456825256486,29.62335777322588],[52.84431087273916,29.62358982692727],[52.8437213895723,29.62408256504769],[52.84328877760788,29.62448585443898],[52.84325637768565,29.62495035311941],[52.84326917793325,29.62547288021218],[52.84265708800807,29.62594413829621],[52.84239387496537,29.62633705171191],[52.84206962637368,29.62663841262082],[52.84180641160999,29.62685203721752],[52.84121513407693,29.62715339803931],[52.84006690919505,29.62767219623883],[52.83979606568043,29.62809944291897],[52.83923530563386,29.62837791517485],[52.83867454459935,29.62877464421199],[52.8380002718078,29.62898249717333],[52.83699894347643,29.62939801025312],[52.83569545661864,29.63002354928091],[52.83454170997758,29.63083573916231],[52.83362754785335,29.63156638127069],[52.83320643157846,29.63285435005131],[52.83348865629723,29.63377831958632],[52.83416719552704,29.6342450708481],[52.83513521903954,29.63505510407499],[52.83634486424587,29.63524902319173],[52.83789281505532,29.63530666734652],[52.84145249003868,29.63365416625581],[52.84303291300365,29.632532218686],[52.84958973424896,29.62897557612143],[52.8586644322029,29.6248625815752],[52.86525430300581,29.62245169487851],[52.87015755993446,29.62008647058438],[52.87195800131024,29.61911608990852],[52.87340644245138,29.61879442208469],[52.87456807060494,29.61853340796678],[52.87565626075473,29.61868173298798],[52.87673759448246,29.61927986130951],[52.87731742810156,29.61903572149599],[52.87787055945262,29.61881446876198],[52.87868345677933,29.61796894971191],[52.87916755673692,29.61746025118185],[52.879693984577,29.61681938311474],[52.88019137764695,29.61617323230113],[52.88047981226831,29.6155757907365],[52.88114356890917,29.61486625785897],[52.88177299382075,29.61418724164896],[52.88239797574777,29.61364034720474],[52.88304328816156,29.61291694673313],[52.8834503650975,29.61241847409786],[52.88398883214975,29.61190646349953],[52.88456999809838,29.61129280434957],[52.88529775781515,29.61062662299533],[52.88603158365857,29.61013990454244],[52.8867931616749,29.60970605975007],[52.88723489605128,29.60946134795703],[52.88762370881201,29.60919393439787],[52.88797956978927,29.60872364593651],[52.8881235913979,29.6084621353891],[52.88823396185066,29.60817786231427],[52.88835050525795,29.60782663194257],[52.88842180043635,29.60743928021179],[52.88863739479921,29.60705186371176],[52.88896988434176,29.60643646541664],[52.88927607201602,29.60595640487905],[52.88969110733584,29.60555356801225],[52.89003181493901,29.60526847927033],[52.89040946992923,29.6047725685633],[52.8907032003042,29.60456276011127],[52.89093589827591,29.60451698414816],[52.89123344429097,29.60449028110557],[52.89150810229556,29.60446739276674],[52.89178657514388,29.60444068974146],[52.89193415170886,29.60449628132733],[52.89213752725317,29.60465812755663],[52.8922595977327,29.60482215990422],[52.89249992257916,29.60483360390231],[52.89280846531299,29.60473320435012],[52.89313290648312,29.60448433482829],[52.8932830145171,29.60414980158529],[52.89344856426698,29.60346411694139],[52.89370558832473,29.60305894776237],[52.89389212093786,29.60287329489244],[52.89402302952531,29.60275264978202],[52.89417839055032,29.60267448487957],[52.89436531057943,29.60257148739809],[52.8944683065271,29.6025600431648],[52.8946742999797,29.60247612009276],[52.89500617952258,29.60246849122093],[52.89526939390581,29.60242652973658],[52.89548884441651,29.60236661904212],[52.89573427627101,29.60227227822309],[52.89600562915681,29.60196495152295],[52.89606930077171,29.60171378518028],[52.89611883125976,29.60147456111776],[52.89624340201421,29.60124515306371],[52.89636521215382,29.6011861916274],[52.89647102363007,29.60116386407857],[52.89663886955429,29.60116004918643],[52.89680671690533,29.60132789634824],[52.896917342709,29.60167121917281],[52.8969783781433,29.60190773033928],[52.89703941273586,29.60216331525782],[52.89706611587149,29.60261726483337],[52.89714241020857,29.60302925121241],[52.89719897873908,29.60352331939281],[52.89720163517411,29.60370433524366],[52.89721488935451,29.60402107269505],[52.89727211008042,29.60435676674366],[52.89743995635283,29.60471153405204],[52.8974486948872,29.60490557360714],[52.89741632325116,29.60543810015576],[52.89704372562642,29.60613314311657],[52.89674900696364,29.60669472097076],[52.89670793748734,29.60683799153322],[52.89696019574909,29.60724186779776],[52.89832443751666,29.60971060472458],[52.89876195470758,29.60998174978061],[52.89893002400495,29.61019038957421],[52.89902023007439,29.61052509854228],[52.89947318894473,29.61061668525695],[52.90008735570689,29.61057853812039],[52.90059471064853,29.61014747642957],[52.90111732436515,29.60949516347997],[52.90151023855661,29.60901451190846],[52.90172004606987,29.60858726520506],[52.9021015169976,29.60794258128758],[52.90272953783147,29.60763035051987],[52.90294656867497,29.6078767317222],[52.90302467318214,29.60843849221812],[52.90286064050518,29.60924339377372],[52.90252494773714,29.60982704322129],[52.90236473069027,29.61055183483854],[52.90233802787553,29.61136436626119],[52.90222358671755,29.61226844837363],[52.9020175921743,29.61337089533993],[52.90194079553062,29.61458607888114],[52.90173441258334,29.61633378658547],[52.90144157302626,29.61803627062177],[52.90128325140005,29.61972842108022],[52.90107917785581,29.62118721127982],[52.90080070250882,29.62351861326449],[52.90057061868134,29.62463916999093],[52.89976910290655,29.62654051713013],[52.89902306284373,29.62814345962986],[52.89881397284981,29.62882886486005],[52.89839099940382,29.62971625166099],[52.89801742153881,29.63042893991157],[52.89735716323971,29.63154492326453],[52.89668373382593,29.63242964329034],[52.89633369319764,29.63361167921046],[52.89615058802682,29.63457679741975],[52.89586861545536,29.63576489267929],[52.89423471949598,29.63854850634725],[52.89286277050748,29.63996366567511],[52.89176717299561,29.6410937314206],[52.88846139531865,29.6444141861442],[52.88701300149646,29.64656694649828],[52.88557058928438,29.64871071718849],[52.88461660405662,29.65112029003129],[52.8839186662095,29.65288306723172],[52.88375161921869,29.65361211723294],[52.88374642430512,29.65363479081939],[52.88399511958752,29.65438823100247],[52.88430608278818,29.65502218891766],[52.88439862517664,29.65512145588541],[52.88470459742238,29.6554496626478],[52.88503358869671,29.6558755931057],[52.88531931622163,29.65627275430473],[52.88532215302978,29.65627669741331],[52.88533620579543,29.65629114564213],[52.88565321484587,29.65661706272509],[52.88591315528978,29.65681538462979],[52.88626333273998,29.65699092630357],[52.88630858844157,29.65701498865852],[52.88659732708284,29.65716850912012],[52.88681390690176,29.65730173326793],[52.88710780771238,29.65755927869353],[52.88791074224,29.65784773462369],[52.88919203629542,29.6587318167434],[52.8908329489937,29.65972354679986],[52.89159606160887,29.66019115710808],[52.89202905925078,29.66075550645049],[52.89239789929866,29.66133912678686],[52.8923287565169,29.66198648743759],[52.89138226475193,29.66260853495614],[52.89029884274431,29.66286277820856],[52.88978767356839,29.66324424786261],[52.88949012712075,29.6636219027555],[52.88881874025876,29.66412162833154],[52.88839514677813,29.66443871462329],[52.87596831522343,29.67252709072472],[52.87531852589633,29.67297172501481],[52.87506294162352,29.67316627564748],[52.87469673237295,29.67341804522082],[52.87412452724249,29.67370033354791],[52.87353706382081,29.67392540023511],[52.87294197064101,29.67419242980615],[52.8722743983966,29.67440986623901],[52.87157630800238,29.674676895486],[52.87106513979313,29.67491340689967],[52.87064933737715,29.67508506886815],[52.87031364361681,29.67516899171663],[52.86966133021443,29.67517280664472],[52.86945152180722,29.67526054465512],[52.86932182188124,29.67529487692021],[52.86914634558465,29.67537498592662],[52.86898612882297,29.67548561217067],[52.86886405823336,29.6755657207434],[52.86871528475134,29.67566490249342],[52.86856269681876,29.6757564551505],[52.86845207172353,29.67578697256242],[52.86826515194816,29.67587852549193],[52.86810111954829,29.67590141380586],[52.86794853206401,29.6759548200601],[52.86783790572014,29.67597389273178],[52.86769676143188,29.6759777079899],[52.86751747051071,29.67594337559102],[52.86729621904266,29.67590904251993],[52.86714363128245,29.6759014136256],[52.86702156059926,29.6758975986999],[52.86689186095043,29.67589759855542],[52.86664009064504,29.67605018698161],[52.86649894711133,29.67614173937775],[52.86637306126453,29.67625999558575],[52.86621284416754,29.67640876883481],[52.86610221884876,29.6765193950497],[52.86593055648285,29.67661857680108],[52.86580085797811,29.67667961165785],[52.86554908772908,29.67680168277254],[52.86523246760008,29.67682838458905],[52.86515235809042,29.6768512741151],[52.86503791773035,29.67689705003944],[52.86492729158538,29.67693519679839],[52.86473274093873,29.6770458232218],[52.86461448669553,29.6770954139978],[52.86451530429588,29.67716407888934],[52.864370345834,29.67725944612394],[52.86424827541577,29.67733574034377],[52.86417961045893,29.67739296073692],[52.86406516906504,29.6774692548063],[52.86378288239167,29.67762184244651],[52.86360740663911,29.67769813588283],[52.86351203809502,29.67774772675781],[52.86339759706549,29.6777591721257],[52.86303901571006,29.67803001425218],[52.86271095214686,29.67815971433539],[52.86226081714271,29.6782207489485],[52.86163520767791,29.6782131202537],[52.86115455547721,29.67817497312239],[52.86075782797169,29.67815971410944],[52.86014366115297,29.67832374599109],[52.85949134786846,29.67831611582872],[52.85901451018544,29.67829322866674],[52.85842323263628,29.67826652542648],[52.85817909148681,29.67818260233658],[52.85796928304418,29.67817878725018],[52.85775184491443,29.67818641755011],[52.85749626072914,29.67819404644025],[52.85727119288021,29.67823982228852],[52.85708045912305,29.67822837861153],[52.85690879723326,29.67814827046166],[52.85673332075506,29.67807197617373],[52.85660743617358,29.67800712654496],[52.8565006249724,29.67789650030116],[52.85634803747026,29.67784309539002],[52.85614585813211,29.6777896895288],[52.85590553258012,29.67783928046834],[52.85576438946301,29.67787361110843],[52.85560798584054,29.67794227621336],[52.85539817765386,29.67794227630446],[52.85523033062572,29.67791175856747],[52.85498619082443,29.67795753508181],[52.85473060622365,29.67795753540971],[52.85441398540735,29.67799186722954],[52.85402107155869,29.67799186762828],[52.85383796713176,29.67802238497924],[52.85346031138683,29.67801475539343],[52.85309028552256,29.67801475489978],[52.85285758915843,29.67803764304981],[52.85234260566605,29.67804908842814],[52.85196113524188,29.67807579029184],[52.85171699392364,29.67809104901597],[52.85153007442302,29.67805671763685],[52.85136985757767,29.67802619930609],[52.8512744897298,29.6779956822092],[52.85106849650992,29.67791175945331],[52.8508243555654,29.67783928042394],[52.85060691713431,29.67776298577058],[52.85043144063085,29.67768669198459],[52.85024452146182,29.67765998919129],[52.85008811856736,29.67765617534195],[52.84987068134656,29.67769432165589],[52.8496952051654,29.67773628296626],[52.84950828557981,29.67778968933126],[52.84932136506541,29.67787742749049],[52.84908485421384,29.67811012327815],[52.84883689902401,29.67833519005083],[52.84862708993872,29.67849922184802],[52.84841346669624,29.67864418035873],[52.84816551128665,29.67871284569718],[52.84762763938554,29.67872810468231],[52.84726905752012,29.67883110047722],[52.84674644465136,29.67893791242169],[52.84642982495645,29.67914772022269],[52.84608650139018,29.67925071764948],[52.84569358697996,29.67933464106678],[52.84510612382156,29.67944145245283],[52.84436988753718,29.67961311324591],[52.84375190590885,29.6797771457115],[52.84298515300548,29.68000602758713],[52.84198570296813,29.68038368279825],[52.84103584231326,29.68070030244076],[52.83998298574891,29.68081092874311],[52.83928489644378,29.68084526186657],[52.83863639761728,29.68144416915055],[52.83762931732062,29.68354988241602],[52.83703884913291,29.68479933141166],[52.83781623679794,29.6853160868032],[52.83882713226278,29.68567848249614],[52.83958625727845,29.68598365838194],[52.84042930515883,29.68625068792483],[52.84135627617825,29.68663215694527],[52.84224128712388,29.68685722509986],[52.84288215559639,29.68727302703364],[52.8441257475121,29.68818092430951],[52.84458732469977,29.68871498232113],[52.84501838596964,29.68923378051498],[52.84536170965413,29.68954277019022],[52.84573936403109,29.68987846474364],[52.84629249591595,29.69018364073654],[52.84673881400714,29.69042778057799],[52.84704017505903,29.69058799733849],[52.84722328139056,29.69080925068998],[52.84781455929195,29.69123649639052],[52.84834098724895,29.69164848396433],[52.8491458890108,29.6920833595191],[52.84949302664249,29.69245338472632],[52.84997749213576,29.69266700804957],[52.85061454754828,29.69298362791333],[52.85146141064514,29.69347190987057],[52.852148055836,29.69384575026495],[52.85274696392911,29.69423866389135],[52.85373115436102,29.69466972410552],[52.85464286734285,29.6949596416047],[52.85576820403966,29.69548606945718],[52.85656166047457,29.69592475929263],[52.85687065033289,29.6959476471449],[52.85729026709145,29.69622993510382],[52.85777473341447,29.69651222224688],[52.85827827404463,29.69681739903913],[52.85867118774246,29.69704246590073],[52.85908698950324,29.69727134796026],[52.85950279105149,29.6974964148054],[52.86002922107775,29.69766044676104],[52.86060523918035,29.69792366071441],[52.86101722660674,29.6980533605764],[52.86144190653638,29.69811138124849],[52.86197974044497,29.69825255494363],[52.86249438970762,29.69846127884283],[52.86281394898562,29.69874000596841],[52.86313664336437,29.69908344497924],[52.86333656242154,29.69933891387934],[52.86345611087219,29.69955362984361],[52.8634993316536,29.69979099197866],[52.86350325307519,29.70010904477799],[52.86348456116542,29.70066271821309],[52.86343423235172,29.70104347985168],[52.86320124383398,29.70170145906076],[52.86292578907308,29.70245361481272],[52.86280751395199,29.70263045665507],[52.86258897006156,29.70280597423689],[52.86223108147294,29.70299723340608],[52.86185015497566,29.70314434965227],[52.86157822858431,29.70325656593859],[52.8613147237507,29.70325185973361],[52.86099507729767,29.70316699517551],[52.8606092583509,29.703125639999],[52.86028553845355,29.70313864020113],[52.85910477660131,29.70329716281796],[52.85800140841143,29.70349236560257],[52.85685640448866,29.70370330297899],[52.85611152585989,29.70402336209553],[52.85568809530592,29.70429039047166],[52.85516548145952,29.70460319577786],[52.85484504658046,29.70481681905787],[52.8545894618284,29.70508384830042],[52.85414695654856,29.7053279880775],[52.85388374265873,29.7055683140437],[52.85368156390702,29.7057514190269],[52.85349845891577,29.70599556069741],[52.85339927639688,29.70614051850043],[52.85341072008004,29.70641517654639],[52.85350227320543,29.70665931746361],[52.85352516105791,29.70700264048075],[52.85337638814583,29.70733070408649],[52.85333442639681,29.70741081212427],[52.85312843293332,29.70749473658318],[52.85284995981854,29.70749855029249],[52.85245704650139,29.70754814117845],[52.85215568453076,29.70739555484133],[52.85173988241019,29.7072849274709],[52.8514575950629,29.70713233975638],[52.85123634214695,29.70689201487805],[52.85102271896336,29.70675468414935],[52.85077476385221,29.70674324081133],[52.8503627765778,29.7067165371086],[52.84994697643094,29.70667076108822],[52.84948539701125,29.70656395018063],[52.84909248391885,29.70651054431005],[52.84859275804413,29.70662117004014],[52.84827613768389,29.70670890805022],[52.84787177941775,29.70691871603244],[52.84767341557317,29.70714378444264],[52.84742927531599,29.7074069983382],[52.84725761352178,29.70762825052556],[52.84716987574455,29.7078304298268],[52.84721946659984,29.70803260850767],[52.84722709691363,29.70821571509029],[52.84693336486611,29.70827293472291],[52.8465747828642,29.7084217075044],[52.84634971486842,29.70866966244498],[52.84622001565383,29.70885276882294],[52.84596824484088,29.70902061567481],[52.84572029001625,29.70917320396465],[52.84551048248031,29.70895195044952],[52.84512138320753,29.70873451282942],[52.84475135750709,29.70856285152504],[52.84432029590148,29.70851326097901],[52.8438663475565,29.70847892832492],[52.84362983746082,29.70858192476622],[52.84341239906862,29.70871162473816],[52.84315681537068,29.70883751015642],[52.84294319135616,29.70898246856288],[52.84266471828983,29.70904350404396],[52.84240913421152,29.70913505700744],[52.84213828922942,29.70929527374224],[52.84192085250824,29.70947456505173],[52.84176826490372,29.70963478228974],[52.84165382318316,29.70988273698701],[52.84164237932751,29.71007347194009],[52.8416080465654,29.71024894775079],[52.8416118618717,29.71040535139012],[52.84171485892799,29.71047401525397],[52.84191703766557,29.71057319675766],[52.84209251373768,29.71051979179137],[52.84237480127376,29.71056556817981],[52.84253883418362,29.71075248767044],[52.84270667953565,29.71093940710081],[52.84273719801151,29.71130561803644],[52.84279131736486,29.71164380910262],[52.84268327765194,29.71180561329534],[52.84251594498382,29.71190834065168],[52.84227943399107,29.71192741467402],[52.84183692867761,29.71185111987813],[52.84152030864781,29.71187019371222],[52.8411464682947,29.71199607838911],[52.84083366357287,29.71215629609407],[52.8405990238013,29.71234057413542],[52.84037575007257,29.71250476731088],[52.84026698404271,29.71278412913369],[52.84011001455853,29.71302218230406],[52.84002636133924,29.71328951146954],[52.84000308987027,29.71354245653971],[52.84002148419059,29.71371761770474],[52.84001567431108,29.71388188124366],[52.84006150679735,29.71411596395399],[52.84008805212278,29.71432346072751],[52.84025127444738,29.71465725260044],[52.84044544876808,29.71498369353497],[52.84052735445275,29.71533493295759],[52.84058232955186,29.71557605312228],[52.8406282538869,29.71582869286009],[52.84072751764376,29.71618785527041],[52.84074999070827,29.71633385525712],[52.84096423871123,29.71642883146375],[52.84112673666324,29.7164549203818],[52.84120996828962,29.71641378527389],[52.84126289056093,29.71656293906248],[52.84110654656855,29.71664550614486],[52.83951378157169,29.7171129113058],[52.83810742785462,29.71755920015398],[52.83651067594238,29.71806749773991],[52.83613740889884,29.71825458765515],[52.83581352152332,29.71824073815832],[52.83568763648632,29.71829032924764],[52.83543968143223,29.71832466129359],[52.83517265294019,29.71840095539275],[52.83488655034105,29.71853828437708],[52.83466911216922,29.71854972831902],[52.83435249279971,29.71853447075272],[52.83401298469928,29.71856880214733],[52.83361625679473,29.71862220881694],[52.83322715685837,29.71863365267891],[52.83291053731296,29.71867179932124],[52.83210182152962,29.71874046364076],[52.83166694516709,29.71874046335839],[52.83146858211712,29.71874427832519],[52.83130454979557,29.7187175753432],[52.83119010852257,29.71876716630237],[52.83098411601021,29.7188510898054],[52.83070564290759,29.7189388287682],[52.83026313826805,29.71891593972104],[52.8296947472635,29.71899604871277],[52.82916068943543,29.71913337789574],[52.82876014687592,29.71939659202025],[52.82851982031342,29.71959114176779],[52.82814216567174,29.71978569049436],[52.82777214060795,29.71996498199871],[52.82767677192618,29.72013282895155],[52.82763099649091,29.72036933998018],[52.82755088772714,29.72059059138132],[52.82747077824826,29.72091865549053],[52.82730293192272,29.72113609433672],[52.82713127057352,29.72141075220938],[52.82697486785746,29.72162437491095],[52.8268833149934,29.72173500210362],[52.82672691226846,29.72184562835902],[52.82661628661452,29.72199821585972],[52.82660102754838,29.72219276425193],[52.82653617821333,29.72237968446612],[52.8264598844464,29.72247123716175],[52.82635307197238,29.72248268116279],[52.82626533369487,29.72255516081654],[52.82616615259339,29.72268867497866],[52.82608985771314,29.72286033592847],[52.82603263791355,29.72300148073718],[52.82604789629711,29.72316169731949],[52.82607841416966,29.72330284151941],[52.82600974855164,29.72347450362843],[52.82596397260946,29.72368049685187],[52.82596778766835,29.72386741682472],[52.82600974925326,29.72400093148688],[52.82605552587993,29.72410011376945],[52.82604408247673,29.72426414538829],[52.82597541698777,29.72459983819431],[52.82598686157284,29.72493553276777],[52.82600212021582,29.72537422227406],[52.82577705258088,29.72582054210871],[52.82550239544251,29.72629356512492],[52.825078964197,29.72652626060688],[52.82475471512024,29.7268199932562],[52.82440757738114,29.72715950127827],[52.82412910521681,29.72754860050528],[52.82382392922857,29.72790336613001],[52.82356452826964,29.72814750709216],[52.82316017178355,29.7283992775171],[52.82277107130253,29.72872352665284],[52.82239723190246,29.72892952036906],[52.82170295640599,29.72926521305594],[52.8212146757134,29.72963905365595],[52.82058906506936,29.73009300292093],[52.81995200973766,29.73050880470992],[52.81938743506403,29.73106956554976],[52.81921196004942,29.73138999941234],[52.81895637488296,29.73176002560971],[52.81875419545862,29.73198890773229],[52.81851005594358,29.73214912458883],[52.81826210011806,29.73235130366936],[52.81784629727579,29.73276329122307],[52.81738090463731,29.73314857579278],[52.81705284050578,29.73348426849587],[52.81665611258754,29.73396492003974],[52.816328048223,29.73413658100508],[52.81595039371595,29.73435020402315],[52.81559944103715,29.7343997967628],[52.81466865390775,29.73453330996388],[52.8134212483969,29.73481178349055],[52.81237220760583,29.73505210918266],[52.81186103746523,29.73507881254945],[52.81120872510306,29.73547172533626],[52.81064414969656,29.73573494083662],[52.80986595150106,29.73626899801873],[52.80932807846266,29.73676490830899],[52.80895042349609,29.73689460834687],[52.80869102414881,29.73706626944347],[52.80825996334727,29.73724937465995],[52.80781745771773,29.73748207190955],[52.80749320862079,29.73768425085733],[52.80725669843564,29.7389736184238],[52.80710029550647,29.74052238578666],[52.80685997012073,29.74202537567251],[52.80668449404386,29.74276542760221],[52.80639839156925,29.74427986165509],[52.80644035240243,29.74563789470335],[52.80623817408002,29.74688148563112],[52.80627250686518,29.74781990169586],[52.80654334978614,29.74873542926122],[52.80699729896916,29.74977684093167],[52.8071994772259,29.75097084060112],[52.8071727744044,29.75153541650402],[52.806722641321,29.75333213885404],[52.80632591204502,29.75406074580243],[52.80588340820957,29.75494575639902],[52.80538368214958,29.75599479724082],[52.8049144735857,29.75704002464712],[52.80458259520275,29.75786781380763],[52.80460166809196,29.7584095011221],[52.80456733631467,29.75908088780735],[52.80462074234917,29.75984382650629],[52.80463981563391,29.76058006367252],[52.80468559269249,29.76115226727014],[52.80473518313206,29.76186943168255],[52.80485725369209,29.7625026706129],[52.80490684424006,29.76296424932725],[52.80503654426244,29.76343727151352],[52.80540275587941,29.76378059432624],[52.80597114576054,29.7640361798156],[52.80683326718646,29.76421546933989],[52.80781745806048,29.764463425799],[52.80834770098868,29.76497459490819],[52.80914497328027,29.76554298529333],[52.80977821327368,29.76615715074817],[52.81002235310753,29.76681709342916],[52.81020927331038,29.76732444859134],[52.8104801179718,29.76804542535487],[52.81082344007116,29.76835060172055],[52.81173896735382,29.76873588617103],[52.81268119834816,29.76888847451401],[52.81375312743096,29.76926613000705],[52.81522559982994,29.76932334941487],[52.81595420710736,29.76935768196424],[52.81688117990701,29.76937675611702],[52.81778907726668,29.7694568640862],[52.81857109043847,29.76956367538603],[52.81915855385206,29.76962852578704],[52.8198223113987,29.76992607206202],[52.82083320529274,29.77026176624063],[52.8215732559219,29.77055931201999],[52.82237815814867,29.77052116460909],[52.82332038857534,29.76991462796769],[52.82397651676854,29.76934623738614],[52.82466697696943,29.76881980950688],[52.82546424871767,29.76827430778724],[52.82610130337067,29.76793479926027],[52.82696723816252,29.7675266270362],[52.82793998631504,29.76735115123678],[52.82877159084003,29.76728630109833],[52.83045387272357,29.76713752715035],[52.83235359214254,29.76709175137155],[52.83508491427693,29.76696205169852],[52.83555412294207,29.76683998090607],[52.83640861470322,29.76677513154312],[52.83750724766225,29.76668357809516],[52.83808708236344,29.76676750250054],[52.83840751596317,29.76698494054608],[52.83862246349813,29.76733277600174],[52.83884073475625,29.76769908993749],[52.83900631387727,29.76797942413553],[52.83904598207076,29.76819154215451],[52.83904951317547,29.76843912335558],[52.839075340154,29.76865468107069],[52.83906541822294,29.76893550258859],[52.83891604103344,29.76918740471955],[52.83867044472559,29.76928020477892],[52.83817658133164,29.76943493663721],[52.83777016728558,29.76973248643522],[52.83768478160933,29.76986962325455],[52.83769416801802,29.77007103052336],[52.83766958319616,29.77019635535968],[52.83767042832641,29.77041424554001],[52.83768846654031,29.77056993165153],[52.83774592575006,29.77075686081356],[52.83781186427867,29.77096167117286],[52.83778953595044,29.77109718359826],[52.83786201518446,29.77124214301935],[52.83793449432907,29.77139473005951],[52.83795356779067,29.77163124107377],[52.8377742768301,29.77189445528554],[52.83757972670293,29.77210807865983],[52.8374500263402,29.77224159244588],[52.8372516628754,29.77236747710923],[52.83701133660247,29.77246666032493],[52.83678626997477,29.7725353243617],[52.83660697838291,29.77265358073084],[52.83638954184379,29.77283668577659],[52.83623695342112,29.77303886489822],[52.83613395686893,29.77318763725907],[52.83600807156787,29.77335929912534],[52.83565711985342,29.77354240472393],[52.83530998143391,29.77374458340624],[52.83506584153164,29.77393913405819],[52.83483695979861,29.77420997659891],[52.83453769805704,29.7746110904379],[52.83444584808612,29.774984819718],[52.83437934605566,29.77531301677796],[52.83429165562122,29.77551853032253],[52.83416231748063,29.77578200057239],[52.83391312084382,29.7759867363937],[52.83357799187149,29.77616361638074],[52.83307047649318,29.77638661189039],[52.83281262540528,29.77663965070374],[52.8326053834322,29.77700921312032],[52.83255381034305,29.77717462673181],[52.83292674556641,29.77756693288812],[52.83542708974355,29.77695504586436],[52.83571268089973,29.77674481511732],[52.83612027150944,29.77656504311424],[52.83655666563172,29.77649417886429],[52.83716010935088,29.77610206735735],[52.83740806548762,29.77586555549103],[52.83774757371091,29.7758274089097],[52.83810234132217,29.77561378632288],[52.838571548308,29.77540397679907],[52.83907890163391,29.77517128076944],[52.83962821937575,29.77501487823569],[52.8402080531863,29.77488136386745],[52.84051704359613,29.77493095522317],[52.84087943976141,29.77513694873187],[52.84107625606381,29.77545768059548],[52.84127117307198,29.77583008628868],[52.8410542461403,29.77608557150602],[52.84074974035941,29.77633094892567],[52.84047126698697,29.77662086574755],[52.84009391460275,29.77684452084226],[52.83937824813415,29.7773188811197],[52.83869668482018,29.77781010289097],[52.83837372733602,29.77806873591501],[52.83816719106922,29.7783260354741],[52.8378963465423,29.77879142881905],[52.83754920982142,29.7793254853609],[52.83708205527176,29.77960212026639],[52.83647872818839,29.7797606184464],[52.83599248936143,29.77986028303529],[52.83552887780734,29.77996579678975],[52.83525570295164,29.7800312631779],[52.83449226162625,29.78043281505647],[52.83392462016122,29.78088255982551],[52.83356907151042,29.78113773241268],[52.83291365824616,29.78157010939836],[52.83241677809253,29.78178145093063],[52.83144730701209,29.78214980826685],[52.83053888028054,29.78254835906612],[52.83003987676193,29.78277907560317],[52.82900032970112,29.78312004030377],[52.82823371865361,29.78340339736933],[52.82690620315002,29.78378868097175],[52.8259878698471,29.78406854077386],[52.82542366019732,29.7842231244174],[52.82485009695363,29.78437757407425],[52.82437610322228,29.78457655663162],[52.82377199011207,29.78492649137415],[52.82308914866248,29.78541120131941],[52.82263857575496,29.78573771011735],[52.82185197387489,29.78629930136129],[52.82122831496274,29.78679906430247],[52.82044029079955,29.7873058332933],[52.81926536592949,29.78817176853914],[52.81883048982674,29.78845024091536],[52.81812858512851,29.78873634357102],[52.81748771645665,29.78901100267239],[52.81688880893189,29.78931999212544],[52.8164738177199,29.78961415815982],[52.81622123651054,29.78986549414148],[52.8158125335135,29.79018613518143],[52.81529313119367,29.7906181463998],[52.81469535706579,29.79097938580426],[52.81402778611263,29.79139900308446],[52.81344032272256,29.79175758451973],[52.81292533930802,29.7921352399877],[52.81247901849995,29.79213142497028],[52.81200599615068,29.79213523952555],[52.81144523550225,29.79213142455146],[52.81093788003143,29.7921390541348],[52.81004905685715,29.79213905403107],[52.80939544051361,29.79214439048298],[52.80878257683236,29.7922115338039],[52.80846977078031,29.79235649220136],[52.80816078118793,29.79257774513103],[52.80784034645704,29.79265022412025],[52.80752603114458,29.7927429140984],[52.80696633996271,29.79267559152834],[52.80579629205747,29.79259448953342],[52.80424350903952,29.79247461018559],[52.80281639057145,29.79223823608121],[52.80174104404802,29.79226302095717],[52.80093976917721,29.79226447730317],[52.79979896514822,29.79223060704827],[52.79888801455584,29.79239142598414],[52.79764445778684,29.79252171023026],[52.79641682130232,29.79261105723779],[52.79440219716436,29.79281396727726],[52.79280817611122,29.79295048176368],[52.79210396007176,29.79300158741401],[52.79141704490251,29.79307317622655],[52.79040992230618,29.7931627654662],[52.7895783838167,29.79321277285728],[52.78866582328711,29.79338810088476],[52.78800018546253,29.7936216068749],[52.78731305107188,29.7938167219914],[52.78658816324393,29.79407996968002],[52.7858534688288,29.7943040090193],[52.78518391729189,29.7945357792598],[52.78450006588513,29.79474950988953],[52.78413581746639,29.79485893273394],[52.78320642495293,29.79516196007138],[52.78229377937978,29.79547838840217],[52.78138542182224,29.79571342515798],[52.78038978558167,29.79607963655124],[52.77919197068939,29.79629707387129],[52.77807803813938,29.79645481652743],[52.77691748356706,29.79664752248188],[52.77589225783007,29.79681968771018],[52.77518272369559,29.79695701701231],[52.77385229013706,29.79715987483335],[52.77273368783439,29.79734611565949],[52.77148794206088,29.79754534704569],[52.77078335893817,29.79764353461614],[52.76977348337834,29.79775047386453],[52.76814842146462,29.79795646766146],[52.76718643360697,29.7981158090293],[52.76626251879892,29.79822909071149],[52.76518008814791,29.79835221951926],[52.7639971334947,29.79849374335074],[52.76215553283422,29.79868889033385],[52.76075675274993,29.7989221639456],[52.76000837259384,29.79903247318319],[52.7593616434255,29.79931574290505],[52.75885250145762,29.79956844640054],[52.75807878535835,29.79997594039375],[52.7573962114594,29.80029202590546],[52.75692659058143,29.80047394299038],[52.75634963660167,29.80062846379936],[52.75581902548392,29.80074887943204],[52.75530620931503,29.80084331114442],[52.75483516490589,29.80090993393078],[52.75430211698533,29.80089472281503],[52.75389671217225,29.80080986074936],[52.75339698757674,29.80071830716753],[52.75293159376049,29.80063056942714],[52.75250053291671,29.80052375809667],[52.75195121674083,29.80038642926194],[52.75130271896504,29.80011558494042],[52.75110054036035,29.79976463432264],[52.75096702574653,29.79936409136799],[52.75084876980086,29.79890632686867],[52.7506961822095,29.79852104285127],[52.75041389452553,29.79794883819273],[52.75041946320805,29.79778818671545],[52.75016826833709,29.79705468140736],[52.75071669257846,29.79682547403092],[52.75111353942815,29.79647828498836],[52.75133244935164,29.79634006469466],[52.7522707486805,29.79619597163844],[52.75277219439696,29.79604274035023],[52.75321326462988,29.79609624580197],[52.75422613117379,29.79635372966369],[52.75502385221091,29.79621452106084],[52.75585804853401,29.79604125491549],[52.75650995411548,29.79578022890015],[52.75708776502081,29.79549875411071],[52.75780876852777,29.79518521119831],[52.75827118380564,29.79497404462616],[52.75854875640227,29.79479923997577],[52.75914003296378,29.79468279419051],[52.75947872532119,29.79455262784859],[52.75984110660983,29.79444165414868],[52.76010803391842,29.79433341064168],[52.76039751465726,29.79410947371744],[52.76083482979371,29.79377840139849],[52.76116149639506,29.79353725915465],[52.76145042962138,29.79320503935054],[52.76177354876703,29.79291972891545],[52.7620312714592,29.79265581269316],[52.76232405283,29.79257184408291],[52.76257664974477,29.79249895559958],[52.7628611746378,29.79241287995173],[52.76327337700926,29.79228220005758],[52.76371897467529,29.79213110147607],[52.76413360453199,29.79209953175165],[52.76473842919017,29.7921065359998],[52.7651556707979,29.79208370730192],[52.76545240614361,29.79168822950463],[52.7655604690226,29.79136475910217],[52.76545422986826,29.79109481387659],[52.7652399859187,29.7909259407837],[52.76474151788627,29.79070867704278],[52.76437362388648,29.79050319250055],[52.76408423859169,29.79036218201916],[52.76384131143698,29.79019043577247],[52.76393849973829,29.79010381542158],[52.76423341399821,29.7899493712766],[52.7645599508873,29.78976967561148],[52.76494605061996,29.78954376437061],[52.76534188902299,29.78924198530322],[52.76593135037359,29.7890146271799],[52.76646913064635,29.78884669415651],[52.76709465798824,29.78864144632836],[52.76732599841529,29.78852278676842],[52.76768001613361,29.78842966352606],[52.7681716345459,29.7883885705674],[52.76849439713794,29.78830734828827],[52.76901055308277,29.788189969872],[52.76945796784342,29.78806885040611],[52.769737081901,29.78798378562866],[52.76991035874128,29.78786408189383],[52.76982336518318,29.78748239621216],[52.76960443491242,29.78657071910907],[52.76923616114907,29.78656867802233],[52.76857526317112,29.78662428268251],[52.76769434822027,29.78687259679039],[52.76685658672998,29.78717752598892],[52.76662318809255,29.78714796087601],[52.76643896949538,29.78718089982341],[52.76626264098567,29.78725889357693],[52.76602355592025,29.787329976892],[52.76576533708681,29.78739956227749],[52.76533569777335,29.78746449193664],[52.7650029608139,29.7875151453063],[52.76429540307819,29.7876271952363],[52.76364682143194,29.78775270319163],[52.76324692025336,29.78783223592024],[52.76260295493854,29.78811795507962],[52.76212399822892,29.78837011929249],[52.76183809648531,29.78843875970122],[52.76157339139541,29.78850363423209],[52.76124762577525,29.78848984882113],[52.76098914465592,29.78854796244198],[52.76068750039152,29.78862045982436],[52.76010047814678,29.78891082578562],[52.75930923147973,29.78930786760836],[52.75882976736212,29.7895677919283],[52.75835102150197,29.789878106889],[52.75793682258019,29.79008696635529],[52.75741076435224,29.79031878695332],[52.75713126558287,29.79041310208351],[52.75688530209568,29.79046567742508],[52.7560045636451,29.79100118856407],[52.75542344809725,29.79138405264669],[52.75506555860419,29.79149662365782],[52.75477830082296,29.79153466471248],[52.75448004645261,29.79155673651309],[52.75414198273727,29.79164147290159],[52.7540009834599,29.79154135293862],[52.75381301846424,29.79123537784109],[52.75362454218936,29.79096342585289],[52.75354799940542,29.79074361069914],[52.75346238126419,29.79041436084445],[52.75346011507968,29.79025390519114],[52.75348768373472,29.78985528369702],[52.75349618743089,29.78943924045791],[52.75367949902154,29.78913916344107],[52.75387223587997,29.78879216105288],[52.75406176373784,29.78857645844566],[52.75431463582049,29.78818782408165],[52.75456569413101,29.78800654785366],[52.75486374961641,29.78790663597329],[52.75517186115715,29.7879139614278],[52.75535578332043,29.78773505766146],[52.75545524369191,29.78743447319708],[52.75549488415493,29.78723403977577],[52.75547455971253,29.78712186920343],[52.75530780172868,29.78705300354633],[52.75516444847108,29.78701641523358],[52.75502518016496,29.78694242829349],[52.75488941467925,29.78683146189956],[52.75472039211932,29.78664774886497],[52.75454070211815,29.7865043238921],[52.75426992489844,29.78634615445008],[52.75412190441406,29.78623196542392],[52.75398442805937,29.78610801444988],[52.75402026314084,29.78599610891726],[52.75421758640319,29.78598480145361],[52.75445299518163,29.78599614687648],[52.75474217928473,29.78608933071579],[52.75508565733519,29.78621044563929],[52.7553673936494,29.78621559551735],[52.75551047559375,29.78619083440097],[52.75563723766788,29.7861692448401],[52.75588526473738,29.78610685497596],[52.7560151589642,29.78608018605358],[52.75610108001732,29.7860545893451],[52.75621791863161,29.78604322390971],[52.75629836830797,29.78599976887609],[52.7563225134345,29.78593300098645],[52.75631027565854,29.78586706479352],[52.75626671413582,29.78575966483238],[52.75619027077426,29.78568529547655],[52.75607945587694,29.78557581596098],[52.7560026862496,29.78547883261103],[52.755855339729,29.78538248537015],[52.75570831669202,29.78529315786486],[52.75549496156221,29.78520450000241],[52.75529431364074,29.78504689356493],[52.7551266097031,29.78486208070401],[52.75500657800442,29.78467176240123],[52.7548691558684,29.78448510348642],[52.75467754487962,29.78433623820071],[52.7544849387462,29.78423625663697],[52.75434932712827,29.78414044299768],[52.75416325597732,29.78403982562972],[52.75401971340958,29.78397846738671],[52.75388912247688,29.78393848526967],[52.75362902108145,29.78382584846087],[52.75348006221709,29.78375137561723],[52.753366770924,29.78368485043953],[52.75322772188802,29.78357509050708],[52.75312128640422,29.78349781199258],[52.7531544371154,29.78344991537006],[52.75327200642484,29.78341344433229],[52.75340556497289,29.78342209411641],[52.75356283854634,29.78344703374371],[52.75364844869723,29.7834597579015],[52.75374468252611,29.78342608322365],[52.75383997906638,29.78340124155345],[52.75395980353435,29.78337726266559],[52.75407683542839,29.78340893334615],[52.75424204299145,29.78346693360483],[52.75445785746681,29.78355608522483],[52.75464256896407,29.78355015618077],[52.75479053753137,29.78358496962878],[52.75486002615817,29.78357045529365],[52.7548880679968,29.78370792263455],[52.7549599994105,29.78379713199317],[52.75502610756782,29.7838591311288],[52.7551094382795,29.78387960715609],[52.75519563250423,29.78391895588208],[52.75527499809151,29.78394159396926],[52.75540316370606,29.78397918971409],[52.75547542963003,29.78404485669264],[52.75576381571636,29.78425804432898],[52.75594913111445,29.78437000650037],[52.75609825479594,29.7844606980823],[52.75626190915181,29.7845134046716],[52.75640651268412,29.7845128475963],[52.75663608435362,29.78449991078669],[52.75675909384315,29.78449480680572],[52.75693436912533,29.78455364695833],[52.75717296499537,29.78456400689178],[52.75739327629942,29.78458530233296],[52.75752164086455,29.78448010757],[52.75758861321824,29.78431850406443],[52.75750568944973,29.78417414109128],[52.75729576003775,29.78411307450505],[52.75704753510936,29.78401802176561],[52.75680855201279,29.78392903802793],[52.75666246227341,29.78381927524799],[52.75634625093184,29.78357926563805],[52.75604792796242,29.7832649561913],[52.75555115215426,29.78246691142341],[52.75510982604232,29.78192571245195],[52.75459933548531,29.78155809011915],[52.75441811661265,29.78137021628782],[52.75431185346893,29.78117675582275],[52.75439338280668,29.78103310896692],[52.75455680810335,29.78097390089864],[52.75484909339998,29.78105341313169],[52.75517035966806,29.78109521551667],[52.75543914967262,29.78111068811898],[52.75574974037075,29.78116169419432],[52.75599870446767,29.78113330411993],[52.75619174845072,29.78100594519422],[52.75627560643287,29.78085158338208],[52.75626970076247,29.78067102011934],[52.75615020711525,29.78047969489798],[52.75591884951316,29.78033746847544],[52.75574885679511,29.78021590078746],[52.75479432463643,29.77971063258578],[52.75397669027,29.77919270012718],[52.75409384296918,29.77897928695589],[52.75425357355511,29.77883441308683],[52.75434383938693,29.77877365065773],[52.75436731089051,29.77863919879265],[52.75434650690676,29.77848171019046],[52.75432462395757,29.77837106489985],[52.75418528818963,29.77820947920952],[52.75400133285684,29.77807555542161],[52.75375270425071,29.77798205679456],[52.75347198296674,29.77777573149026],[52.75334197947335,29.77766190935154],[52.75313782798946,29.77760528394348],[52.75298155430659,29.77758371291124],[52.75268831804208,29.77765485009585],[52.75231806543087,29.77772813622558],[52.75190430477329,29.77772835319642],[52.75147844212561,29.77759906397391],[52.75125547775239,29.77755317562496],[52.75098534697085,29.77750222995746],[52.75073065664552,29.77747193267606],[52.75045656397715,29.77733651130156],[52.75036201304827,29.77719193359468],[52.75025594566887,29.77702119427613],[52.75012993577143,29.77686348065614],[52.75027621849075,29.77679941966426],[52.75043532234755,29.77679572521289],[52.75075552705938,29.77683243242109],[52.75103936027163,29.77684766999493],[52.75126145169055,29.77687796545069],[52.75156835201837,29.77681041021785],[52.75200780460528,29.77664174813324],[52.75226922147895,29.77631175884825],[52.752394430405,29.77615414716052],[52.75257767288645,29.77602753522635],[52.75275791964405,29.77585615482438],[52.75293044177224,29.77568441103283],[52.7532068646111,29.77557702189899],[52.75343245832991,29.77550033768274],[52.75371163215222,29.77547168785269],[52.75402814222648,29.77544384228691],[52.75414564057824,29.77526573596889],[52.75430550293407,29.77493921238088],[52.75458348944217,29.77461873085493],[52.75476927321635,29.77426606848046],[52.75466500137627,29.77405861245823],[52.75457405556518,29.77387217395659],[52.75445154452215,29.77370498925271],[52.75437799731262,29.77350293861385],[52.75432941349401,29.77323329471373],[52.75413373188185,29.77294991182094],[52.75395498519993,29.77275133897854],[52.75386739571034,29.77252957455465],[52.75368095133616,29.7722946108327],[52.7534174477831,29.77208144727117],[52.75282963324035,29.77201397234166],[52.751474470441,29.77244032281688],[52.74981229936964,29.7732797776879],[52.74877306773918,29.77384214617294],[52.74734958942739,29.77488323801414],[52.74608509498517,29.77568899750872],[52.74360535354315,29.77708971943228],[52.74118434043253,29.77871229991496],[52.73896902230038,29.78034230087078],[52.73657445505696,29.78272210901815],[52.73500199461641,29.78483446536992],[52.73367372622494,29.78742041931837],[52.73270250177582,29.78872321748946],[52.7325533953917,29.788958047688],[52.73236061667158,29.78911103862202],[52.73222591181696,29.78923559529546],[52.73209618046189,29.78936449790774],[52.7318123099845,29.78959138294747],[52.73148956242248,29.78989568792725],[52.73119152159622,29.7901713595264],[52.73029166998177,29.79106449959353],[52.72978407286022,29.79150966985462],[52.72935508756802,29.79178852552975],[52.72844592869427,29.79222498079325],[52.72778785479755,29.79254172570235],[52.72717862182527,29.79276021687205],[52.72644010609359,29.79290360826785],[52.72575020349296,29.79299397621615],[52.72525484221434,29.79305814343082],[52.72478897130741,29.79313207100019],[52.7242484208102,29.79317640647993],[52.7237065816487,29.7931658175687],[52.72295162248572,29.793000333955],[52.72196575414839,29.7925549739984],[52.72071039293078,29.79201181154113],[52.71972847004024,29.79178428680738],[52.71916770865082,29.79159736663184],[52.71872901903988,29.79140663162729],[52.71832847571738,29.79118156448757],[52.71805763131111,29.79094123808137],[52.71773719750922,29.79077720656942],[52.71732139579774,29.79056739814344],[52.7171306603715,29.79033470247372],[52.71694755570682,29.78989982661828],[52.71683692882316,29.78967857380305],[52.71671485860531,29.78946495123702],[52.71680641105738,29.78917884901076],[52.71694755550032,29.78902244729301],[52.71719932549812,29.7887592333107],[52.71740531821208,29.7885494243119],[52.71747016828079,29.78838157808261],[52.71757316534885,29.78811836285371],[52.71760368235483,29.78788948201207],[52.71770667984836,29.78757667538401],[52.71784019440668,29.78731346218378],[52.71792411733192,29.7871036535084],[52.71808501154586,29.78691422123862],[52.71884719310115,29.78571718824455],[52.7211984334293,29.78280039259255],[52.72407979518762,29.77908660272094],[52.72546792930186,29.77730163915777],[52.72639441364756,29.77625004340701],[52.72743129574253,29.77552542367435],[52.72816408023922,29.7749183632581],[52.72942102294524,29.77387276951269],[52.73087143938304,29.77284955549194],[52.73232305327776,29.77180870067721],[52.7340714018537,29.77058023395752],[52.73519111486435,29.76979502723273],[52.73870277265421,29.76804161169241],[52.7407398210454,29.76674461528446],[52.74268150264687,29.76540184119169],[52.74377250721238,29.76479148981134],[52.74457740689132,29.76413917598399],[52.74552726627706,29.76340293961443],[52.74660682626633,29.76266670263886],[52.74837684601987,29.76144600029234],[52.74913215546079,29.76098060727472],[52.74872016879458,29.76070594930252],[52.74815177907082,29.76033592302155],[52.74771308825679,29.75977134781392],[52.74767875651483,29.75909233179605],[52.74790000870925,29.75848960946056],[52.74857902501556,29.75809669506304],[52.74914741493607,29.75765037549248],[52.74967002932232,29.75723457332478],[52.75025749174993,29.75664329565994],[52.75061988807838,29.7562160487783],[52.75089454612776,29.75599479786825],[52.75090598959598,29.75557899614524],[52.75097465399787,29.75522804433578],[52.75128364539103,29.75495720004191],[52.75177955471121,29.75403022891236],[52.75288581700812,29.75262260483358],[52.75371360760782,29.75085640017671],[52.75516319312409,29.7492046366031],[52.75840926603189,29.74689219047436],[52.75997725790248,29.74785140960078],[52.76073396647344,29.74731336304891],[52.76119857361608,29.74682416742391],[52.76169394278268,29.74595414047874],[52.76205543732564,29.74522527705786],[52.76115916559483,29.74379491947752],[52.76212883029645,29.74318122940015],[52.76301765263306,29.74137687757296],[52.7628383639741,29.74093818706672],[52.76244544946034,29.74030876195725],[52.76319312920415,29.73969078097589],[52.76386833159889,29.7394313810018],[52.76426124514625,29.73922920299153],[52.76475334079323,29.73897743273397],[52.76522254838525,29.73875236581214],[52.7656650529554,29.73858070484512],[52.76602363532717,29.73841667254794],[52.76656150803931,29.73834037862919],[52.7669582363317,29.73834800801137],[52.76741600022676,29.73829460201318],[52.76744651755084,29.73789024482829],[52.76730968385512,29.73709788355112],[52.76699633492977,29.7371337953341],[52.76667791238321,29.73719452449988],[52.76629066425841,29.73727226381746],[52.76581382762871,29.73742103666897],[52.76525688135253,29.73754692206849],[52.7647228234304,29.73765373250389],[52.76435279712733,29.73776436006219],[52.76409339862828,29.73785591183735],[52.76361228043834,29.73801979481379],[52.76322477155754,29.73812344039687],[52.76284217842932,29.73826027013287],[52.76230734504853,29.73842829187791],[52.76183628416948,29.73854305528257],[52.76162539157343,29.73859678975099],[52.76138135126943,29.738676067467],[52.76109303242011,29.73877125841436],[52.76058387802218,29.73889732474391],[52.76003074584953,29.73902320993097],[52.75953865057664,29.73901176631444],[52.75906181192584,29.73916435269372],[52.75852775565804,29.73940849425368],[52.75786018316411,29.73969841006448],[52.75704002275576,29.73993873595622],[52.75620460488,29.74026298553315],[52.75560030905209,29.74041142816765],[52.75444602968557,29.74088096633361],[52.75361442554605,29.74118232708959],[52.74876594486677,29.74250602742328],[52.74323982550003,29.74445390913257],[52.74271068201559,29.74463889365412],[52.74212408032092,29.74485242667277],[52.74065159420837,29.74547365335832],[52.73895117119311,29.74569437020228],[52.73786566242387,29.74590689507191],[52.73738881441889,29.74599122486127],[52.73632061283988,29.74648974143312],[52.73492465555271,29.74701812638186],[52.73505758718088,29.74736436507041],[52.73506956957339,29.7475597436976],[52.73508898623806,29.74777858615162],[52.73509575498299,29.7478930793218],[52.73515651069982,29.74814440132183],[52.73500796077942,29.74817159382631],[52.73475132780687,29.74820303855089],[52.73443926354108,29.74825105638583],[52.73415246615073,29.7483007327055],[52.73406024989372,29.74831551370985],[52.73394171364441,29.74833066941969],[52.7338470202262,29.7483476328897],[52.73371207250008,29.74834849566821],[52.73361326523629,29.74834764224437],[52.73349269739379,29.74830303250151],[52.7334672238828,29.74823518789722],[52.73347161317236,29.74817360090208],[52.73340442716324,29.74817218677944],[52.73332212106889,29.74816487941745],[52.73321342423304,29.74812889128799],[52.73304939208204,29.74810218888813],[52.73282432531604,29.7480716715086],[52.73261451606936,29.74800682138398],[52.7323169699124,29.74793052759275],[52.73217201059491,29.74781227123051],[52.73201560922725,29.74777030922247],[52.73181734657234,29.74776031080571],[52.73161888084303,29.74790763984486],[52.73147010774106,29.74799919129192],[52.73123983919962,29.74807471805815],[52.73057746906128,29.74805259801096],[52.73008986004034,29.7476631435046],[52.72979153815274,29.74746931788803],[52.72961708571591,29.74763215337047],[52.72924095413599,29.74729615108307],[52.72929759834632,29.7471942184112],[52.72921120719531,29.74707428353792],[52.72933048369604,29.74696676356424],[52.7292370757792,29.74656135154852],[52.72918357737063,29.74607115782523],[52.72934122666628,29.74593564634716],[52.72944603280781,29.74591102436524],[52.72957226976053,29.74566554757265],[52.72966872803499,29.7455503313964],[52.72981279403442,29.74545174887675],[52.72990309601409,29.74531475697183],[52.72990552525953,29.74516683698674],[52.72995759069705,29.74514910115628],[52.73003287229511,29.74511798037019],[52.73009810056802,29.74508914116292],[52.73017777557965,29.74507579380819],[52.73024313329189,29.74505612096163],[52.73025881268057,29.74504163903026],[52.73022156213548,29.74501363384542],[52.73015875342066,29.7449634229072],[52.73010334456742,29.74489098209898],[52.73003076668905,29.74478655238437],[52.72999861301828,29.74472581232531],[52.72997175652151,29.74465785778803],[52.72993500686526,29.74455923399018],[52.72990176180959,29.74444359596785],[52.72985010646264,29.74435548558426],[52.72979796498311,29.74428801500372],[52.72971873735111,29.74422573118416],[52.7296794859931,29.74425725412916],[52.72953191413546,29.74432637214992],[52.72945041530749,29.74434734470286],[52.72938618967771,29.74423658776056],[52.72935153162712,29.74404346619941],[52.72946184825539,29.74397056489122],[52.72953589607785,29.74389634389945],[52.72970222532343,29.74384446063237],[52.72975671668714,29.74379184960666],[52.72975453423413,29.74367617351837],[52.72980566586956,29.74354615869709],[52.72986140094849,29.74346868241847],[52.72989593249245,29.74344911056104],[52.72993212678486,29.74333422564428],[52.72992541601474,29.74325952652928],[52.72991300053182,29.74322382030206],[52.72989082299608,29.7431888588814],[52.72986030579828,29.74313926766061],[52.72982597383818,29.74311637983498],[52.72977256819102,29.7431087500065],[52.72975730825745,29.74308586183193],[52.72976875249454,29.74305915883162],[52.729787826469,29.74302482649794],[52.72979927033403,29.74299430863521],[52.72980308447116,29.74297142100739],[52.72978782695542,29.74294090397649],[52.72975730921419,29.74290657038901],[52.72971534660191,29.74289131277606],[52.72966575527134,29.7428951263502],[52.7296237947662,29.74290275696817],[52.72959709165496,29.74290657084557],[52.72957420274422,29.74288749799628],[52.72957038819013,29.7428493504895],[52.72955894459539,29.74281501833026],[52.72951316715744,29.74281501855254],[52.72946739180078,29.74280357503829],[52.7294178001715,29.74280357455941],[52.72935295080199,29.74279213040344],[52.72930335990475,29.74277687131239],[52.72924232507705,29.74276924173263],[52.72918891902555,29.74274253824139],[52.72914314303187,29.74273490948676],[52.72905540419048,29.74271965081846],[52.72897529606297,29.74271965108413],[52.72887992881959,29.74271583643379],[52.72875785737943,29.74272728093642],[52.72867393483407,29.74271202177177],[52.72860145589041,29.74269676281479],[52.72857856795537,29.74263572804913],[52.72864973232256,29.7425145875398],[52.72870780778332,29.74243073627185],[52.72895021326429,29.74212045752652],[52.7290765970813,29.74202982149584],[52.72911676108516,29.74192589909574],[52.72920731800841,29.74182369648389],[52.72929340415583,29.74170420940663],[52.72920322990927,29.74164350380826],[52.72910964843849,29.74159969557729],[52.72894867653028,29.74157525760307],[52.72889224082674,29.74156832114753],[52.72885703999672,29.74159050006591],[52.72873619833947,29.74160086735469],[52.72866007409622,29.74161631482514],[52.7285817402708,29.74162380317981],[52.72848402789545,29.74160683735229],[52.7284297329844,29.74159475045055],[52.72820263920867,29.74161301439082],[52.72806696372096,29.74162826311496],[52.72794451877893,29.74161092516381],[52.72791481988013,29.74157369581212],[52.72795836417988,29.74136151564969],[52.72790206468992,29.74132730176613],[52.72782325673413,29.74126625185303],[52.72776025960822,29.74125482961108],[52.72768229245224,29.74120711074215],[52.72761726307166,29.74115181060148],[52.72759724527211,29.74110898870219],[52.72757494280899,29.74107335898283],[52.72742676131083,29.74109684940541],[52.72749678396046,29.74091439686356],[52.7275440775621,29.74079169003146],[52.72761365436885,29.74051945579703],[52.72774421862648,29.74028669419105],[52.72781641001947,29.74013219849562],[52.72785770927678,29.74000538683731],[52.7278177571286,29.73991452136647],[52.7278006874067,29.73985356291911],[52.72779057087109,29.73970391451865],[52.72777257443571,29.73956822182355],[52.72774395670861,29.73944687522746],[52.72770725334239,29.73931198440802],[52.72764852802801,29.73922461133502],[52.72759330708067,29.73918797859691],[52.72759492159876,29.73865477901379],[52.7272071381889,29.73854623565989],[52.72671282634776,29.7394702963816],[52.72656215029651,29.73940352736537],[52.72643329182743,29.73931642376571],[52.72624956273059,29.73926916542992],[52.72603341533356,29.73922953902024],[52.72582675389707,29.73912228750118],[52.72570276348274,29.73903171262417],[52.72560898098778,29.73894653273055],[52.72537230382471,29.73882818851768],[52.72561418392809,29.73855875556465],[52.72524623704185,29.73829380500821],[52.72515436863431,29.73824928755462],[52.72507177683188,29.73830686835377],[52.72498709206,29.73838521005774],[52.72492485299667,29.73844543530303],[52.7247514563509,29.73858940180062],[52.72450910634623,29.7387288124847],[52.72394573276234,29.73823912160265],[52.72335371109905,29.73788301057867],[52.72313624175417,29.73800564418158],[52.72298622107247,29.73801612986558],[52.72279404419298,29.73800227736784],[52.72255516083889,29.73792076191303],[52.7223339080056,29.73790931741524],[52.72215461607257,29.73786735599328],[52.72199058457547,29.73783683884981],[52.72184562636927,29.73781395117615],[52.72171974146298,29.73780632098335],[52.72167478449365,29.73780090304459],[52.72157305719355,29.73826326002121],[52.72136268216011,29.7382881870954],[52.72117428255255,29.73815561772289],[52.72106892322419,29.73809109318435],[52.72059821979946,29.73802757365648],[52.72046852059035,29.73805809102163],[52.72035789465214,29.73803520282739],[52.72021293553929,29.73798942681644],[52.72007942110368,29.73786735589826],[52.71990654715709,29.73772288012347],[52.71977806013284,29.73761177130392],[52.7196636192052,29.73754692151758],[52.71899791841543,29.73691291624407],[52.71914100523659,29.73680305593762],[52.71921729869337,29.73675727863997],[52.71947669875519,29.73669242959438],[52.71971702521607,29.73665809613798],[52.71991538877984,29.73661232079371],[52.72004508938326,29.73658943284697],[52.72016715898541,29.7365512852155],[52.72039985597345,29.73650169456297],[52.72058677584609,29.73652076745073],[52.72075843688883,29.73644828835983],[52.72077751078419,29.73634910613336],[52.72068595866862,29.73615455685993],[52.72054099912894,29.7360782621099],[52.72037315324329,29.73597526646315],[52.72017860313074,29.73583793646697],[52.71996498036533,29.7357578282335],[52.71974754252388,29.73571968146674],[52.71949195831423,29.73568534957402],[52.71926307631904,29.73562049948642],[52.71904945298316,29.73557853764136],[52.71884345964383,29.73554039046464],[52.71869850186644,29.73548698468856],[52.71863365240331,29.73546028099528],[52.7185688021407,29.73538017346658],[52.71848487846128,29.73529243572328],[52.71843910151651,29.73523521421703],[52.71842002903403,29.73518562303649],[52.71847724905481,29.73513984755374],[52.71853828411459,29.73508644146206],[52.71859931902739,29.73503685022593],[52.71870231553237,29.73496437144596],[52.7187480929579,29.73489952119602],[52.71867179849404,29.73485374559543],[52.71859931935084,29.73483848635937],[52.7184085849397,29.73477363641566],[52.71829795762356,29.73472023005424],[52.71813011200693,29.73465919510632],[52.71792411734386,29.73467063900471],[52.71774864203731,29.73464775127933],[52.71756553626452,29.73458290121623],[52.7174892422989,29.73454475466738],[52.71739768984427,29.73456382812873],[52.71726798933192,29.73452186674926],[52.7171344755793,29.73443794409884],[52.71697425795463,29.73437309393422],[52.71675682070341,29.73426628235279],[52.71660804699524,29.73415947112912],[52.71643638590515,29.73403740022423],[52.71632957445855,29.73398018011245],[52.71621513368643,29.7339153298417],[52.71594810492387,29.73390770098815],[52.71583366390754,29.73391532956593],[52.71569633489053,29.73389625556966],[52.71563911333845,29.73388099806187],[52.71554756187879,29.73388481158934],[52.71544837900027,29.73391914471103],[52.71538734379404,29.73390007112063],[52.71532249453806,29.73388481220103],[52.71530723587523,29.7338314067195],[52.71531486469721,29.73377418561798],[52.71532249414325,29.73372459517904],[52.71535301100412,29.73369026263725],[52.71537589972168,29.7336635594915],[52.71542167691349,29.73365211601878],[52.71546363775037,29.7336483012459],[52.71551322876183,29.73363685702353],[52.71557426464044,29.73364067191655],[52.71562385542035,29.73363304163809],[52.71567726066245,29.73361396866274],[52.71573448175202,29.73357582229777],[52.71578407261761,29.73354530355673],[52.71585273639356,29.7335033427665],[52.71592140177429,29.7334690098846],[52.71598625121007,29.73343467772891],[52.71604347159072,29.73338508659247],[52.71608924827403,29.73335838426677],[52.71615028307706,29.7333164230123],[52.71619224444255,29.73329734847024],[52.71624946564586,29.73327064563845],[52.71631813005268,29.73325157300718],[52.71637535100898,29.73322868410694],[52.71642494152672,29.7332210544403],[52.7164669038612,29.73320198160528],[52.71652793842291,29.73318290768231],[52.71659278850637,29.73314857613212],[52.71665382388324,29.73313331702528],[52.71672630311735,29.73311042853759],[52.71679496729799,29.73309135476424],[52.71684455907819,29.73307609696432],[52.71691322259465,29.73307228176996],[52.71697425757417,29.73306465228907],[52.71704292256116,29.73307609654098],[52.71711540167682,29.73307991112371],[52.71719932552565,29.73307991114507],[52.71727180493372,29.73307609677459],[52.71734428328524,29.7330722814759],[52.71741676280914,29.733064652142],[52.71748924244827,29.73305320788449],[52.71755790631496,29.73303794950859],[52.71763038631847,29.73304557868016],[52.71769142225925,29.73303794975982],[52.71779060379641,29.73302650611113],[52.71787834197298,29.73300743140204],[52.71793556232296,29.73298835853361],[52.71800804103312,29.73296928514461],[52.71808433488886,29.73293876716219],[52.71812629687126,29.7329158789338],[52.71816062881507,29.73290443515617],[52.71821022025573,29.73288917595369],[52.71825599694149,29.73287010266128],[52.71830177341351,29.73285865912007],[52.71836280748986,29.73283577039068],[52.71841621410429,29.73280525257101],[52.71849632341998,29.73278236510095],[52.71856880231694,29.73274421790213],[52.71865654019156,29.73272132961327],[52.71872901932731,29.732713699574],[52.71880531261048,29.73269081185822],[52.71887779147965,29.73269462638599],[52.71897697324251,29.73269844138171],[52.71907615602721,29.73270225538726],[52.71917533800803,29.73269462648985],[52.71925544561884,29.73269462697254],[52.71932411113008,29.73267173881123],[52.71938514587202,29.73264884960989],[52.71948051407795,29.73263359155361],[52.71962165682083,29.73257255643872],[52.71968269261671,29.73253822334969],[52.71973991270615,29.73248863247823],[52.71978568909723,29.73245430095371],[52.71985053866012,29.73241233899238],[52.71990776040315,29.73238563550872],[52.71997642445243,29.7323703776995],[52.72003364503575,29.73235130393865],[52.72010993877704,29.73232460059785],[52.7201976770063,29.73229408334349],[52.72027778559696,29.73225212132474],[52.72035026543674,29.73222160382523],[52.72040367001428,29.73220253079421],[52.72045326081527,29.73217582793991],[52.72052955535075,29.73214530947251],[52.72059440539136,29.73211860757418],[52.72066307017624,29.73209571874379],[52.72073936457639,29.73207664570192],[52.72095298727083,29.73201561049432],[52.7210903165386,29.7319927226171],[52.72120857162382,29.73195076107172],[52.72134590060782,29.73188972594787],[52.72144508349084,29.73185157903416],[52.72157859741147,29.73179817253405],[52.72170066777417,29.73173713795889],[52.72183418249799,29.73169136095498],[52.72194480837397,29.73165321456405],[52.72208976616115,29.73159980842819],[52.7221889494559,29.73155784698847],[52.722307204529,29.73151207050785],[52.72244071991013,29.73148155241052],[52.72255897426491,29.73147010872154],[52.72264289822613,29.73143959080733],[52.72281837495771,29.73140144402445],[52.72297096244301,29.73134422379066],[52.72307014494636,29.73129463286188],[52.72321510270028,29.73124504129994],[52.7232952114889,29.7312145239381],[52.72347450272458,29.73114967391389],[52.72354316625226,29.73108863847068],[52.72370338345339,29.73099327122602],[52.72384452825182,29.73092460644991],[52.72396659878262,29.73084831213441],[52.7240123743327,29.73082542474228],[52.72406196576246,29.73080635122163],[52.7241420750785,29.73077964823132],[52.72421073914406,29.73075676031664],[52.7242603300053,29.73072242722298],[52.72427940378479,29.73068809564095],[52.72431755044747,29.73065757854335],[52.72436714179906,29.73067283609758],[52.72441291752939,29.73069191040888],[52.72446632357228,29.73067283665848],[52.72454643215167,29.73066139204247],[52.7246189122391,29.73064994844617],[52.72471427859244,29.73066139264679],[52.72478675746371,29.73064613319611],[52.7248401640005,29.73064231969857],[52.7249164583196,29.7306461335522],[52.72496223354744,29.73059654261134],[52.72498893745627,29.73055839585069],[52.72495079019146,29.73048591599415],[52.72490501421863,29.73043251069095],[52.72487068197543,29.73036384648515],[52.72483634902087,29.73030281112863],[52.72479057310333,29.73021888766887],[52.72474479691918,29.73015403767517],[52.7247257232282,29.73009681768986],[52.72471809363169,29.73003578255206],[52.724710464448,29.72998619113604],[52.72471427885581,29.72994804408507],[52.72474098242213,29.72990226762393],[52.72478294435914,29.72989845353741],[52.72482872016363,29.72987175009389],[52.72487449637834,29.72985649126007],[52.72493934622372,29.72984123192551],[52.72499275189367,29.72982597466121],[52.72505378681931,29.72980690049615],[52.72515296796185,29.72976112476176],[52.72511100718778,29.72963523945998],[52.72506141607083,29.72953605758767],[52.72503852790047,29.72943306012207],[52.7250194553914,29.72932624856389],[52.72500801057742,29.72920036334353],[52.72497749343159,29.7291316990409],[52.72493171694889,29.72904777561263],[52.7249126424873,29.72891044684062],[52.72485160767178,29.7287769330529],[52.72482490463356,29.72862815980186],[52.72477531356857,29.72853660663962],[52.7246837624281,29.72842216604657],[52.72459220943195,29.72830772540686],[52.72457695024315,29.72826194902237],[52.72458076454455,29.72818946896885],[52.72458457875383,29.72805213959903],[52.7246189123135,29.72791481132602],[52.72463035578692,29.72780799990426],[52.72464561542952,29.72768592886261],[52.72463798538219,29.72760200623503],[52.72463035558298,29.72749519343063],[52.72461509708446,29.72740364210301],[52.72462272599291,29.72733116195744],[52.72461509717994,29.72722053606051],[52.72462272561657,29.72710228098725],[52.72462272579169,29.72701454238871],[52.7246150970911,29.72696876581136],[52.72458076490329,29.7269191749503],[52.72461128228969,29.72686958356562],[52.72466087273794,29.72681999265452],[52.72472190917723,29.72677421631752],[52.72472953839984,29.72671318169681],[52.72471427866069,29.72667503507768],[52.72471427877078,29.72661781370153],[52.72468376166271,29.72654914927959],[52.72416114783391,29.725877762937],[52.72409629776433,29.72587394743687],[52.72397422742828,29.7258892063866],[52.72386741595473,29.72592735335357],[52.72377967750866,29.72597312970591],[52.72365760744611,29.7260074627643],[52.72349739051202,29.72604942328416],[52.72333717324366,29.72607994168344],[52.72321128820084,29.72611045860461],[52.72311210537551,29.72614860579956],[52.72299766416401,29.72619056794684],[52.72282600349754,29.7262058263152],[52.72277259753961,29.72623634400034],[52.72268867431376,29.72630882377597],[52.72261619579007,29.72638130251203],[52.72252464218735,29.72646141201577],[52.72246742174114,29.72652244684714],[52.72237968398307,29.72645378127013],[52.72230339034775,29.72650718726592],[52.72223854057357,29.72657203781962],[52.72200202856031,29.72686576911501],[52.7222423546838,29.72706413400918],[52.72213554318569,29.727205276898],[52.7220134730284,29.72736930903097],[52.72189521736128,29.72756767408134],[52.72178459129363,29.72771644647174],[52.72170829750072,29.72778129679459],[52.72160530089462,29.72781944380215],[52.721490859196,29.72785759073112],[52.72132301221074,29.72794532909006],[52.72115135129165,29.72801780769247],[52.72096443135462,29.72813224879993],[52.72081947271999,29.72816658101507],[52.72070121690207,29.72816276715412],[52.72063255274955,29.72817421128983],[52.72048759417347,29.7281742110101],[52.72029685952916,29.72817421101301],[52.72012138281347,29.72814750765255],[52.72000694191278,29.72812461969912],[52.71989631651346,29.72812080519676],[52.71977043086047,29.72808265826389],[52.71973228403735,29.7280216231977],[52.71966361927298,29.7280025486764],[52.71962928698149,29.72795677316917],[52.7196102133473,29.72791099608516],[52.7196140277635,29.72786140447065],[52.71962165666373,29.72782325756683],[52.71958350993135,29.72776985311815],[52.71954536301116,29.7277278906026],[52.71948432795077,29.72770118813631],[52.71942710831757,29.72768974342516],[52.71933555505065,29.7276630412807],[52.71926688958027,29.72764396745522],[52.71920585543494,29.72762870859377],[52.71915626391456,29.72762870857271],[52.71904182330294,29.7276287090601],[52.71890068019079,29.72762489400511],[52.71879768257583,29.72762107874705],[52.71862983671281,29.72762489349104],[52.71827506981975,29.727624893911],[52.71771812415285,29.72762489382111],[52.71731376620408,29.72763633753778],[52.71694755534887,29.72763252364355],[52.71666908307773,29.72766304063064],[52.71629905657522,29.72769737277493],[52.71599769553811,29.72773551991675],[52.71574974014225,29.72776222321088],[52.71540260241123,29.72776985327248],[52.71509361199661,29.72778129649878],[52.71484565642984,29.7278041850252],[52.7146739957122,29.72778511064856],[52.71429252482204,29.72791099573771],[52.71388816722359,29.72809028683499],[52.71357154711061,29.72821235787806],[52.71331977750219,29.72830009555567],[52.71301841609466,29.7283802042845],[52.71256446696754,29.72855186563945],[52.71207237199351,29.72869300899931],[52.7117862695319,29.72878074675591],[52.71146583568093,29.72885322711283],[52.71108436541178,29.72891044682049],[52.71093559290914,29.72892952106659],[52.71079444867767,29.72897911221186],[52.7104320525966,29.72896385317301],[52.71005439794639,29.72895622429346],[52.70949363664786,29.72895240882551],[52.70889472911898,29.72894096473537],[52.70837974482757,29.72893333493467],[52.70781516890607,29.72897529701101],[52.70742607045538,29.7290248882597],[52.70704841468166,29.72908210944289],[52.70662498380711,29.72913932887427],[52.70625114291988,29.72918892024476],[52.70574760423251,29.72922325080508],[52.7056140894029,29.72919273540743],[52.70543479929447,29.72912025581465],[52.70526313802352,29.72908592318677],[52.70511054932538,29.72907829430062],[52.70499229400762,29.72909736750902],[52.70485496441178,29.72912025581205],[52.70468330387881,29.72913932918044],[52.70454978904798,29.72917366144834],[52.70433235134355,29.72924995373769],[52.70417976347503,29.72924232557604],[52.70398902837893,29.72927665694873],[52.70381355217722,29.72928047181587],[52.70363044648523,29.72928428631714],[52.70348930307831,29.72926902820882],[52.70308113055157,29.72918510522976],[52.70292091370356,29.72918129123947],[52.70281791670897,29.72918891997952],[52.70255088702555,29.72920417927266],[52.7021274565159,29.72924614101535],[52.70180702084778,29.72926902795755],[52.70142173718155,29.72929954485021],[52.70113563418435,29.72935676590597],[52.70068549963366,29.72937583945692],[52.70051765330746,29.72933006284732],[52.70025443932937,29.72927665799842],[52.70002937196543,29.72917366151196],[52.69977378774498,29.72909736660874],[52.69931220981105,29.72892570644474],[52.69923210124865,29.72893715024847],[52.69910621619459,29.7289524092449],[52.69882011388466,29.72897148166847],[52.69844627348626,29.72900581489222],[52.69801902755815,29.72901344403943],[52.69764137273112,29.72898674124906],[52.69713020224856,29.72897911162273],[52.6968936918575,29.72896385309589],[52.69661903334088,29.72899055633215],[52.69631004189692,29.7290096289477],[52.69601631086047,29.72905540631953],[52.69558524991735,29.72914695843961],[52.6952838894241,29.72917747577976],[52.69489097500115,29.72920417892892],[52.69452476440255,29.72921180822661],[52.69418907056863,29.72920799451932],[52.6937541945569,29.72919273513017],[52.69338798483,29.72920036397583],[52.6929340355934,29.72914314372876],[52.6924686429487,29.72913551411168],[52.69209480241548,29.72910118181415],[52.69165992631538,29.7291622173434],[52.69112205439041,29.72919654862058],[52.69048500095831,29.72925758495388],[52.69012641845806,29.72927665765391],[52.68983268636003,29.72927284286868],[52.68934822013485,29.7293148050983],[52.68885230908362,29.72937965492675],[52.68871116521535,29.72938346999613],[52.68861579785152,29.72935676710535],[52.68847083922722,29.72934150820119],[52.68824195809669,29.72929191720911],[52.68799018818854,29.72921562282144],[52.68788719078573,29.72936058140262],[52.6877613060263,29.72956657448094],[52.68755149679434,29.72959327737455],[52.68733787543693,29.72959327721892],[52.68713569554244,29.72961998053183],[52.68700599728974,29.72964286862337],[52.6867351530603,29.72955894515675],[52.68652534469744,29.72945594920386],[52.68605613722438,29.72909355301076],[52.68601417447481,29.72907447888071],[52.68598365787285,29.72907066385239],[52.68594169604035,29.72906685025599],[52.68591117910425,29.72900200015665],[52.68589210459989,29.72896003815165],[52.68592643726773,29.72893333488044],[52.6859760275017,29.72893714965039],[52.68603324840445,29.72892570586997],[52.68612098702664,29.72890281829177],[52.68622779747304,29.7288761145517],[52.68634986922399,29.72887229975271],[52.68646049535084,29.72884559683199],[52.68652915986807,29.72882652425144],[52.68648719804878,29.72869682400194],[52.68639564499964,29.72841453732892],[52.6863155363075,29.72813606402823],[52.68623542815785,29.72793769849279],[52.68616294916055,29.72769355864745],[52.68611335784257,29.72749900890834],[52.68596076976825,29.72710609444128],[52.68570137002902,29.72636985860017],[52.68546867361963,29.72565650988624],[52.68526649456801,29.72502327061343],[52.68511390621099,29.724405289014],[52.68499946556449,29.72404670706695],[52.68490791290395,29.72377967863721],[52.68485450644808,29.72366523777304],[52.68464469811725,29.72370338503281],[52.68435478129928,29.72377205032381],[52.68376350378297,29.72390937934362],[52.6834812152032,29.72397422913335],[52.68307304281093,29.72407722502371],[52.68278694094936,29.72414970386837],[52.68226814254123,29.7242717744392],[52.68218040462816,29.72421836904377],[52.6815967553935,29.72439003053713],[52.68086433405501,29.72455024749787],[52.68036079347379,29.72467231813234],[52.67980384780542,29.72481346170315],[52.6784725190503,29.72511863717714],[52.67800712583617,29.72527885441417],[52.67738532931337,29.72544288674916],[52.67701148980785,29.72551155130918],[52.67652320819144,29.72564506562431],[52.67601203847785,29.72575569241484],[52.67525291307971,29.72593498207877],[52.67468071017188,29.72608375505984],[52.67427635182889,29.72617530877302],[52.67394065841144,29.72626686172671],[52.67408561657461,29.7265148167972],[52.67424583406041,29.72667884870007],[52.67442512463472,29.72692680483393],[52.67450523363746,29.72709846555275],[52.67461204474428,29.72720527652307],[52.67463493306089,29.72724723896003],[52.674467087433,29.7272663124177],[52.67413139239014,29.72727012708873],[52.67340278545848,29.72728538536916],[52.67261695914525,29.72739219750237],[52.67199134736344,29.72736549491166],[52.67098045245859,29.72739601143551],[52.67057278812079,29.72735715448358],[52.66608082808354,29.72731392704863],[52.66180963994059,29.72054734064728],[52.64551577167041,29.72800369586511],[52.65155606631621,29.73844392388814],[52.64688682570502,29.73992729324793],[52.64523887489143,29.74037742722986],[52.64422416598999,29.74065208510779],[52.64378928991753,29.74075889703888],[52.64340400718633,29.74083137598762],[52.64295005761954,29.74084663495075],[52.64262962303471,29.74077415566503],[52.64238548262347,29.74069023202632],[52.64203071543812,29.74056816165383],[52.64175605761493,29.74056053296475],[52.64141273490426,29.74069786213218],[52.64101219135325,29.740758897241],[52.64049720734733,29.74090385530829],[52.64008521921995,29.7410030374366],[52.6395282738499,29.74111366300942],[52.63889884790896,29.74127006487673],[52.63691139201649,29.74173164444369],[52.63533973665673,29.74210548469226],[52.63445854184266,29.74223899813722],[52.63348197875008,29.74253273049245],[52.63241004837329,29.74291420088609],[52.63155937087386,29.74313545267824],[52.63091087302891,29.74330711454483],[52.63022422797657,29.7433757782239],[52.6298313141949,29.74343681399064],[52.62949180539859,29.74350929353621],[52.62919425990473,29.7435131076538],[52.62882162764144,29.74360263196734],[52.62724321844315,29.74384517801835],[52.6261226907498,29.74405600702722],[52.62543166573857,29.74424688259957],[52.62505725342839,29.74527891398829],[52.62520991569228,29.74668789003247],[52.62542634370918,29.74866309988046],[52.62551730232087,29.74946720346214],[52.62605887754579,29.75021598368643],[52.62683296144015,29.75041770957334],[52.62846946626211,29.75040626571649],[52.62854194521416,29.75089073260431],[52.62858009282659,29.7511653913509],[52.62858390746532,29.75143623462012],[52.62861442533814,29.7516002667647],[52.62862205500893,29.75197792165486],[52.62859916705787,29.75249290555744],[52.62838935803145,29.75295448299795],[52.62811851403391,29.75328254696131],[52.62769889728051,29.75372123704609],[52.62721443148308,29.75410652285795],[52.62677192615948,29.75464820963441],[52.62639045610645,29.75504875251776],[52.62600135673341,29.75557899578064],[52.62586021336465,29.75575065718498],[52.62582206605903,29.75602150111522],[52.62583350990023,29.75629234362647],[52.62614631636804,29.75630760285888],[52.62653922944623,29.75638771232753],[52.62685584894649,29.75642204379968],[52.62719917260561,29.75652122604242],[52.62746620117957,29.75653648495717],[52.62799262964871,29.75651741125933],[52.62858772279645,29.75640296965134],[52.62940046399834,29.75634824711409],[52.63082393788282,29.75641783067768],[52.63170637315871,29.7563155222098],[52.63254381640189,29.75642642169327],[52.63361678888776,29.75623654469444],[52.63469248578403,29.75643410118887],[52.63569035295406,29.75629589309868],[52.63678237295705,29.75631707786262],[52.63819330531839,29.75617339770992],[52.63956382767248,29.75607739860458],[52.64136540352476,29.75609521075229],[52.64290674882282,29.75620407749352],[52.64404892107937,29.75615572076919],[52.64532044237445,29.75632305261608],[52.64593823961678,29.75644967778833],[52.64627530983211,29.75662198796152],[52.64666706568792,29.75696113727714],[52.64619652243329,29.7572707894584],[52.64545448739022,29.75769168648201],[52.64440486009568,29.75838000052937],[52.64247797863,29.7600536113126],[52.64107987734348,29.76138486028532],[52.63960930134631,29.76307036783876],[52.63807620429706,29.76459942484887],[52.63367740896834,29.76841641635935],[52.63130378652367,29.77047920283668],[52.63043785056064,29.7720165257242],[52.62970542892149,29.77305793899459],[52.62904167175871,29.77420616108269],[52.62837791385477,29.77543449397296],[52.62799262912467,29.77635002152511],[52.62674903869706,29.77713966476148],[52.62574958749725,29.77781105048727],[52.6248416898954,29.77837944061746],[52.62406730711618,29.77926826560677],[52.62388038564611,29.77946281517381],[52.62338447561666,29.78005409265386],[52.62290382328384,29.78064918550701],[52.622282027154,29.78117942850498],[52.62177467211854,29.78158760119737],[52.62131690965158,29.78222084061315],[52.62070274342912,29.78334236188571],[52.6204013812924,29.7841701517122],[52.61998939367693,29.78518867541635],[52.61956596306867,29.78623008705125],[52.61932945223241,29.78679084815248],[52.61889457676399,29.78803825463711],[52.61845207211455,29.78925895827215],[52.61756324739518,29.79131507901181],[52.61750984211653,29.79154396101643],[52.6175174709936,29.79175758429578],[52.61734199428315,29.7921276090955],[52.61712455626589,29.79258918887261],[52.61713218700607,29.79292106657776],[52.61697578384241,29.79341697738374],[52.61694526699971,29.79384422361848],[52.61710929842238,29.79443931683873],[52.6170291897024,29.79523658917041],[52.61700248675048,29.79532051181046],[52.61685752902221,29.79545021238768],[52.6168460845664,29.79574775782307],[52.61676597597565,29.79643821767681],[52.61680793728708,29.79692649870188],[52.61675834640186,29.79755210905925],[52.61680412225655,29.79781913860808],[52.61693000780837,29.79799079963201],[52.61704063361216,29.79823875490125],[52.61711692801197,29.79858589289914],[52.61711692758332,29.79879951551608],[52.61713981550853,29.7990627293687],[52.61718940671818,29.7992954252969],[52.61720848114371,29.79943275554036],[52.61714363093017,29.79958152899797],[52.61720466581177,29.79976844896708],[52.61722373983003,29.79995918394143],[52.61712455654573,29.80004692153002],[52.6168460844116,29.8002414705263],[52.61648368730467,29.80049324114479],[52.61630058268376,29.80059623761884],[52.61620902913982,29.80084800786776],[52.61614417920559,29.80108451922873],[52.61604881210395,29.80122184880218],[52.6160373683106,29.80122947788302],[52.61604118206532,29.80120659028718],[52.61579704277937,29.8014125826259],[52.61565971367408,29.80157661532116],[52.61554908719381,29.80175209020216],[52.61550331014991,29.80206871026741],[52.6155033106628,29.80248451240792],[52.61553001369101,29.80299949610011],[52.61548805150655,29.8036746987962],[52.61550331041143,29.80463600224023],[52.61551475447452,29.80471229658569],[52.61555290139899,29.80489921639069],[52.61588859503819,29.8059558883415],[52.61613273498975,29.8066997536351],[52.61621284397268,29.80742454517769],[52.61627769472579,29.80766868607985],[52.6159838570651,29.80882139281157],[52.6158916448724,29.80986522980519],[52.61441835169238,29.81221923050516],[52.61319668904069,29.81438239548197],[52.6107436509569,29.81718216698924],[52.60882343923105,29.81965187847053],[52.60463559486229,29.82403063549453],[52.60152359476213,29.82697530890504],[52.59864417107792,29.82867772984229],[52.59615908704951,29.82955595759886],[52.59217536108049,29.83066976652923],[52.59031224223047,29.83157103819721],[52.5874511467591,29.83398921047902],[52.5826643493595,29.83820501251264],[52.57783970179495,29.84150874734249],[52.57554559015808,29.84238437402362],[52.5732862792102,29.84252325334255],[52.57056853994444,29.84222203932769],[52.56880846115587,29.84217340128412],[52.56810694719592,29.84208045985324],[52.56665655830924,29.84254775487343],[52.56594671807258,29.84333048464108],[52.56533250671239,29.84438397232354],[52.56488362931772,29.84582840287317],[52.56473029661156,29.84654847511382],[52.55053292680391,29.86263700067018],[52.54778827293077,29.86494797603935],[52.54629984841277,29.86641907034764],[52.54247739856955,29.86914490616357],[52.54033282339313,29.87068147869001],[52.53879499898444,29.87220821325209],[52.53731938548372,29.87312235069437],[52.53520088765027,29.87361115012297],[52.53378568840787,29.87353788002544],[52.52965033731251,29.87465373920539]]]},"properties":{"Name":" پارک ملی بمو","description":"<html xmlns:fo=\"http://www.w3.org/1999/XSL/Format\" xmlns:msxsl=\"urn:schemas-microsoft-com:xslt\">\n\n<head>\n\n<META http-equiv=\"Content-Type\" content=\"text/html\">\n\n<meta http-equiv=\"content-type\" content=\"text/html; charset=UTF-8\">\n\n</head>\n\n<body style=\"margin:0px 0px 0px 0px;overflow:auto;background:#FFFFFF;\">\n\n<table style=\"font-family:Arial,Verdana,Times;font-size:12px;text-align:left;width:100%;border-collapse:collapse;padding:3px 3px 3px 3px\">\n\n<tr style=\"text-align:center;font-weight:bold;background:#9CBCE2\">\n\n<td> پارک ملی بمو</td>\n\n</tr>\n\n<tr>\n\n<td>\n\n<table style=\"font-family:Arial,Verdana,Times;font-size:12px;text-align:left;width:100%;border-spacing:0px; padding:3px 3px 3px 3px\">\n\n<tr>\n\n<td>FID</td>\n\n<td>9</td>\n\n</tr>\n\n<tr bgcolor=\"#D4E4F3\">\n\n<td>OBJECTID_1</td>\n\n<td>10</td>\n\n</tr>\n\n<tr>\n\n<td>cod</td>\n\n<td>1</td>\n\n</tr>\n\n<tr bgcolor=\"#D4E4F3\">\n\n<td>tafkik_id</td>\n\n<td>1</td>\n\n</tr>\n\n<tr>\n\n<td>tafkik_nam</td>\n\n<td>پارک ملي</td>\n\n</tr>\n\n<tr bgcolor=\"#D4E4F3\">\n\n<td>shahrestan</td>\n\n<td>شیراز- سپیدان - زرقان</td>\n\n</tr>\n\n<tr>\n\n<td>NAME1</td>\n\n<td>پارک ملی بمو</td>\n\n</tr>\n\n<tr bgcolor=\"#D4E4F3\">\n\n<td>sal_mosava</td>\n\n<td>1349</td>\n\n</tr>\n\n<tr>\n\n<td>AREA_ha</td>\n\n<td>47751</td>\n\n</tr>\n\n<tr bgcolor=\"#D4E4F3\">\n\n<td>F_AREA</td>\n\n<td>477508356.651</td>\n\n</tr>\n\n<tr>\n\n<td>Shape_Leng</td>\n\n<td>212015.312644</td>\n\n</tr>\n\n</table>\n\n</td>\n\n</tr>\n\n</table>\n\n</body>\n\n</html>\n\n","timestamp":null,"begin":null,"end":null,"altitudeMode":"clampToGround","tessellate":-1,"extrude":0,"visibility":-1,"drawOrder":null,"icon":null,"snippet":""}},
{"type":"Feature","geometry":{"type":"Polygon","coordinates":[[[53.7663659110309,29.75225073975665],[53.764359999906,29.75482000063204],[53.75968000033531,29.75708000067503],[53.75433999950267,29.75984000065001],[53.7484699995171,29.76107000109264],[53.74263440797213,29.76361413507852],[53.73270999991288,29.76794000035856],[53.72794328198281,29.77088826772717],[53.71827999998799,29.7767200002948],[53.7100633696101,29.78259735695863],[53.70217680285511,29.78806914515236],[53.69889238512226,29.79044176002554],[53.69519934013916,29.79320847275468],[53.69385568142496,29.7943978593968],[53.69084970605902,29.79734139974954],[53.68489315832097,29.80317354919255],[53.67906816504332,29.80840819624267],[53.67464512090334,29.81228311373932],[53.67224000041507,29.81439000081125],[53.66551590368989,29.8161534107731],[53.663050000283,29.81680000077246],[53.65969000005088,29.81707000021144],[53.65907489480362,29.81731724805674],[53.65745834775787,29.81744465519214],[53.65542999959197,29.81757000049883],[53.65366182555617,29.81779362617312],[53.65241999972513,29.81754000088122],[53.65076000045186,29.81810000102162],[53.64762999957539,29.81910000095561],[53.64765999981473,29.8196600003933],[53.64682999984847,29.82071000067269],[53.64673999990619,29.82098000057907],[53.64424001099092,29.82318730016312],[53.64247000006259,29.82475000034426],[53.64157403592738,29.82561453532486],[53.64039414734663,29.8261488099009],[53.63777295274743,29.82680021137083],[53.63603514540635,29.82727052555537],[53.63249202746883,29.82822942319383],[53.63030099514933,29.82882239684107],[53.6284523340744,29.82932271224594],[53.62724069607705,29.82969276661375],[53.62643685414709,29.83001202473473],[53.62544630253036,29.83028549236742],[53.62087995314107,29.832011622497],[53.61908983010586,29.83314559458051],[53.61894937171908,29.83317401449078],[53.61617654010423,29.83317425608496],[53.61587128851829,29.83316859471475],[53.61488177282077,29.83305540820909],[53.61392418844869,29.83294587633955],[53.61183848862087,29.83186826256211],[53.60875842674762,29.83013730889877],[53.60689527208426,29.82900881009463],[53.60524432687415,29.82778087396339],[53.6033874265929,29.82626320440019],[53.60241000011592,29.8253000002866],[53.60165000006383,29.82474000027301],[53.5986099994895,29.82286000100701],[53.59591999989044,29.82165000034656],[53.59456999980892,29.82106000090709],[53.59364000043584,29.81999000085557],[53.59307999999956,29.81755000057658],[53.59282999976387,29.81563000066571],[53.59240000041306,29.81496000045401],[53.59184999979646,29.8142200003943],[53.59052000040752,29.81384000104004],[53.58665999973233,29.81375000036758],[53.5839400002069,29.81388000042248],[53.581470000177,29.81359000046762],[53.57949000005917,29.81222000023828],[53.57892999961769,29.81110000068511],[53.57878999988819,29.81078000107191],[53.57831000040625,29.81014000103546],[53.5788600002201,29.80692000080859],[53.57982999981438,29.80370000074175],[53.58080000001178,29.8021500007391],[53.58213999941354,29.80040000043068],[53.58330999950913,29.79754000090898],[53.57877999985078,29.796220000583],[53.57836999987881,29.79547000064809],[53.57805999959874,29.79333000022532],[53.57800999975111,29.79158000062615],[53.57980000040155,29.78854000023086],[53.58085999951255,29.78667000092607],[53.58139000035312,29.78590000065594],[53.58156000025114,29.78560000034794],[53.58165000039869,29.78541000052807],[53.58174000013017,29.78528000054566],[53.58199999983068,29.78481000039178],[53.58208000020949,29.78468000076008],[53.58276999995156,29.78339000075871],[53.58293999990881,29.78313000093294],[53.58306000032573,29.78284000101787],[53.58322000039796,29.78251000092169],[53.58332999983579,29.7821900010848],[53.58334999989305,29.78207000094114],[53.58361000028834,29.78111000021291],[53.58374000015209,29.78055000107656],[53.58363999992145,29.78002000071679],[53.58315999995341,29.77850000085045],[53.58268999955436,29.77750000097941],[53.58231999986405,29.77699000077872],[53.58196000001947,29.77675000080961],[53.58030999997801,29.77577000106297],[53.57879999999142,29.7750600002922],[53.57809999942596,29.7748400007322],[53.57794999975622,29.77481000091101],[53.57750000017484,29.77472000041237],[53.5733899997657,29.77451000110668],[53.57299000035311,29.77455000027475],[53.57259000018826,29.7747200002959],[53.57215999948664,29.77497000025947],[53.57129000024631,29.77547000039926],[53.57088999960158,29.77564000092822],[53.57056000025498,29.77581000084893],[53.57031000019022,29.77591000095832],[53.57001999951025,29.77598000035643],[53.5688100001805,29.77616000032282],[53.56789999964859,29.77635000032852],[53.56713000027327,29.77652000096879],[53.56692999987501,29.77655000034629],[53.56658000015441,29.77658000077156],[53.56573000033644,29.77651000050596],[53.56535999970755,29.77654000082521],[53.56496999986077,29.77672000080177],[53.56456000024022,29.77702000060792],[53.56407999952129,29.77743000063111],[53.56366000032272,29.77780000089345],[53.5625999998655,29.77875000093191],[53.56225999986164,29.77906000053171],[53.56200999947645,29.77927000083752],[53.56112999980672,29.78006000062006],[53.56088000033392,29.78029000057645],[53.56044999941871,29.78067000025734],[53.56027999980478,29.7808200003501],[53.56002999965197,29.78105000064408],[53.55984999959264,29.78120000092344],[53.55917999956456,29.78180000024985],[53.55870000023493,29.78224000093184],[53.55736999978404,29.78340000084689],[53.55706999972959,29.78364000108768],[53.55660999981349,29.78402000056419],[53.55616999948279,29.78441000038772],[53.55608000011088,29.78444000021707],[53.55559999986862,29.78458000060786],[53.55464999976621,29.78510000082981],[53.55376999969454,29.78546000021778],[53.55332999972973,29.78563000055924],[53.55264999969515,29.78582000043076],[53.55217999959837,29.78598000026771],[53.55193000033582,29.78608000050299],[53.55114000007131,29.78629000091951],[53.54997999993196,29.78665000094606],[53.54956999991659,29.78679000028245],[53.54849999945027,29.78713000022689],[53.54816999971466,29.78722000042552],[53.54716000007181,29.78748000023048],[53.54383999967395,29.78820000051009],[53.54333000019832,29.78830000028606],[53.542909999845,29.78844000062197],[53.54237999958175,29.78853000108687],[53.5415899996179,29.78863000094628],[53.54035999962545,29.78855000090235],[53.54001000027946,29.78845000047778],[53.53962000020086,29.78830000033345],[53.5370200002741,29.7870300006534],[53.53653000025636,29.7867900003439],[53.53606999947878,29.78661000061003],[53.53550999969141,29.78646000038341],[53.53484000038204,29.78637000085518],[53.53451000003624,29.78630000038193],[53.53439000005071,29.78627000089209],[53.5343500000546,29.78626000043588],[53.53417999986767,29.78624000088216],[53.53411000022768,29.78624000021188],[53.53407000000861,29.78624000059351],[53.53398000004748,29.78623000092811],[53.53392000021403,29.78623000052507],[53.53251999992265,29.78614000066934],[53.53182999996822,29.78609000105273],[53.53150000007111,29.78608000030147],[53.53110999997218,29.78606000062112],[53.53051999958516,29.78603000087135],[53.53044999961752,29.78602000093175],[53.53040999942325,29.78602000110095],[53.53037000023895,29.78602000033665],[53.53021999989865,29.78601000055115],[53.53019000015509,29.78600000035991],[53.53018000037116,29.786000000604],[53.53015999974682,29.78600000020808],[53.53011999955375,29.78600000028898],[53.53005999979052,29.78600000082849],[53.53002000027929,29.78599000083167],[53.52994999967796,29.78599000067019],[53.52974999940974,29.78598000058514],[53.52971000024868,29.78598000052157],[53.52956999978359,29.78597000068348],[53.52947000026749,29.78595000077372],[53.52942000029483,29.78595000083063],[53.52480999944281,29.78525000035879],[53.52431000036823,29.78515000061706],[53.52366999961838,29.78506000102202],[53.52324000039977,29.78496000067652],[53.52241999961332,29.78482000110856],[53.5219600001854,29.78470000073638],[53.52191000011825,29.78469000056075],[53.5217900002171,29.78455000034559],[53.52168000033226,29.78441000040884],[53.52165999992699,29.78439000037274],[53.52164999969738,29.78436000066668],[53.52165000015281,29.78433000045052],[53.52163999982017,29.78424000032937],[53.52164000023085,29.78417000073802],[53.52162000004298,29.7838800006117],[53.52160000015541,29.78373000054241],[53.52161000022227,29.78368000060216],[53.52159999954731,29.78362000068418],[53.52159999947437,29.78352000088463],[53.5215999999175,29.7834100010035],[53.521609999947,29.78334000092219],[53.52168000013168,29.78309000022396],[53.52173999955562,29.78288000028934],[53.52183999958159,29.78257000031048],[53.52187000032672,29.78246000071166],[53.52190999991333,29.78234000055073],[53.52202000034123,29.78199000056147],[53.52216000029389,29.78131000021107],[53.52199000028635,29.78046000106737],[53.52183999964643,29.78018000023107],[53.52163000013515,29.77981000046395],[53.52122999963699,29.77940000047576],[53.52080999943222,29.77925000109183],[53.52074999973954,29.77926000092135],[53.52068000000239,29.77930000046355],[53.52044000025862,29.77943000103062],[53.52028000017927,29.77952000060862],[53.5201499997988,29.77959000056214],[53.52004999992272,29.77966000021983],[53.51989999981366,29.77970000040133],[53.51974999969096,29.7797100010723],[53.51959999994079,29.77970000049892],[53.51943999943738,29.77967000081404],[53.51929000027423,29.77964000060701],[53.51915999959008,29.77961000058027],[53.51901999954803,29.77957000060331],[53.5189599999151,29.77960000070435],[53.51867000036695,29.77990000098689],[53.51848999979416,29.78023000107469],[53.51822999944689,29.78086000084655],[53.5179600002523,29.78173000065165],[53.51782999970749,29.78219000096812],[53.5177000000475,29.78256000037981],[53.51750000000366,29.78314000096555],[53.51740999972667,29.78352000042556],[53.51725999988296,29.78388000063482],[53.51709999961216,29.78414000088973],[53.5168600001502,29.78424000064291],[53.51656999957601,29.78428000093022],[53.51609999941916,29.78429000088443],[53.51520000006099,29.78434000053063],[53.51428999947395,29.78446000102929],[53.51295999999006,29.78474000074832],[53.51255999939492,29.78485000026269],[53.51183000039418,29.7851800004222],[53.5112799998629,29.78569000034623],[53.51085999944453,29.78638000067002],[53.51060000037244,29.78688000041341],[53.51042999940244,29.78715000034982],[53.51028000034145,29.78739000043765],[53.51002000015828,29.787770000594],[53.50984999974245,29.78800000032158],[53.50957000017393,29.78840000093555],[53.5092200003077,29.78888000074532],[53.50838999964262,29.78990000042738],[53.50615000022042,29.79193000056389],[53.5051072960742,29.79363475764806],[53.50446330671691,29.79484267167834],[53.50344021062953,29.79579560005552],[53.50177311468278,29.79784518115337],[53.50129009025564,29.79921948341052],[53.50087165539565,29.80040998461357],[53.5009468278564,29.80121544997452],[53.50101518130096,29.80224385877552],[53.501068868111,29.80333004443046],[53.50152774514788,29.80453066744841],[53.50211200587234,29.80536640028321],[53.50273257963728,29.8063162340731],[53.50258734134318,29.80735629908939],[53.50151266184793,29.8086700134143],[53.49807743642999,29.81161627648179],[53.49691671477824,29.81235722072715],[53.49448088045234,29.81383227465008],[53.49212609058818,29.81494407090373],[53.4903286712867,29.8157508722134],[53.48706925083769,29.81727394060728],[53.4848023978258,29.81817158412257],[53.48392613746262,29.81847804558848],[53.48297820590474,29.8185865428148],[53.48200887872164,29.81848660250811],[53.48050202266037,29.81780169227614],[53.47733131223237,29.8157916197492],[53.47163318327114,29.81235011075312],[53.46781680311702,29.81037344856573],[53.4656399551562,29.81028753722197],[53.46068793428729,29.8111706656028],[53.45786695277517,29.81164035285208],[53.4553574712492,29.81095248037582],[53.45393448051991,29.80967347838033],[53.45332458367769,29.80806897200926],[53.45254381338413,29.80697925416794],[53.45115873283247,29.80599464703071],[53.44929753643566,29.80465689416243],[53.4485700000999,29.8041000010734],[53.4472500000898,29.80326000043143],[53.44587000034095,29.802250000206],[53.44451999969826,29.80131000085234],[53.44342999961805,29.80068000036323],[53.44312999940574,29.79956000049484],[53.44308999963978,29.79918000062835],[53.44293999948442,29.79792000101328],[53.44278999988964,29.79576000108357],[53.44277000025762,29.79489000039334],[53.44209000001945,29.79405000101088],[53.44128999954173,29.79319000050791],[53.44047000019764,29.79225000102752],[53.43973999964385,29.79147000070938],[53.43990000012378,29.79058000043751],[53.43995999986059,29.79025000043744],[53.44016000032752,29.79006000022598],[53.44111999999259,29.78945000069815],[53.44153000027355,29.7888400009561],[53.44145000021727,29.78828000048366],[53.44200999964988,29.78745000079544],[53.44304000002095,29.78689000105943],[53.44390000023043,29.78651000071675],[53.44443000033152,29.78620000081062],[53.44505999961545,29.7860500009774],[53.44535999966936,29.78585000103771],[53.44579999974884,29.78570000097856],[53.44607999949743,29.78543000090603],[53.44642000022118,29.78491000090595],[53.446970000124,29.78456000033862],[53.44722999953196,29.78448000078104],[53.44724000035939,29.78436000073583],[53.44695000025625,29.78390000067979],[53.44690999990029,29.7837800009564],[53.44710999962619,29.78341000085256],[53.4471799996362,29.7832300007486],[53.44729000029471,29.7829200003113],[53.44745999984219,29.78283000063105],[53.44757000025958,29.78271000047164],[53.44778999978524,29.78256000042887],[53.44791999988207,29.78241000104265],[53.44807999994,29.78219000079723],[53.44821999982985,29.78185000038509],[53.44829999958975,29.78169000105745],[53.44759000039132,29.78118000105867],[53.44713999946453,29.78057000079936],[53.44682999990324,29.78023000104833],[53.44659000031369,29.78002000022669],[53.44635999986043,29.77975000107801],[53.44586000005087,29.77945000086264],[53.44559999963316,29.77926000090858],[53.44546999994814,29.77914000069224],[53.44527000018457,29.77891000055665],[53.44481999956302,29.77861000103073],[53.44396999951964,29.77825000067475],[53.44315000024552,29.77789000020169],[53.44286000020052,29.77774000027372],[53.44178999940711,29.77737000071257],[53.44150999949074,29.77720000067847],[53.44116999990184,29.77703000048513],[53.44072000032845,29.77684000030978],[53.44004000001779,29.77660000047425],[53.43930999954414,29.77630000092285],[53.43866999957774,29.77604000071394],[53.43778000033645,29.77539000032414],[53.43745000024185,29.77500000055985],[53.43698000031846,29.77427000092501],[53.43644999971153,29.77385000035784],[53.43626999940614,29.77358000102303],[53.43641999956407,29.77322000066441],[53.43645999962548,29.77275000085485],[53.43641999946723,29.77240000028567],[53.4360400002307,29.77204000079596],[53.43556999998566,29.77193000092722],[53.43517000023437,29.77161000087421],[53.43480999988201,29.77147000095379],[53.43437999990444,29.77102000058679],[53.4335600001991,29.7706300002939],[53.43320999956072,29.77034000102323],[53.43291999999952,29.77017000029324],[53.43255000013458,29.76996000079637],[53.43222000025347,29.76955000070222],[53.43212999963533,29.76943000066237],[53.43199999989413,29.76936000071962],[53.43188999968152,29.76932000025405],[53.43183999989288,29.76924000101641],[53.43179999968944,29.76904000022817],[53.43187999942344,29.76841000042523],[53.43162000016041,29.76751000092353],[53.43112999973171,29.76671000065127],[53.43051000028441,29.76611000034482],[53.42978999980567,29.7657300007808],[53.42884999951757,29.76526000105157],[53.4285099998746,29.76517000080432],[53.42814000019435,29.76453000075113],[53.42829000006426,29.76336000076659],[53.42818999937113,29.76295000025598],[53.42750000012238,29.76104000065962],[53.4272199996161,29.76024000046664],[53.42683999996805,29.75975000099094],[53.42621999983451,29.75971000085191],[53.42553000004198,29.75961000089599],[53.42520999976879,29.759250000437],[53.42503999997398,29.75869000072003],[53.42524000008115,29.75844000103431],[53.42531999990157,29.75814000067409],[53.42510000009099,29.75784000030114],[53.42466999989971,29.75769000046419],[53.42441000005729,29.7574300008351],[53.42433999939196,29.75681000088806],[53.42425999997327,29.75613000085799],[53.42438000013134,29.75573000068046],[53.42517999985227,29.7548300003346],[53.42595000031248,29.75333000056281],[53.42676999948951,29.75281000076996],[53.42805000003488,29.75183000049533],[53.42892999940024,29.75153000078301],[53.42989000013544,29.75130000081952],[53.43041999991225,29.7506200009025],[53.43118000025525,29.74971000095528],[53.43155999948699,29.74928000021243],[53.43184999945001,29.74862000026551],[53.43255999981749,29.7475100005],[53.43289999955942,29.7471000004815],[53.43380999978108,29.74674000099741],[53.4349299993932,29.74666000094284],[53.43497999938552,29.7462700009779],[53.43451000010063,29.74519000075455],[53.43415999951859,29.74427000091034],[53.43402000008346,29.74356000031266],[53.43387999946107,29.74291000039674],[53.43368000017381,29.74257000079884],[53.43353999937116,29.74232000069313],[53.43328000010501,29.74204000023417],[53.43301999992966,29.741740000995],[53.43290000029256,29.74159000032892],[53.43277999984381,29.74136000034741],[53.43244999978548,29.7407600005119],[53.43226999978003,29.74048000049519],[53.43198999950534,29.74024000054192],[53.43180999963978,29.73994000065741],[53.43140000029996,29.73951000068828],[53.43115000029155,29.73907000070514],[53.43085000017934,29.73860000109309],[53.43059999954723,29.73820000085677],[53.43032000021218,29.73790000032858],[53.42987000017305,29.73752000068529],[53.42972000036563,29.73748000098626],[53.4295499998908,29.73735000059891],[53.42907000014879,29.7372200009053],[53.42869000005185,29.73713000107102],[53.42819999981676,29.73706000064121],[53.42773999965685,29.73692000092621],[53.42736999981341,29.73680000072458],[53.427129999519,29.73655000102214],[53.42708999953038,29.73634000025651],[53.42668999990875,29.73602000094805],[53.42625999969567,29.73570000031454],[53.42606999943248,29.73542000088755],[53.42581999987549,29.73509000110332],[53.42517999941292,29.73466000090733],[53.4245899993778,29.73407000022239],[53.42425999954424,29.73392000027599],[53.42398999982048,29.73388000075205],[53.42303999972671,29.73352000078768],[53.42226999992938,29.73302000046538],[53.4219600001658,29.73284000109201],[53.42189000036817,29.73263000075952],[53.42192999939662,29.73231000067176],[53.4215100003147,29.73203000067639],[53.42124000011174,29.73190000053805],[53.42109999968528,29.73180000108644],[53.42087999987531,29.73175000036537],[53.42078999946642,29.73157000062537],[53.42069000035212,29.73146000069012],[53.42057999946817,29.7312500007321],[53.42054999985559,29.73095000079968],[53.42054000004899,29.73044000098061],[53.42099000012002,29.73013000105599],[53.42112999955243,29.72988000050868],[53.42121999939666,29.72965000032934],[53.42161999986367,29.7287700005942],[53.42216999976095,29.72777000063837],[53.42277999961835,29.72727000035925],[53.4235199993978,29.72676000082381],[53.42345999938689,29.72665000084683],[53.42330999952821,29.72648000078854],[53.42320000013205,29.72628000067051],[53.42302999999859,29.72612000082594],[53.42290999986169,29.72571000033002],[53.4226599995768,29.72554000032338],[53.42255999978803,29.72532000034264],[53.42251999935235,29.7250800003155],[53.42244999971413,29.72483000052421],[53.4225300000958,29.72455000053591],[53.42258999935081,29.72434000053647],[53.42255999943066,29.72404000095834],[53.42248000031695,29.72358000087931],[53.4224300000869,29.72319000092511],[53.42234999995965,29.72276000046591],[53.42223999934983,29.7224700008161],[53.42215999947744,29.72226000094711],[53.4221099996323,29.72202000054347],[53.42211000007428,29.72182000078175],[53.42212000035939,29.72170000081362],[53.4221899995355,29.72160000053272],[53.42222999982347,29.72138000087725],[53.42219999992682,29.72107000050268],[53.42216000026293,29.7204200009366],[53.42200999977191,29.72000000089206],[53.42188999944415,29.71968000081295],[53.42202999968915,29.7193900010882],[53.42216999935377,29.7191900006227],[53.42244999993454,29.71905000045858],[53.42270000012996,29.71898000063],[53.42292000011516,29.71901000106812],[53.42334999965718,29.71888000074193],[53.42366000014835,29.71886000078429],[53.42390999957851,29.71880000105734],[53.42422999970642,29.71877000100771],[53.42457999964937,29.71858000052879],[53.42500999954058,29.71851000077478],[53.42538999983392,29.71842000032331],[53.42570999959819,29.71827000044065],[53.42609999951184,29.71827000068306],[53.42672000002504,29.71823000085398],[53.42704999960748,29.71824000038514],[53.42742999963293,29.71822000047363],[53.42768000009146,29.71813000031261],[53.42798999987435,29.71802000105357],[53.42826000001943,29.71780000059684],[53.42856999987298,29.71765000070041],[53.42867999947524,29.71766000036341],[53.42880000021704,29.71783000041859],[53.42901000030827,29.71794000063349],[53.42915999966068,29.71810000033129],[53.42926999935418,29.7181500006037],[53.42939999984471,29.71816000051632],[53.42954999978181,29.71812000043728],[53.42966000027393,29.71809000083163],[53.42970999959052,29.717990000573],[53.42969999954074,29.71780000048441],[53.42967999975605,29.71754000093858],[53.42973999943235,29.71733000093317],[53.42975999965751,29.71717000087807],[53.42976000021167,29.71681000068969],[53.4295599997164,29.71654000022791],[53.42936000011709,29.71640000059396],[53.42918000030924,29.71629000037948],[53.42910999949977,29.71615000085046],[53.42918000031288,29.71595000019994],[53.42935000011069,29.71576000096274],[53.42963999959322,29.71561000063097],[53.42987999998164,29.71555000040012],[53.43032999960433,29.71529000039798],[53.43065000017761,29.71525000100013],[53.43088999952663,29.71528000083552],[53.43134000021776,29.71511000022728],[53.43174999988308,29.71485000069297],[53.43211999977225,29.71455000059433],[53.43233999958942,29.71432000059832],[53.43128999974498,29.71359000066129],[53.43067000022302,29.7132000007921],[53.42998999935753,29.71309000064566],[53.42979999940153,29.71276000110688],[53.42962000007649,29.71245000088376],[53.42934999982882,29.71200000078134],[53.42887999950714,29.71166000034533],[53.42840999942312,29.71146000084073],[53.42774999990411,29.71082000081523],[53.42708999947638,29.71019000036818],[53.42670999979947,29.70947000069507],[53.42662999982099,29.70838000088873],[53.42689999948858,29.70766000087476],[53.42760000018386,29.70705000082052],[53.42856999963038,29.70649000048083],[53.42921999990372,29.70618000086262],[53.42969999955743,29.70651000030057],[53.43023999942041,29.70709000064971],[53.43063000019547,29.70737000086123],[53.43094999954069,29.70738000064472],[53.43116999949837,29.70729000104652],[53.43129999975935,29.70708000099055],[53.4311799995989,29.70678000047949],[53.43107000021958,29.7063700008186],[53.43111999987465,29.70507000059636],[53.43112999959445,29.70464000042039],[53.43119999981938,29.70424000028393],[53.43121999972778,29.70399000070469],[53.43118999944677,29.7037000008964],[53.43116000032902,29.70359000043531],[53.43112999982808,29.70346000075766],[53.43113999937897,29.70329000044312],[53.43109000018585,29.70304000099702],[53.43102999966542,29.70277000103313],[53.43103999943234,29.70235000035192],[53.43093999990587,29.70190000024943],[53.43097000025569,29.70153000106929],[53.43108999986735,29.70113000100056],[53.43116000026983,29.70085000073118],[53.43160999949476,29.70046000080422],[53.43200000035383,29.70019000021059],[53.43262000008796,29.70066000054749],[53.43329000023139,29.70120000053909],[53.4340699997197,29.70151000029792],[53.4345400001121,29.70180000024201],[53.43491999995083,29.70231000071898],[53.43486999993802,29.70297000023922],[53.43534000011848,29.70358000036578],[53.43558999964954,29.70417000091687],[53.4363499999675,29.70447000073029],[53.43704999946526,29.70439000035812],[53.43748999967852,29.70424000085214],[53.43805999950703,29.70421000101412],[53.43846000014661,29.70435000056187],[53.43865000002864,29.70518000104776],[53.43791000001723,29.70614000052927],[53.43773999979044,29.70680000027614],[53.43834999937184,29.70756000031603],[53.43912999981072,29.70798000071272],[53.44000999989215,29.70779000078648],[53.44086000011759,29.70734000106663],[53.44123000035932,29.70718000104065],[53.44145000023306,29.70705000083223],[53.4417299993967,29.70695000079633],[53.44195999977269,29.70686000030148],[53.44231999972173,29.70669000096105],[53.44281999970737,29.70651000089921],[53.44327000003684,29.70629000088988],[53.44365999983748,29.70607000032215],[53.44437000037527,29.70576000108876],[53.44467999988612,29.70556000106592],[53.44544999991134,29.70517000026794],[53.44580999986839,29.70484000071481],[53.44619999939984,29.70463000071689],[53.44669999937972,29.70420000040496],[53.44762999968128,29.70366000087687],[53.44781999950805,29.70336000089327],[53.44744999991379,29.702860001044],[53.4461700000839,29.70172000067114],[53.44538999990565,29.70098000060641],[53.44484999971035,29.70028000048586],[53.44387999994168,29.69932000071534],[53.44307000018036,29.69820000050622],[53.44213000003111,29.69734000032085],[53.44115000013988,29.696910000774],[53.43999000005391,29.69664000041032],[53.43875999977408,29.69639000098137],[53.43699999972665,29.69581000068565],[53.43501999980751,29.69524000083601],[53.43315999991401,29.69450000057596],[53.43252999945211,29.69277000050783],[53.43178999946446,29.69124000024092],[53.43051999967255,29.69000000051519],[53.43006999952917,29.68982000102914],[53.42914000015713,29.69040000049769],[53.42840999957332,29.69123000087658],[53.42817999984629,29.69145000034527],[53.42785999953883,29.69265000092629],[53.42762999976257,29.69312000053842],[53.42741999974736,29.69349000023826],[53.42733000011344,29.69418000095455],[53.42687999953123,29.69488000036869],[53.42644000006938,29.69567000045163],[53.4260499997381,29.69725000109989],[53.42575000011699,29.69816000024356],[53.42507999964005,29.6988400009825],[53.42472999947709,29.69919000034237],[53.42461999966996,29.69975000072014],[53.4243699995264,29.70003000045046],[53.42402999947308,29.70017000104936],[53.42363000022875,29.70017000099375],[53.42319999949211,29.70025000034949],[53.42273999962272,29.70047000033491],[53.42235999981447,29.70038000072664],[53.42196000020846,29.69995000058963],[53.42163999999943,29.69963000048669],[53.4213600002413,29.69931000037154],[53.4212899999719,29.6989200004621],[53.4211100002963,29.69851000040304],[53.4209099994092,29.69814000089078],[53.42047000032794,29.69766000071144],[53.42014000028288,29.69724000038814],[53.41980000026538,29.69706000069339],[53.41938999983856,29.69685000029385],[53.41883999939225,29.69672000100967],[53.4183899994235,29.69691000062339],[53.41718999938718,29.69669000088274],[53.41588999969884,29.69631000049661],[53.41542000012223,29.69619000046413],[53.41314000025483,29.69557000102027],[53.41146999964909,29.6942500007885],[53.41006000032372,29.69338000030481],[53.40880000020514,29.69245000072042],[53.4087099995086,29.69174000034208],[53.40960999945325,29.69093000050227],[53.41013000002007,29.68941000040097],[53.41007999940032,29.68863000103859],[53.41055999984543,29.68790000037571],[53.41081000012881,29.68731000067871],[53.41091999943362,29.68654000103788],[53.41080000028739,29.6846500007798],[53.41134999983582,29.68326000065185],[53.41137000024584,29.68277000040048],[53.40887999965153,29.68139000033437],[53.40630999994502,29.68036000033277],[53.40544999974618,29.68022000044836],[53.40451999960297,29.68009000085111],[53.40344999972603,29.68035000069697],[53.40276000031268,29.6807400004544],[53.40159999934137,29.6818700005601],[53.39889100073039,29.68386702836445],[53.39847999940805,29.68417000065378],[53.39581000014083,29.68637000030127],[53.39113000058556,29.68925000052151],[53.38779283448063,29.68994068846637],[53.38669106364829,29.69016870025145],[53.38596484962302,29.69031898478596],[53.38567000007258,29.69038000065428],[53.38512655538138,29.69048550878716],[53.38124000052736,29.69124000094946],[53.38103999933718,29.6910300003443],[53.38040000051966,29.69049000036782],[53.37238838391289,29.69228210077895],[53.36963065614722,29.69196206142378],[53.36352851050557,29.69250402221167],[53.36181936448269,29.69265576859853],[53.35952584162408,29.6930797389391],[53.35739577298984,29.69347345573502],[53.35203000045491,29.69430000101583],[53.32863063903475,29.68985988761937],[53.32535266244918,29.68923751361716],[53.3203999999032,29.68725000076354],[53.31359923027059,29.68408663113935],[53.30754411993818,29.68302205391446],[53.30021844001747,29.68173368603966],[53.29802000015655,29.68101000105461],[53.29654999988087,29.68136000068372],[53.28861999989562,29.68056000020549],[53.27311999986406,29.67675000057212],[53.26670999957823,29.6744800010844],[53.26446000008293,29.67359000022897],[53.26278999994683,29.67241000026643],[53.260100000262,29.67091000100046],[53.25818000025173,29.66973000095955],[53.25560999990573,29.66757000081111],[53.25508999929885,29.65243000031816],[53.26557999954188,29.65142000028024],[53.27306999930223,29.64975000029066],[53.27848000005513,29.64943000071519],[53.28963000000885,29.64588000046224],[53.29311000008227,29.64399000062857],[53.29144000012049,29.63347000071867],[53.30977999941788,29.63004000107867],[53.32182999946876,29.62799000106828],[53.32229999939438,29.62789000102314],[53.32555615627412,29.62750933484485],[53.33393000020087,29.62653000030971],[53.34206477566372,29.62503477305757],[53.34617000004147,29.62428000023758],[53.34848188350593,29.62289287767117],[53.34891999948242,29.62263000053084],[53.3481699994411,29.62161000096333],[53.34631999953393,29.62040000039297],[53.34318999990941,29.61821000085808],[53.34113999939087,29.61623000050995],[53.34041999996914,29.61479000104687],[53.33970000010252,29.61262000057605],[53.3399699994787,29.6110700010603],[53.34267999971262,29.61154000059943],[53.34646999995367,29.61151000048723],[53.34837999960877,29.61129000097653],[53.34829999954813,29.60897000050176],[53.34860000029138,29.60712000031894],[53.35028000023403,29.60723000056668],[53.35993000019839,29.60775000046744],[53.36005999967891,29.60516000052477],[53.36295999957405,29.60537000042483],[53.36365999933205,29.60215000047273],[53.3645900001096,29.6003300006824],[53.36607999944076,29.59844000028433],[53.36659999984242,29.59719000064038],[53.36623999975981,29.59436000107842],[53.36568000030893,29.59423000043638],[53.3655200001087,29.5930600009892],[53.36629000020385,29.58925000062714],[53.36924999981071,29.58980000021822],[53.37115999979923,29.58788000083462],[53.3720199994057,29.58710000043289],[53.37287999945156,29.58583000031536],[53.3740299994245,29.58559000025795],[53.37444999946219,29.58509000030456],[53.37441999963119,29.58324000093063],[53.37711000000598,29.5823000009138],[53.37622000008975,29.58107000064648],[53.38105999936459,29.57727000020953],[53.38066000031042,29.57674000070302],[53.38135000019419,29.57631000056498],[53.38243999972864,29.5762400002159],[53.38286999947162,29.57582000094452],[53.38368999966507,29.57599000048555],[53.38526000036369,29.57687000058274],[53.38657999976157,29.57701000050671],[53.38925000026396,29.57559000032999],[53.39210000018859,29.57353000067245],[53.39454999972571,29.57333000107721],[53.3949000001563,29.573980000752],[53.3956100002349,29.57563000061668],[53.39689999936857,29.57784000047247],[53.39881000033246,29.57740000027491],[53.40127999935927,29.57706000046999],[53.40232000035287,29.57675000086808],[53.40270999942592,29.57602000043972],[53.40394999987589,29.57684000093921],[53.40559999944765,29.57694000068117],[53.40640999972806,29.57643000026249],[53.40849999964349,29.57619000076547],[53.40920999995611,29.57603000026722],[53.41058000003841,29.57570000063053],[53.41242000006235,29.57563000093055],[53.41304999942683,29.57538000053026],[53.41200999992637,29.57343000061965],[53.41218000022429,29.57164000063436],[53.4126699994998,29.57047000070113],[53.41365999958968,29.57021000109255],[53.41462999993762,29.56975000037928],[53.41564000021144,29.56903000067562],[53.41681000002171,29.56803000084959],[53.41787000000514,29.5656200002615],[53.41849000030675,29.56524000028789],[53.41858999960115,29.56363000096675],[53.41882999959592,29.56349000030183],[53.42009999979248,29.5626900009951],[53.42176000011464,29.56157000037429],[53.4228300000477,29.56019000035317],[53.42300999983006,29.56001000032692],[53.42316999976602,29.55987000086319],[53.42359000010822,29.55927000023559],[53.42486999946898,29.55846000055045],[53.42535999987157,29.55796000089125],[53.4255099997221,29.55789000069776],[53.42616000005114,29.5573600003491],[53.42633999933491,29.55701000021518],[53.42651999954053,29.55641000086979],[53.42688999976058,29.55512000086307],[53.42733000026983,29.55329000043637],[53.4278900002675,29.55153000091421],[53.42846999945677,29.55093000101575],[53.4292100001685,29.55043000088741],[53.42973000031377,29.5501400006364],[53.43005000001762,29.5501600010198],[53.43037999966965,29.55026000099456],[53.43118999960588,29.55059000099932],[53.43160999952126,29.55080000043844],[53.43213999967993,29.55101000081761],[53.43233000019681,29.55106000077753],[53.43242999971761,29.55096000044052],[53.43242000006326,29.55071000099518],[53.43240000028472,29.55060000059924],[53.43242000004556,29.55042000048682],[53.43247999959359,29.55023000034264],[53.43269000015508,29.55014000072712],[53.43276999988725,29.54998000061777],[53.43245999974825,29.54932000055902],[53.43243000037115,29.54923000069086],[53.43259999939933,29.54882000066242],[53.43261000025443,29.54839000100067],[53.43267000015437,29.54786000029331],[53.43275000017847,29.54709000053803],[53.43288999973652,29.54622000044176],[53.43312999966026,29.54493000035663],[53.43382000014346,29.54402000057481],[53.43473000034523,29.54316000044673],[53.43533000037461,29.54288000074338],[53.43535999949886,29.54266000084988],[53.43551999979839,29.54129000093529],[53.43513999958117,29.53984000092787],[53.4344000000382,29.5386900004559],[53.43393999970962,29.53777000021963],[53.43270999960165,29.5372500010752],[53.43179000014766,29.53656000020436],[53.43108999965933,29.53630000072707],[53.43021999940497,29.53593000021495],[53.430090000195,29.53538000026986],[53.42882999991396,29.53497000038541],[53.42716000017911,29.53409000051357],[53.42596999967955,29.53374000035123],[53.42528999955093,29.53300000052896],[53.42460999937018,29.53207000047304],[53.42404999936378,29.53150000079283],[53.4245800001586,29.52965000056386],[53.42500999941164,29.52855000083702],[53.42532999964072,29.52728000068],[53.42656999958179,29.52594000037865],[53.42708000015153,29.52377000093562],[53.42797000028265,29.52255000023232],[53.42935999965973,29.52130000093575],[53.42681000017043,29.51726000042667],[53.43276999949238,29.51579000077135],[53.43373999956323,29.51565000082085],[53.43422000005361,29.51531000086105],[53.42940000037807,29.51089000077088],[53.42869999990224,29.51013000107204],[53.42704999965829,29.51001000101281],[53.4262199998904,29.50973000067438],[53.42546999992137,29.508640000873],[53.42547999964312,29.50832000088882],[53.42489999995212,29.50789000070929],[53.42493999962974,29.50728000071172],[53.42593000027107,29.50670000041164],[53.42807999962109,29.50500000063672],[53.43001999962078,29.50330000096992],[53.4308599994256,29.5020900006925],[53.43260999988575,29.50128000054083],[53.43290000011319,29.50100000039389],[53.43278094090756,29.49998800060487],[53.43277999989591,29.49998000079828],[53.43293999973719,29.49965000076955],[53.43438999960442,29.49853000095887],[53.43550999984934,29.49782000072663],[53.44188999995942,29.49310000061898],[53.44715000033956,29.48894000031585],[53.45488000008049,29.48351000080101],[53.46053999967138,29.47969000100372],[53.46404999944159,29.47701000048518],[53.46793999987185,29.47392000096822],[53.46946999958753,29.47252000027401],[53.47536999973112,29.47081000039484],[53.48196999978057,29.46855000021401],[53.48270000030257,29.46714000066673],[53.48522000002832,29.46722000100567],[53.48996999942985,29.46624000095337],[53.49442000001105,29.46524000080504],[53.49559000007758,29.46486000083353],[53.49578999994459,29.46334000063468],[53.49657999985533,29.46084000093181],[53.49544999989935,29.45497000083675],[53.49504000015672,29.45150000061821],[53.49328999988045,29.45076000069132],[53.49032999995567,29.45007000021521],[53.48671000035108,29.44990000069597],[53.4825799996558,29.45017000096161],[53.47943999962163,29.45049000086312],[53.47792000003896,29.4505900007816],[53.47431999966517,29.45074000041264],[53.4681600002872,29.45134000088915],[53.46033000025869,29.45293000029684],[53.4568199995107,29.45342000021353],[53.45243999958428,29.45389000022027],[53.44914000009347,29.45445000088027],[53.44802000023417,29.45464000019791],[53.44683999954871,29.45458000105125],[53.44514999999333,29.45452000090634],[53.44344999946095,29.45417000044373],[53.44273999935324,29.4536700006686],[53.4423999996935,29.4534300007208],[53.44196000006139,29.45338000074866],[53.44161999974111,29.45318000094045],[53.44118999955307,29.4529700007149],[53.44077999973877,29.45268000109458],[53.44060999941091,29.45251000092582],[53.44090000006165,29.45240000045493],[53.44105999936237,29.45229000103621],[53.44076000022594,29.45189000056246],[53.44009000008026,29.45129000052156],[53.43962999960625,29.45089000021803],[53.43929999970342,29.45057000033119],[53.43883999943073,29.4502400008037],[53.43841000035218,29.44997000038098],[53.43816999945503,29.45000000097819],[53.43845000004286,29.44943000073643],[53.43913999981092,29.44831000093203],[53.43979000032961,29.44760000099013],[53.44023000026925,29.44718000052394],[53.44225000023835,29.44506000084866],[53.44395999984477,29.44304000093965],[53.4448299996656,29.44195000036311],[53.44619999967795,29.44024000088634],[53.44699999982102,29.43913000060038],[53.44820999990867,29.43728000035316],[53.44884999989867,29.43621000079927],[53.44977000015549,29.43447000041131],[53.45068999966453,29.43265000095352],[53.45240999965335,29.43037000022338],[53.45328000027369,29.4303400004845],[53.45532000020329,29.42757000050744],[53.45671999977143,29.42573000038723],[53.46095000001529,29.42153000063788],[53.46256999954493,29.42017000079691],[53.46547000010183,29.41689000066079],[53.46904999947922,29.41606000019619],[53.47014999972868,29.4153300007807],[53.47234999957098,29.41483000071475],[53.47500999937477,29.41351000047056],[53.47687000015696,29.41221000060327],[53.47743999938683,29.41160000080038],[53.47798000033468,29.41103000045755],[53.47920000022695,29.41047000060308],[53.48169999975676,29.40941000049074],[53.48404999968083,29.40770000022685],[53.48775000039434,29.40529000073661],[53.4895000001649,29.40379000034177],[53.49223999971979,29.40157000091112],[53.49719999988858,29.39824000091319],[53.49880999966121,29.39719000055099],[53.50037000008025,29.39607000037882],[53.50209000015412,29.39495000097349],[53.50427999944309,29.39379000059408],[53.50687999943321,29.39227000031579],[53.50756999967317,29.39174000075298],[53.50865000000732,29.39149000092606],[53.50915999949684,29.39143000020345],[53.50962999980178,29.39123000029256],[53.51002000035403,29.39116000095252],[53.51055999994544,29.39100000025813],[53.51107000033588,29.39102000065708],[53.51173000016507,29.39087000099879],[53.51263999962161,29.39076000094807],[53.51672000016246,29.39079000089518],[53.5174099997145,29.39079000063648],[53.5204099997589,29.39031000036752],[53.52133999942595,29.39026000106678],[53.52246000031042,29.39050000052477],[53.52304000034042,29.39014000093804],[53.52461999995982,29.38985000066497],[53.52651999997899,29.38900000038936],[53.5273799999912,29.38865000091428],[53.52996000011615,29.38734000029292],[53.53038999991382,29.38734000098721],[53.5318199997219,29.38654000064885],[53.5340199999572,29.38511000046412],[53.53557000023787,29.38441000042841],[53.53681999977223,29.38353000042016],[53.53954999941985,29.38254000034516],[53.5415399995959,29.38187000105084],[53.54718999945528,29.38015000019812],[53.55311999989393,29.37870000073909],[53.55580000021996,29.37792000102958],[53.55870999944798,29.37663000054997],[53.565829999733,29.37330000078196],[53.56859000013566,29.37163000082276],[53.56939999959273,29.37115000041907],[53.57094000025307,29.37000000087908],[53.5722299995702,29.36927000100868],[53.57265000024485,29.36919000047487],[53.5735399996636,29.36935000063507],[53.57437999980208,29.36973000046656],[53.57517999972726,29.36960000072747],[53.57555999951796,29.3691900007797],[53.57672999992187,29.36797000087153],[53.57761000024955,29.36734000086063],[53.57836999969451,29.36697000028047],[53.57947999993798,29.36580000044112],[53.58037999996017,29.36465000086594],[53.58123000025338,29.36349000036807],[53.581959999787,29.36262000101163],[53.58345999950394,29.36157000061977],[53.58480999941199,29.36027000096727],[53.58662999959464,29.35815000067382],[53.5878999995257,29.35640000044673],[53.59013999959181,29.35276000077209],[53.59515000023323,29.34554000085697],[53.59573999994932,29.34440000048864],[53.59678999951269,29.34282000082917],[53.5978599999177,29.34139000028136],[53.59814999950299,29.34078000035303],[53.59931000028638,29.33869000106272],[53.60036999961305,29.33688000082174],[53.60157999961929,29.3355200005205],[53.60226000002054,29.33525000103423],[53.60169999980627,29.33424000073072],[53.60166000001869,29.33361000048629],[53.60114999992161,29.33292000086267],[53.60041999948181,29.33169000086418],[53.59991000001057,29.33032000037432],[53.59968000007143,29.32903000049667],[53.59954000036366,29.3286200002552],[53.59911999993255,29.32808000053064],[53.598619999733,29.32733000053958],[53.59890000031279,29.32679000103356],[53.59938999952146,29.32588000046021],[53.59997000011834,29.32480000083068],[53.60156999949563,29.32167000098734],[53.602280000326,29.32043000032224],[53.60267999952936,29.31978000092818],[53.60312000042124,29.31849000089301],[53.60419000024319,29.31647000083808],[53.60651999965477,29.3121000006043],[53.60784999950783,29.3103200003085],[53.61371000007045,29.30636000035246],[53.61765999971681,29.3036600007132],[53.61892999957032,29.30288000080892],[53.62037000029651,29.30296000023159],[53.62151000028106,29.30305000021991],[53.62248000039505,29.30313000018579],[53.62331000025151,29.30270000049008],[53.62491000029233,29.30023000067903],[53.6266699998129,29.29680000082688],[53.6287499995686,29.29319000056257],[53.62997000015606,29.29106000042395],[53.6312899998643,29.28935000096258],[53.63176000019575,29.28855000055541],[53.63207999967723,29.288130001032],[53.63275999989245,29.28707000023106],[53.63400000029419,29.28517000103669],[53.63557000038477,29.28267000038637],[53.63751999973461,29.27968000064098],[53.63957999943963,29.27770000040238],[53.64148999945391,29.27614000033742],[53.64211999962918,29.27564000041179],[53.6424599995678,29.27533000019292],[53.64509999979855,29.27338000075503],[53.64762000013761,29.27114000054316],[53.65111000012567,29.2679900002155],[53.6552699997853,29.26411000034939],[53.65868000046333,29.25893000101669],[53.66429999952525,29.25315000090781],[53.66588000020689,29.25071000073716],[53.66896999975388,29.24682000073536],[53.67004999971238,29.24460000044471],[53.67425000044167,29.23689000105446],[53.67524999950592,29.23569000020125],[53.6753499994791,29.23509000078812],[53.67545000009045,29.23281000043448],[53.67590000026612,29.23228000032946],[53.67737000013266,29.23083000082809],[53.67859124725121,29.23331472204227],[53.67978132762187,29.23392362401742],[53.68166390962853,29.23415024507258],[53.68229609136299,29.23411690546146],[53.68404079899478,29.23408562736655],[53.68451463929428,29.23429171211994],[53.68525583045696,29.23408584239948],[53.68659979687346,29.23370258873486],[53.68809224429287,29.23344197771173],[53.68913925732031,29.2332650317935],[53.69016366128894,29.23307859507139],[53.69089405480094,29.232290368423],[53.69171965901975,29.23191492077951],[53.6937225276766,29.23135766086484],[53.69576798957895,29.23075191303564],[53.69838510730216,29.22987212508807],[53.70000031770184,29.22911974344303],[53.70053294035781,29.22869316510012],[53.70105347181867,29.22758475854553],[53.705957317977,29.2231939464924],[53.71076830314765,29.22184019370652],[53.71049021298851,29.22139875297074],[53.70993095659619,29.22095071901515],[53.70959799302967,29.22082316732236],[53.70898275393888,29.22018221864152],[53.70839438544156,29.21931065812109],[53.70777788541658,29.21805769512572],[53.70747890438176,29.21704809559253],[53.70705959263661,29.21691715903682],[53.70666522417481,29.2165036086301],[53.70596998975511,29.2161378843805],[53.7053021289416,29.21578261178968],[53.70470864945836,29.21493848343556],[53.70437027212673,29.21434767075161],[53.70375938947457,29.21358729628069],[53.70286765142004,29.21299988172094],[53.7023344720893,29.2124569559037],[53.70179699945979,29.21171400059493],[53.7021299995275,29.21107000100856],[53.70368000020579,29.20998000020981],[53.70395999980929,29.20975000084751],[53.70420000044304,29.20907000065542],[53.70379000016894,29.20787000085734],[53.70329000001099,29.20701000023979],[53.7029799996337,29.20628000095928],[53.70275000022738,29.20483000045284],[53.70282000013343,29.20368000055101],[53.70310999995789,29.2027400007439],[53.70334999954866,29.20233000056535],[53.70384000048045,29.20148000074325],[53.70460000030879,29.20049000077897],[53.70525999949711,29.19971000103502],[53.70621000041542,29.19870000071257],[53.70714000042607,29.19753000041518],[53.70759000016805,29.19699000093863],[53.70784999968375,29.19678000027032],[53.70844999991316,29.19640000043877],[53.70914999948359,29.19614000052586],[53.71057999984973,29.19604000051456],[53.71122999984335,29.19612000055264],[53.7116800004636,29.19612000106565],[53.71229099995113,29.19625500071729],[53.7136320000328,29.19620100041908],[53.71454399961605,29.19569400072546],[53.71491999988383,29.19535000062505],[53.71562999995085,29.19514000093105],[53.71620000028424,29.19508000030688],[53.71662999974718,29.19485000072734],[53.71685423736329,29.19470837777843],[53.71744300041537,29.19473700100756],[53.71774002472063,29.19463890950442],[53.71852031018081,29.19452281465034],[53.71911600011602,29.19450900057485],[53.71975881439268,29.19445467964174],[53.72030900021415,29.19448900060852],[53.72175500010943,29.19469600056011],[53.72238904359144,29.19455869421314],[53.72255139639641,29.19452675039482],[53.72268226229128,29.19453840658981],[53.72302000036189,29.19457000083992],[53.72327999953379,29.19471000101917],[53.72384000003352,29.19473000060934],[53.72446000038251,29.19477000063021],[53.72543000041479,29.1947200010187],[53.72581000006549,29.1945300008131],[53.726179999747,29.19444000055074],[53.72645000015519,29.19441000026314],[53.72668999973128,29.19432000077948],[53.72676999955161,29.19423000074106],[53.72730100030518,29.19420800025957],[53.72772999990769,29.19394000021503],[53.72826800041987,29.19375000062496],[53.72899000003031,29.19387000043766],[53.73014000030502,29.19449300040995],[53.7313879995522,29.19441600104228],[53.73278700046063,29.19435900082118],[53.7337920000864,29.19433000070244],[53.73507700046292,29.19421300057795],[53.73581999985495,29.19404000051287],[53.73637000050122,29.19381000088438],[53.73765000012601,29.19370000084646],[53.73867999977005,29.19371000106857],[53.73913999989855,29.19365000046976],[53.73992999959909,29.19327000089962],[53.74042000032408,29.19318000072149],[53.74082999964188,29.193250000346],[53.74108000023595,29.19344000038472],[53.7426000004593,29.19389000058228],[53.74334999992074,29.19422000035048],[53.74420999948033,29.19460000053547],[53.74458000013218,29.19465000092957],[53.74569999955462,29.19484000105919],[53.74625000039532,29.19489000105519],[53.7468199996971,29.19499000037423],[53.7474499999465,29.19531000040688],[53.7479000002609,29.19551000079286],[53.7484499999891,29.19564000093185],[53.74837999963416,29.19599000062484],[53.74831000032609,29.19623000041489],[53.74858000006627,29.19664000078771],[53.74922999955955,29.19680000032923],[53.74956999948876,29.19675000050522],[53.75010999949556,29.196540000502],[53.75040000003651,29.19660000075622],[53.75066999998641,29.19670000049414],[53.75115000037377,29.196770000862],[53.75181000016182,29.196820000536],[53.75242000042182,29.19686000039651],[53.75295999995725,29.19650000019933],[53.75326000013798,29.19627000070401],[53.75440999974145,29.19633000041839],[53.75511300049737,29.19670900034831],[53.75630400033678,29.19758100086422],[53.75729199971921,29.19721100048661],[53.75774904242397,29.19638682872284],[53.75802099973757,29.19627600092065],[53.75788100010768,29.19718700032254],[53.75767300004519,29.19824900050883],[53.75856859299513,29.19832385984572],[53.75898900002616,29.19844300092266],[53.75963753993686,29.19846364206509],[53.76069600003756,29.19872700095705],[53.76117383577932,29.19859624539847],[53.76175944337923,29.19881459943704],[53.76197559389113,29.19931349757355],[53.76193067904604,29.20122713174356],[53.76170829874879,29.2017311317587],[53.76099500012788,29.20212300042506],[53.76048399967718,29.20209700071169],[53.7603660546833,29.20261371656193],[53.75983400035832,29.20271000072611],[53.75989347865073,29.20315236649345],[53.75943799953694,29.20357800020628],[53.75950500040877,29.20439700071071],[53.75898402486887,29.20523463975287],[53.75914744867541,29.20568877403026],[53.75960403088642,29.2058463236608],[53.7602078979547,29.20594284562836],[53.76094553426444,29.20595766766749],[53.76143768645306,29.20601510583676],[53.76167474875771,29.20595771583253],[53.7627406282532,29.20572697366093],[53.76354643720785,29.2054517704001],[53.76464814351421,29.2051379380053],[53.7652735597613,29.20512117111434],[53.76531890897844,29.20535144416318],[53.76505342142833,29.20604076290216],[53.76470154412478,29.20788979734129],[53.76534800007923,29.20817148049451],[53.7654935190298,29.20800958942249],[53.76580099965776,29.20773900043208],[53.76613809309985,29.20754658560065],[53.76661538243589,29.20750906523384],[53.76691057826936,29.20761160348193],[53.76752863816318,29.20756998997385],[53.7687598327968,29.20753887911892],[53.76896799983788,29.20681500049772],[53.7692829995523,29.20611800020294],[53.76962176730338,29.20556223948427],[53.77000800041032,29.20540500096555],[53.77057700013658,29.20559700030729],[53.77106378317341,29.20589864280874],[53.77116000002856,29.20603000075668],[53.77148999966621,29.20628000106506],[53.77192000043497,29.20637000070839],[53.77244999962128,29.20626000094625],[53.77292999959788,29.20611000066948],[53.77344999994867,29.20552000047362],[53.77403000026909,29.20547000043484],[53.77419999971231,29.20555000022288],[53.77437000034424,29.20596000055007],[53.77455999953142,29.20668000102959],[53.77474000045658,29.20674000057404],[53.77541000019266,29.20688000071726],[53.77566000035087,29.20688000028042],[53.77608999964319,29.20654000056901],[53.77635999974962,29.2065400004021],[53.77674000010612,29.20656000074411],[53.77742000020882,29.2063400001912],[53.77762000049962,29.20646000065652],[53.77773999955861,29.20672000020106],[53.77748999951218,29.20726000080847],[53.7774500003321,29.20754000090791],[53.77756000042088,29.20766000073518],[53.77829000047641,29.20775000050029],[53.77885000026367,29.20785000091564],[53.77928000045658,29.20775000050168],[53.77950999952436,29.20737000060586],[53.77969999969586,29.20686000083251],[53.7798400000924,29.20654000025488],[53.77999999966453,29.20634000019091],[53.78017000024406,29.20620000022907],[53.78048999988266,29.20579000045625],[53.78065999977642,29.2055400008913],[53.78075999998887,29.20537000091429],[53.78081000037988,29.2053300007546],[53.78092999988728,29.20545000090191],[53.7811500003009,29.20554000050797],[53.78137999987153,29.20571000105741],[53.78153999953898,29.20590000065562],[53.78172000014778,29.20618000038864],[53.78169999988996,29.20661000051684],[53.78176999949717,29.20690000037822],[53.78199000004989,29.20696000032433],[53.78216999982993,29.20695000104093],[53.78235000020417,29.20675000076242],[53.78253000032591,29.20663000024954],[53.78283000016537,29.20661000025252],[53.78307633037813,29.20640819030321],[53.78344100049698,29.20621600104582],[53.78369095656327,29.20510090328688],[53.78401299984181,29.20496400095847],[53.78461599949753,29.20580200036224],[53.78456650115348,29.2065970615279],[53.78451295433743,29.20702166428351],[53.78429819008387,29.20773028151207],[53.78440757532217,29.20797411562483],[53.78438553341392,29.20846625223295],[53.78425209166131,29.21019587140641],[53.78414433557298,29.21215831001052],[53.78393029435583,29.21331358454573],[53.78444629554364,29.21332524215278],[53.78499296687644,29.21324707758853],[53.78547747011443,29.21307623857624],[53.78640678493541,29.21295399180993],[53.78705942106864,29.21217613048318],[53.78766793876407,29.2118169318225],[53.78852612259163,29.21112445140919],[53.78856249062442,29.21068691241138],[53.78889899122479,29.20989969360896],[53.78930495330647,29.20936792972381],[53.78940999976582,29.20885500081255],[53.78963999959472,29.20868000084091],[53.79011400010435,29.20854900032282],[53.79096099979274,29.20810500069217],[53.79227100018289,29.20775500073537],[53.79348000023823,29.20846000031737],[53.79586999971343,29.20826000035236],[53.7968399996376,29.20825000058584],[53.79864999995117,29.20843000084217],[53.80021700037206,29.20871700104771],[53.80032699989198,29.20796500074717],[53.80102199982425,29.20777500023655],[53.80227500033596,29.20815800099629],[53.80343000027415,29.2080780004161],[53.80504900016387,29.20850500074469],[53.80656699977659,29.20823700061181],[53.80878000023272,29.20774000042984],[53.81000000032341,29.20740000090441],[53.81131000029313,29.20681000087753],[53.81185000052091,29.20647000056935],[53.81233899987169,29.206264000636],[53.81292399993092,29.20645400053272],[53.8136340004046,29.20689700040639],[53.8145999996287,29.20753900018402],[53.81574899969123,29.20729200036744],[53.81554400041679,29.20647100093371],[53.81533300052349,29.20564100090413],[53.81577000040316,29.20520600103762],[53.81709900029629,29.20451400028696],[53.81857600026331,29.20371900095726],[53.81981100044104,29.20316900026513],[53.82082999963725,29.2055040003333],[53.82199999969689,29.20573600067054],[53.82498899974169,29.20598500078265],[53.82623200006893,29.20611900107055],[53.82747900012391,29.20625300065832],[53.82855899952442,29.20635100029938],[53.82981400013597,29.20698100058223],[53.83044999976327,29.20746400083598],[53.83074000048074,29.20774000041587],[53.83143000013069,29.20774000057544],[53.8323400005384,29.20760000059279],[53.83647999982863,29.20759000104994],[53.83816000006371,29.20683000074574],[53.83931000003203,29.20582000093243],[53.84023999988558,29.20556000080563],[53.84125999997691,29.20526000045526],[53.84224999971978,29.20506000083959],[53.84258999993001,29.20486000029572],[53.84325000002546,29.20424000074537],[53.8439900004766,29.20372000096175],[53.8447499999312,29.20331000082811],[53.8455900003496,29.20299000074627],[53.84615000019691,29.20302000073032],[53.8469099996178,29.20310000051759],[53.84710000023791,29.2030300009155],[53.84762000036013,29.2026100006518],[53.84841000056909,29.20232000081531],[53.84909999975172,29.20209000077341],[53.84968000026563,29.20212000018756],[53.85029999977002,29.20225000043308],[53.85135000014599,29.20216000060873],[53.85199999991227,29.20213000040868],[53.85294000037433,29.2019800008718],[53.85411000047574,29.20194000044807],[53.85410999982984,29.20276200100902],[53.85472899992121,29.20363800103991],[53.85534499963742,29.20452700055601],[53.8562015604296,29.20558947112863],[53.85667699956979,29.20641900068297],[53.85773099971615,29.20701500104131],[53.85885899995048,29.20749900032944],[53.85965600042058,29.20796200095423],[53.86058500036172,29.20860400104258],[53.86160500014876,29.20908000076556],[53.86262300022483,29.20937200059948],[53.86317700036877,29.21041400066073],[53.86409100041306,29.21071600029762],[53.86624399965765,29.21077100069056],[53.8669890000651,29.211215000336],[53.86784600017001,29.21106500038785],[53.86904800015687,29.21056000061838],[53.86999700051908,29.20986700060848],[53.87103400018642,29.20937000105416],[53.87271800047638,29.20878000055011],[53.8741700001735,29.20780200077809],[53.87495199971124,29.2068180003384],[53.87555800053379,29.20616400060522],[53.87615899993405,29.20591900036688],[53.87687600035355,29.20534300027157],[53.87715999972969,29.20439900090354],[53.87752399983424,29.20419800043801],[53.87871000013573,29.20372500017415],[53.8793600000959,29.20361000029535],[53.87984200037226,29.2035640007646],[53.88071000017958,29.20343300067347],[53.88092999985651,29.20334000023295],[53.88168999962311,29.20320000081826],[53.88206999980686,29.2031500001905],[53.88263999973042,29.20293000063421],[53.88328999999824,29.20267000077575],[53.88355999992473,29.20266000038765],[53.88371000049911,29.20264000017318],[53.88382999976379,29.20271000098396],[53.88409000024483,29.20299000075802],[53.88452537360899,29.20313023233646],[53.88471499974874,29.2031380010456],[53.8854759996838,29.20377200065187],[53.88608800014448,29.20486400027834],[53.88630910853396,29.2056318876485],[53.88628200043651,29.2061490003188],[53.88629468642429,29.20686360970447],[53.88639800048665,29.20729400090613],[53.8863309996555,29.20826400071164],[53.88564600029422,29.20900800065812],[53.88522999996959,29.20924000036878],[53.88505999970939,29.20985000034979],[53.88468000046786,29.21007000039158],[53.88411000025151,29.21048000024288],[53.8838100001183,29.2112100008747],[53.88376999988481,29.21157000022232],[53.88349999984952,29.21196000035911],[53.88317000039434,29.21228000067519],[53.88309000042265,29.2127100008493],[53.88295000004199,29.21309000086677],[53.88287999991918,29.21355000028136],[53.88287999991885,29.21389000084666],[53.88285999967648,29.21433000066877],[53.88270999955517,29.21478000033119],[53.88261999967551,29.21504000050782],[53.8825399996897,29.21529000050841],[53.88244000038097,29.21570000025273],[53.88252000019383,29.21653000067592],[53.88279000016383,29.21776000081066],[53.88335000040885,29.2193500009979],[53.88352999957645,29.22006000044786],[53.88365000046237,29.22062000085531],[53.88411000052742,29.22144000019315],[53.88446999983879,29.22205000074096],[53.88500000016208,29.22267000041516],[53.88528000008328,29.22313000094416],[53.88549000027928,29.22350000036216],[53.88607000038974,29.22412000075211],[53.8865399997049,29.22435000076452],[53.88735000012808,29.22494000027127],[53.88800999999829,29.22543000038131],[53.88828000037618,29.22572000018589],[53.88863999961602,29.22611000049603],[53.88916000055996,29.22660000084165],[53.88965999985223,29.22702000073456],[53.88989999982277,29.22729000037449],[53.88997999986906,29.22736000094782],[53.89010999958764,29.22760000079127],[53.89053000057488,29.22835000096603],[53.89129000050785,29.2297300010538],[53.89152999983764,29.2301000002696],[53.89168000007572,29.23065000044143],[53.89185000012009,29.23107000097129],[53.89195999985709,29.23135000023247],[53.89216999999829,29.23161000090661],[53.89248000000793,29.23192000092018],[53.89271000046404,29.23220000074398],[53.89295000046184,29.23243000087646],[53.89326999993771,29.2327600006663],[53.89388000058081,29.23322000092405],[53.89442999991097,29.23363000051738],[53.89463999965526,29.23395000044375],[53.89490000047434,29.23421000090228],[53.89527999991537,29.23454000063267],[53.89564000019755,29.23482000038403],[53.89596000021924,29.23521000103383],[53.89616000048682,29.23552000104542],[53.89641999969005,29.23591000097403],[53.89683000015893,29.23671000054562],[53.89695999961651,29.23698000026697],[53.89716999994252,29.23739000081514],[53.89728999964817,29.23783000048456],[53.89752000004335,29.23845000051915],[53.89741000054781,29.238930000924],[53.89754000037122,29.23926000069865],[53.89776999990885,29.23957000095523],[53.89784000021049,29.24022000075755],[53.89778000001633,29.24066000031178],[53.89775999996413,29.24102000099338],[53.89794000044505,29.24126000085747],[53.89819000055563,29.24163000098026],[53.89837999967919,29.24217000041747],[53.89877000040685,29.24292000060319],[53.89926000021624,29.24384000025474],[53.89956000000181,29.24427000077925],[53.90032999991772,29.24446000037166],[53.90103000031676,29.24486000041369],[53.90144000057231,29.24524000068513],[53.90155000037401,29.2462500003252],[53.90161000032382,29.24706000018251],[53.90145000037948,29.24781000040429],[53.90134999985104,29.24829000067639],[53.90115000059496,29.24880000046397],[53.90091000032675,29.24957000021526],[53.90083999988166,29.25008000080878],[53.90074999980072,29.25051000020809],[53.90073999981153,29.25100000040637],[53.90087999971324,29.25147000047308],[53.90102000013295,29.25174000090382],[53.90058000040155,29.25213000056061],[53.90039000015738,29.25236000058025],[53.90014000043724,29.2526900002533],[53.90001999991901,29.25285000100872],[53.89990000019679,29.25308000056593],[53.89981999996209,29.25335000022283],[53.89973999989527,29.25379000029076],[53.89949000052852,29.25413000072716],[53.89933999973511,29.25452000034689],[53.89915000041746,29.2548400004383],[53.89892999968239,29.25519000100965],[53.8987100005797,29.25554000033801],[53.89850000030265,29.25588000069365],[53.89835000026914,29.25613000062897],[53.89822000035954,29.25643000020878],[53.89797999961345,29.25679000044553],[53.89783000023895,29.2570400007811],[53.89767000009753,29.25724000065936],[53.8975099998871,29.2574600003314],[53.89722999981242,29.25770000053763],[53.89701999965277,29.25789000100281],[53.89675000049645,29.2582000006376],[53.89643000023158,29.2584200009557],[53.89609000009438,29.25865000035019],[53.89592000028231,29.25883000054911],[53.89562999985804,29.25904000080378],[53.89531999979474,29.25929000101697],[53.8948900005085,29.2596000010326],[53.89392000043007,29.25862000041859],[53.89298000016915,29.25939000034153],[53.89104000007259,29.26147000033055],[53.88859000027694,29.26428000103384],[53.88767000009844,29.26508000022709],[53.88627999967875,29.26605000091892],[53.88467000010023,29.26704000073518],[53.88384000026205,29.26806000049934],[53.88341000027035,29.26882000047352],[53.88238000014452,29.27079000067769],[53.88151999988136,29.27201000049809],[53.88100999963059,29.27252000019927],[53.88229000021357,29.27369000026777],[53.88413999957794,29.27583000042104],[53.88716000018381,29.27343000028955],[53.88909999985358,29.27641000019239],[53.89096999964453,29.27630000056975],[53.89454000011622,29.28109000093224],[53.89702000055889,29.28496000097349],[53.89774000055379,29.28448000024682],[53.89834999977694,29.28425000076181],[53.90056999971659,29.28359000035033],[53.90115999997619,29.28450000052445],[53.90169000039395,29.28433000055274],[53.90377999989018,29.28822000057172],[53.90499999960436,29.28754000076952],[53.90842999994565,29.28871000075456],[53.90981999989879,29.29008000090706],[53.91055000005529,29.29244000088732],[53.91255000011013,29.29540000060572],[53.91469000013953,29.29207000097801],[53.91949000060094,29.29816000040151],[53.92303999980392,29.29877000059757],[53.92694999962997,29.29800000093196],[53.92622999962586,29.29540000060548],[53.9316700005866,29.29557000085411],[53.93700000000132,29.29390000073792],[53.9356800000204,29.29193000079059],[53.93677999969953,29.2901700002312],[53.94014999986882,29.28809000094694],[53.93985000028955,29.28721000052304],[53.9423000004122,29.28602000030396],[53.94144000055385,29.28410000047706],[53.94410000037382,29.28233000074706],[53.94601999974106,29.28465000026349],[53.94858000020481,29.2833300002046],[53.94793999965066,29.28096000090301],[53.94976999984404,29.28003000103736],[53.94761999999963,29.27474000107338],[53.94857000034916,29.27429000055687],[53.94860000025413,29.27314000041369],[53.94742000044074,29.2709500010233],[53.94815000041447,29.27034000100722],[53.94902999978363,29.27072000098831],[53.95217000000649,29.2687600004586],[53.95027000024422,29.26363000040249],[53.94591000057297,29.26437000081452],[53.94271000022576,29.2621700002253],[53.94211000059374,29.26082000098629],[53.94874000025257,29.25866000020307],[53.94964000063081,29.26052000103815],[53.95264999975807,29.26035000020402],[53.95665000034931,29.26045000070049],[53.96025999991656,29.26199000036866],[53.96588999982126,29.26207000044989],[53.96559999988533,29.26072000096826],[53.9706800000527,29.25797000017611],[53.97044000059032,29.25704000065064],[53.97356000018956,29.25544000025153],[53.97380999988481,29.25592000031869],[53.97513999968928,29.25578000020417],[53.97623999986566,29.25824000040491],[53.97713000035723,29.26032000098187],[53.98328000076287,29.25730000049128],[53.9881226078949,29.25591357041107],[53.98817000051406,29.25590000058854],[53.98866999994751,29.25575000082536],[53.98917999987886,29.25562000093448],[53.98959000047375,29.25551000060911],[53.98979000040364,29.25551000028956],[53.99002999972057,29.25552000033122],[53.99027000009828,29.2555300008161],[53.99048000026675,29.25555000105003],[53.99135999992037,29.25557000031706],[53.99303999979873,29.2556200003549],[53.99362999978283,29.25561000096711],[53.99424999984698,29.25558000024223],[53.99487999999268,29.25556000103879],[53.99563000043948,29.25552000082139],[53.99612999987738,29.25552000068247],[53.99718999997994,29.25548000054071],[53.99955999969009,29.25533000069446],[54.00494000022885,29.25506000087968],[54.00553000015496,29.25504000090907],[54.00939000062999,29.25437000048808],[54.00996999999952,29.2540900005909],[54.01002000059365,29.25406000018904],[54.01015000004504,29.25403000080194],[54.01059000013043,29.25395000086893],[54.01080999986705,29.25391000037648],[54.01083000060733,29.25389000070907],[54.01096000056452,29.25382000095007],[54.01121999997274,29.2537000008809],[54.01189000033228,29.25350000065622],[54.01252000025678,29.25326000054928],[54.01330999982008,29.25314000091149],[54.01403000065848,29.25297000064689],[54.01517000022434,29.25280000039344],[54.01572000033238,29.25270000036482],[54.01750000022255,29.25230000091267],[54.01804999992753,29.25220000052664],[54.0186399997143,29.25204000033395],[54.01951000058291,29.25194000092258],[54.02006999985946,29.25189000057024],[54.02178000053819,29.25176000099476],[54.02215000015823,29.25172000078983],[54.02273000019895,29.25164000046375],[54.02347000037472,29.25145000053837],[54.02405000070902,29.25133000064204],[54.02436000038347,29.25129000074964],[54.02550000013437,29.2509900003143],[54.02571999984689,29.2509300004666],[54.02656999989627,29.25074000040356],[54.02699000022391,29.25053000029963],[54.02698000035666,29.24983000018919],[54.02694000062353,29.24966000087191],[54.02690000007957,29.24945000044551],[54.02691000041466,29.24903000033201],[54.02683000049704,29.248590000599],[54.02670000024591,29.24835000099079],[54.02662999986416,29.24804000087966],[54.02670000046432,29.24784000029067],[54.02689000057715,29.2478700010146],[54.02722000041394,29.24816000103074],[54.02742000052358,29.24827000022711],[54.02766000025279,29.24818000069874],[54.02799000033772,29.24800000025661],[54.02905000040649,29.24798000034802],[54.02958000017895,29.24779000103796],[54.03015000001053,29.24771000082006],[54.03148000027223,29.24728000036926],[54.03194000011597,29.24722000095339],[54.03245999998992,29.24713000093656],[54.03411000059095,29.24660000031176],[54.03605000032859,29.2457600007155],[54.03728000054138,29.24544000020733],[54.03848000002698,29.24512000092736],[54.04017999986345,29.24470000100013],[54.04488999976463,29.24336000058239],[54.04627000025635,29.24319000054913],[54.05113000032457,29.2432500008907],[54.05292000028304,29.24302000048105],[54.05579999976246,29.24270000038831],[54.05758999972507,29.2423300003424],[54.05919000013838,29.24193000075629],[54.06025999975655,29.24154000032991],[54.06155999997322,29.24132000040526],[54.06292999998146,29.24114000085705],[54.06588999998051,29.2404000004283],[54.06611999997532,29.24032000042714],[54.06683999973111,29.24009000047331],[54.06777000037206,29.23979000055503],[54.0689100005978,29.23933000025479],[54.06918999977966,29.23918000058842],[54.06969000025546,29.23900000091446],[54.07003999995265,29.2388000007828],[54.07110000058096,29.23854000051944],[54.07382999999749,29.23797000105002],[54.07550000035336,29.23771000061701],[54.07824000025439,29.23719000050352],[54.07955000047712,29.23674000068061],[54.08237000022204,29.23584000066215],[54.0851900001067,29.2347400009282],[54.08596000035854,29.23442000071987],[54.08760999980674,29.2336100001844],[54.09013000018329,29.23223000075647],[54.09131000072561,29.23171000028367],[54.09307000045489,29.23102000034655],[54.09502000025125,29.23032000079437],[54.09544000032051,29.23019000090287],[54.09572000063091,29.23007000069792],[54.09734000070519,29.22950000058722],[54.09970000075683,29.22846000030468],[54.10110000016589,29.22785000100729],[54.10142999988911,29.2275600009573],[54.10174000010282,29.22735000024899],[54.10260000065276,29.22670000053832],[54.10395999998998,29.22623000061714],[54.10535000011723,29.2257800008448],[54.10605000067997,29.22556000033575],[54.10735999997899,29.22508000018421],[54.10891999998029,29.22442000040629],[54.11045000024836,29.22371000024081],[54.11093000029923,29.22357000050873],[54.1112199999674,29.22343000029754],[54.11155000066459,29.22336000089041],[54.11181000053524,29.22342000027147],[54.11233000041544,29.22352000039793],[54.11272000025103,29.2236300002915],[54.11309999991482,29.22373000027045],[54.11446999977777,29.22378000052022],[54.11495000003693,29.22346000061303],[54.11521000008788,29.22327000100909],[54.12197000011321,29.22543000059139],[54.1273900001414,29.2260900005157],[54.13362999994437,29.22625000034123],[54.13549000056408,29.22630000053251],[54.14412000036501,29.22886000041986],[54.1497500000632,29.23009000089889],[54.15227000012455,29.23064000033655],[54.15257000016089,29.23057000033791],[54.1602500006337,29.22869000053844],[54.16023295865472,29.22818420617221],[54.1601767049282,29.22751987509972],[54.16077395615742,29.22565145796073],[54.16155908729296,29.22319519588531],[54.16329381353352,29.22016899679389],[54.16646595006736,29.21911740256266],[54.16927432543327,29.2191458503824],[54.17064376287072,29.21894101337507],[54.17123826402479,29.21986046532514],[54.17219455028783,29.2201477010709],[54.17288988495797,29.22044618672098],[54.17431786502579,29.2208642520474],[54.17584973099494,29.22117247650633],[54.17659938891857,29.22110489786229],[54.17755233593779,29.22101898884216],[54.17818092779367,29.22118282102683],[54.18128113154714,29.22203305405544],[54.18343348537717,29.22291518903361],[54.18638197190134,29.22373642344896],[54.18862049139227,29.22425553389607],[54.18954386348241,29.22442708132351],[54.19079584452378,29.2245425650485],[54.19226971304448,29.22423594855293],[54.19472851927509,29.22378459566083],[54.19591108378225,29.22377538083953],[54.19634847324485,29.22377196928036],[54.19724242265338,29.22393184852233],[54.1974217761535,29.22519882544008],[54.19793029925865,29.22576806959879],[54.20134764197061,29.22540067007544],[54.20241960636399,29.22583899145706],[54.20407109184395,29.22640565675813],[54.20513562362814,29.22689153937917],[54.20632717119943,29.22721989233505],[54.20743152168035,29.22724084541223],[54.20812203669741,29.22718667858704],[54.20865182516737,29.22767946303891],[54.20910606226523,29.22915985137328],[54.2090994490264,29.22952634957103],[54.2090871616145,29.23020743983936],[54.20775132429917,29.23197285573764],[54.205493679401,29.23322277052075],[54.20360192267761,29.23380584809328],[54.20047584084096,29.2367473690768],[54.1994628982561,29.23743025633322],[54.19670148712339,29.23829982542193],[54.19500270062675,29.23882776849307],[54.20418000028506,29.25032000090344],[54.21006000059831,29.26557000025111],[54.21027000076693,29.27228000099628],[54.20824000049369,29.27943000050017],[54.19504999995688,29.28961000097349],[54.18355000059817,29.29521000035595],[54.1685300005901,29.30626000055888],[54.16459000027873,29.30917000046044],[54.16414000044226,29.30964000098528],[54.15809000034285,29.31602000070397],[54.15598000034991,29.31826000035443],[54.15373000040064,29.32063000022009],[54.1530099999184,29.32137000053223],[54.1524399998752,29.3230100006603],[54.14887000006495,29.33270000075428],[54.14912000029326,29.33762000022003],[54.14913999992365,29.33815000064816],[54.14813000069685,29.3384300005019],[54.14507000072324,29.33930000024763],[54.14336000080495,29.33998000019309],[54.14316000005392,29.34007000083335],[54.14303000084652,29.34013000064749],[54.14184999988465,29.34073000075731],[54.13427000078177,29.34554000067342],[54.13186000057705,29.34705000037842],[54.12765999992771,29.34977000055274],[54.12679000019472,29.35064000025177],[54.12524000042507,29.35237000045366],[54.12326000073309,29.35478000076674],[54.12166000037563,29.35876000018295],[54.12160000028948,29.35894000043922],[54.12149000012601,29.35922000087968],[54.12077000013426,29.36116000050612],[54.11906000072319,29.36508000073691],[54.118849999807,29.36573000061031],[54.11861000061684,29.3662300006692],[54.11820999985109,29.36706000045846],[54.11741000020111,29.36907000035298],[54.11723000023327,29.36983000019957],[54.1167799998427,29.37160000066293],[54.1164500005845,29.37296000088039],[54.11599999993198,29.37467000036599],[54.11577000057053,29.37570000055279],[54.11547000047214,29.37721000099733],[54.11538000063325,29.37873000025357],[54.11545999980054,29.3800500003317],[54.11551000054915,29.38055000016977],[54.11556000002119,29.38132000092007],[54.11571000060567,29.38298000037037],[54.11576000079266,29.38403000033843],[54.11575000052297,29.38450000087613],[54.11574000049988,29.3846100005886],[54.11573000065817,29.38510000048606],[54.11473999983719,29.38989000099594],[54.11454000062587,29.39077000072392],[54.11364583908212,29.39493681262253],[54.11354000082192,29.39543000104479],[54.11300895201305,29.39790374791338],[54.11237000062275,29.40088000034007],[54.11187999988474,29.40328000089983],[54.11182000016082,29.40413000024377],[54.11195000036744,29.40502000087833],[54.11235000014413,29.40622000024159],[54.11265188650508,29.40675449055379],[54.11296000068596,29.40730000104613],[54.11436000055141,29.40893000086018],[54.11667000015664,29.41155000057946],[54.11845000075836,29.41349000029068],[54.11884000021905,29.4139700002821],[54.11907000051647,29.414900000434],[54.11947000061797,29.41964000057623],[54.11969999987326,29.4213500006514],[54.1198200003216,29.42351000060478],[54.11989000009191,29.42529000082466],[54.11976000015245,29.42732000047095],[54.11770999990762,29.43566000025569],[54.11566999995244,29.44362000105643],[54.09658000067657,29.44871000095102],[54.08637000023084,29.45134000060424],[54.08480000022902,29.45055000084003],[54.082870000113,29.45162000046968],[54.08078000012954,29.45286000049564],[54.07857000076725,29.45328000103727],[54.07386999987865,29.45961000093427],[54.07011000003938,29.46487000105248],[54.06734000032607,29.46976000059253],[54.06485999976632,29.47496000098147],[54.06227999983627,29.48024000064783],[54.05696000068094,29.48531000017029],[54.0507600006251,29.49275000105117],[54.04681999975382,29.49814000032557],[54.04655999984482,29.49867000083349],[54.04504999987907,29.50030000047958],[54.04375999987693,29.50225000085533],[54.04236000060114,29.50362000103353],[54.0400200005722,29.50585000083072],[54.03907999989829,29.50683000059686],[54.03775999985844,29.50852000085526],[54.03648000062454,29.51006000072352],[54.03553999982066,29.51082000026942],[54.03478000060792,29.51133000103432],[54.03368000005807,29.51225000100038],[54.03201999982839,29.51307000046423],[54.03132000071372,29.51421000041952],[54.03105999974665,29.51429000034753],[54.03024000055282,29.51721000024071],[54.03002999999357,29.51989000098149],[54.02984000000902,29.52126000097915],[54.02948000064162,29.52206000029867],[54.02886999989394,29.52240000082286],[54.02778999985715,29.52238000040538],[54.02777000023776,29.52266000022509],[54.02722000041052,29.52285000053166],[54.02716999978907,29.52434000058771],[54.02014000043313,29.52615000098953],[54.01570000061732,29.52733000027174],[54.0131899997023,29.52731000105353],[54.0095799997647,29.52714000042226],[54.008220000044,29.52746000089052],[54.00621999995938,29.52788000102191],[54.00490000049492,29.52835000022495],[54.00205000051048,29.53006000101728],[54.00088999975047,29.53269000045526],[54.00058000029056,29.53353000039007],[54.00049000027035,29.53601000082246],[54.00042000052058,29.53734000019093],[54.00035000019172,29.53849000052212],[53.99995000020712,29.54006000067516],[53.9995999997663,29.54133000039846],[53.99893999988223,29.54275000034178],[53.99826000066908,29.54404000076849],[53.99755000047899,29.54545000047084],[53.99679000025638,29.54756000072115],[53.99467000068378,29.5539600007043],[53.99418999986413,29.555420000621],[53.99381000008691,29.55793000071849],[53.9932299999989,29.56103000086643],[53.99185000056009,29.56434000078066],[53.98999999993151,29.56889000095411],[53.98797999994276,29.57375000048593],[53.98564000053987,29.57941000056885],[53.98530000038297,29.58011000107028],[53.98239000037375,29.5821100004234],[53.98111999982481,29.58095000027573],[53.97989000066752,29.58057000074413],[53.9789500006253,29.580760000349],[53.97535000013252,29.58286000024355],[53.97115999978038,29.58443000028911],[53.96795000001307,29.58585000038983],[53.965960000595,29.5868200004079],[53.96304999978786,29.58836000059555],[53.960850000109,29.58958000045174],[53.95945999997433,29.59049000033539],[53.9575099996929,29.5916100010156],[53.95604999994502,29.59236000042808],[53.95450999977762,29.59334000109031],[53.95275999980308,29.59428000039652],[53.95095000006849,29.59556000049208],[53.94938000055278,29.59704000044862],[53.94799999987696,29.59852000096283],[53.94747000025356,29.59939000099023],[53.94707000043217,29.59996000085382],[53.94622999963939,29.60156000049269],[53.94563999978106,29.6037000003977],[53.9445800000921,29.60572000085914],[53.94409000036226,29.60637000087868],[53.94313000050614,29.60744000037679],[53.94182999965156,29.6086600005111],[53.94004999999527,29.61012000021448],[53.93876000030756,29.6109100010242],[53.93771000029403,29.61145000058402],[53.93640000028643,29.61198000019432],[53.93614999987954,29.61206000085237],[53.93458999966148,29.61258000054733],[53.93066000055448,29.61390000082564],[53.92706000046629,29.61509000064614],[53.92421000060484,29.61604000099572],[53.92374999976754,29.61617000050597],[53.92298999990554,29.61645000064435],[53.92256999975812,29.61671000104565],[53.92214000050345,29.61704000040927],[53.92166000000444,29.61745000040053],[53.92085000062787,29.61827000068314],[53.9196000005312,29.61950000066852],[53.91914999976792,29.61998000086342],[53.91872999985905,29.62056000041152],[53.91813999997846,29.62187000092694],[53.91755000031761,29.62386000086454],[53.91698000039207,29.62569000080894],[53.9161100000951,29.62783000062486],[53.91521000044168,29.62966000079307],[53.91469999961721,29.6303400008434],[53.9122299997706,29.63243000026197],[53.90993700562418,29.63431843866634],[53.90811557816023,29.63596182968921],[53.90593233195681,29.63793167445334],[53.89958673723203,29.64339334982126],[53.89702925775623,29.64558637188722],[53.88967546473646,29.65189143490863],[53.87920133505361,29.66093603865244],[53.87096000026034,29.66764000039093],[53.86908372788486,29.6696929107986],[53.86607602912785,29.67232686179955],[53.86202557087562,29.67567131868581],[53.8511802109308,29.68491710847108],[53.848370487084,29.68708784620518],[53.84922994002579,29.68905355178541],[53.85479176231408,29.70177211205734],[53.85168000026642,29.69976000100094],[53.84970000013526,29.69878000096207],[53.84845000016206,29.69875000028719],[53.84606000010189,29.69942000069583],[53.83987999965441,29.7004200007513],[53.83928000025902,29.70119000094062],[53.83636999964148,29.70232000095517],[53.82702999957951,29.70633000094003],[53.81411000020954,29.71490000020662],[53.80371999979943,29.72766000068912],[53.80356999975005,29.72775000039222],[53.80341000016186,29.72801000041772],[53.80314000049472,29.7282800006822],[53.80275000044183,29.72843000033813],[53.80254000001521,29.72849000072859],[53.80207999968452,29.72861000096814],[53.80110999960997,29.72887000099626],[53.8002400002088,29.72906000109094],[53.79961000001245,29.7292700010198],[53.79878000049544,29.72968000043305],[53.798119999855,29.73002000096861],[53.79724000028384,29.73046000054977],[53.79636999992212,29.73096000083406],[53.79562999973638,29.73129000067965],[53.79423000053097,29.73188000106375],[53.79397000034017,29.73198000068739],[53.79331999975347,29.73220000102749],[53.7929999998909,29.73228000069266],[53.79290000020276,29.73232000052051],[53.79270999983424,29.73243000052769],[53.79260000029605,29.73247000022701],[53.79234999952038,29.73257000032408],[53.79215999976044,29.73266000064295],[53.79202999985568,29.73272000072632],[53.79185999959925,29.73280000064668],[53.79166000033734,29.73289000029915],[53.79159999992927,29.73292000102883],[53.79094000031727,29.73314000092113],[53.79083000003815,29.73314000044461],[53.79044000043317,29.73322000096524],[53.78980000009726,29.73355000098362],[53.78943000027508,29.73378000045306],[53.78770000018343,29.73486000066431],[53.78686000039685,29.73538000101003],[53.78604000013955,29.73587000095935],[53.78495999971865,29.73637000101241],[53.7842100000575,29.73680000023977],[53.78303000014831,29.73737000028471],[53.78171999974032,29.73798000071612],[53.78119000016109,29.73823000108311],[53.78031999971175,29.73862000023342],[53.77916000031126,29.73918000065275],[53.77786000033605,29.73987000047917],[53.77631000024035,29.74076000059722],[53.77557999972226,29.74128000069353],[53.77501000048181,29.74171000043687],[53.77470000009404,29.742020000706],[53.77402999957189,29.74258000110247],[53.77384000036019,29.74274000067981],[53.77364000009429,29.74303000030064],[53.77282999984681,29.74400000046883],[53.77275000045822,29.74412000105498],[53.77233999972363,29.74450000052939],[53.77020000035936,29.74727000107469],[53.76671000004259,29.75181000029959],[53.7663659110309,29.75225073975665]]]},"properties":{"Name":"پناهگاه حيات وحش بختگان","description":"<html xmlns:fo=\"http://www.w3.org/1999/XSL/Format\" xmlns:msxsl=\"urn:schemas-microsoft-com:xslt\">\n\n<head>\n\n<META http-equiv=\"Content-Type\" content=\"text/html\">\n\n<meta http-equiv=\"content-type\" content=\"text/html; charset=UTF-8\">\n\n</head>\n\n<body style=\"margin:0px 0px 0px 0px;overflow:auto;background:#FFFFFF;\">\n\n<table style=\"font-family:Arial,Verdana,Times;font-size:12px;text-align:left;width:100%;border-collapse:collapse;padding:3px 3px 3px 3px\">\n\n<tr style=\"text-align:center;font-weight:bold;background:#9CBCE2\">\n\n<td>پناهگاه حيات وحش بختگان</td>\n\n</tr>\n\n<tr>\n\n<td>\n\n<table style=\"font-family:Arial,Verdana,Times;font-size:12px;text-align:left;width:100%;border-spacing:0px; padding:3px 3px 3px 3px\">\n\n<tr>\n\n<td>FID</td>\n\n<td>10</td>\n\n</tr>\n\n<tr bgcolor=\"#D4E4F3\">\n\n<td>OBJECTID_1</td>\n\n<td>11</td>\n\n</tr>\n\n<tr>\n\n<td>cod</td>\n\n<td>4</td>\n\n</tr>\n\n<tr bgcolor=\"#D4E4F3\">\n\n<td>tafkik_id</td>\n\n<td>2</td>\n\n</tr>\n\n<tr>\n\n<td>tafkik_nam</td>\n\n<td>پناهگاه حيات وحش</td>\n\n</tr>\n\n<tr bgcolor=\"#D4E4F3\">\n\n<td>shahrestan</td>\n\n<td>آباده طشک- ني ريز- استهبان-خ</td>\n\n</tr>\n\n<tr>\n\n<td>NAME1</td>\n\n<td>پناهگاه حيات وحش بختگان</td>\n\n</tr>\n\n<tr bgcolor=\"#D4E4F3\">\n\n<td>sal_mosava</td>\n\n<td>1347</td>\n\n</tr>\n\n<tr>\n\n<td>AREA_ha</td>\n\n<td>147147</td>\n\n</tr>\n\n<tr bgcolor=\"#D4E4F3\">\n\n<td>F_AREA</td>\n\n<td>3302291649.41</td>\n\n</tr>\n\n<tr>\n\n<td>Shape_Leng</td>\n\n<td>340332.436311</td>\n\n</tr>\n\n</table>\n\n</td>\n\n</tr>\n\n</table>\n\n</body>\n\n</html>\n\n","timestamp":null,"begin":null,"end":null,"altitudeMode":"clampToGround","tessellate":-1,"extrude":0,"visibility":-1,"drawOrder":null,"icon":null,"snippet":""}},
{"type":"Feature","geometry":{"type":"Polygon","coordinates":[[[53.7663659110309,29.75225073975665],[53.76354999949152,29.75276000058312],[53.75892000007881,29.75475000080248],[53.75412000027234,29.75690000063011],[53.74846999956443,29.75671000105907],[53.74440999962525,29.75733000029798],[53.73847000031906,29.75820000079334],[53.73512999953495,29.76085000050659],[53.73029999962989,29.76209000067691],[53.72420000027097,29.76433000071842],[53.71977000008363,29.76405000067669],[53.71527999969685,29.76497000045054],[53.70935000019917,29.76744000068726],[53.70745999991473,29.76809000055304],[53.70685000045187,29.7711300008942],[53.70385999978139,29.77286000108874],[53.6984599996013,29.77295000103407],[53.69379000021355,29.7763200009133],[53.6901900000994,29.77783000101312],[53.68660999976915,29.78055000057088],[53.68454000002594,29.78400000026151],[53.68086999950576,29.789910000606],[53.67609000024807,29.79629000041658],[53.67129999987549,29.80259000082999],[53.66412000007757,29.80425000101407],[53.66066999953539,29.80499000091606],[53.65833000012998,29.80594000043877],[53.6536199994645,29.80640000108397],[53.64876000002534,29.80650000095592],[53.64393999976436,29.80811000065924],[53.64036999956729,29.8100000003282],[53.63476999972882,29.81084000037901],[53.62852000033243,29.81345000050868],[53.62413999996461,29.81620000106942],[53.62217000034244,29.81775000066218],[53.61954000033446,29.81835000105527],[53.61688000018039,29.82004000022986],[53.61589000021638,29.8170300003926],[53.61543999998288,29.81280000075336],[53.61395000022123,29.81162000024599],[53.60912000004793,29.81038000096436],[53.60588000003168,29.81123000026008],[53.60033000043867,29.80898000073486],[53.59762000006533,29.80701000099151],[53.59469999987267,29.80630000046323],[53.59249000038324,29.80683000073886],[53.59015999952248,29.80524000088621],[53.58824000022608,29.80079000046437],[53.59028999945866,29.79966000084596],[53.59167000035272,29.79648000040977],[53.59149999989567,29.79267000078595],[53.58891999987011,29.78957000064658],[53.58457999968317,29.7880800002413],[53.5813399996612,29.7859800010233],[53.58139000035312,29.78590000065594],[53.58156000025114,29.78560000034794],[53.58165000039869,29.78541000052807],[53.58174000013017,29.78528000054566],[53.58199999983068,29.78481000039178],[53.58208000020949,29.78468000076008],[53.58276999995156,29.78339000075871],[53.58293999990881,29.78313000093294],[53.58306000032573,29.78284000101787],[53.58322000039796,29.78251000092169],[53.58332999983579,29.7821900010848],[53.58334999989305,29.78207000094114],[53.58361000028834,29.78111000021291],[53.58374000015209,29.78055000107656],[53.58363999992145,29.78002000071679],[53.58315999995341,29.77850000085045],[53.58268999955436,29.77750000097941],[53.58231999986405,29.77699000077872],[53.58196000001947,29.77675000080961],[53.58030999997801,29.77577000106297],[53.57879999999142,29.7750600002922],[53.57809999942596,29.7748400007322],[53.57794999975622,29.77481000091101],[53.57750000017484,29.77472000041237],[53.5733899997657,29.77451000110668],[53.57299000035311,29.77455000027475],[53.57259000018826,29.7747200002959],[53.57215999948664,29.77497000025947],[53.57129000024631,29.77547000039926],[53.57088999960158,29.77564000092822],[53.57056000025498,29.77581000084893],[53.57031000019022,29.77591000095832],[53.57001999951025,29.77598000035643],[53.5688100001805,29.77616000032282],[53.56789999964859,29.77635000032852],[53.56713000027327,29.77652000096879],[53.56692999987501,29.77655000034629],[53.56658000015441,29.77658000077156],[53.56573000033644,29.77651000050596],[53.56535999970755,29.77654000082521],[53.56496999986077,29.77672000080177],[53.56456000024022,29.77702000060792],[53.56407999952129,29.77743000063111],[53.56366000032272,29.77780000089345],[53.5625999998655,29.77875000093191],[53.56225999986164,29.77906000053171],[53.56200999947645,29.77927000083752],[53.56112999980672,29.78006000062006],[53.56088000033392,29.78029000057645],[53.56044999941871,29.78067000025734],[53.56027999980478,29.7808200003501],[53.56002999965197,29.78105000064408],[53.55984999959264,29.78120000092344],[53.55917999956456,29.78180000024985],[53.55870000023493,29.78224000093184],[53.55736999978404,29.78340000084689],[53.55706999972959,29.78364000108768],[53.55660999981349,29.78402000056419],[53.55616999948279,29.78441000038772],[53.55608000011088,29.78444000021707],[53.55559999986862,29.78458000060786],[53.55464999976621,29.78510000082981],[53.55376999969454,29.78546000021778],[53.55332999972973,29.78563000055924],[53.55264999969515,29.78582000043076],[53.55217999959837,29.78598000026771],[53.55193000033582,29.78608000050299],[53.55114000007131,29.78629000091951],[53.54997999993196,29.78665000094606],[53.54956999991659,29.78679000028245],[53.54849999945027,29.78713000022689],[53.54816999971466,29.78722000042552],[53.54716000007181,29.78748000023048],[53.54383999967395,29.78820000051009],[53.54333000019832,29.78830000028606],[53.542909999845,29.78844000062197],[53.54237999958175,29.78853000108687],[53.5415899996179,29.78863000094628],[53.54035999962545,29.78855000090235],[53.54001000027946,29.78845000047778],[53.53962000020086,29.78830000033345],[53.5370200002741,29.7870300006534],[53.53653000025636,29.7867900003439],[53.53606999947878,29.78661000061003],[53.53550999969141,29.78646000038341],[53.53484000038204,29.78637000085518],[53.53451000003624,29.78630000038193],[53.53439000005071,29.78627000089209],[53.5343500000546,29.78626000043588],[53.53417999986767,29.78624000088216],[53.53411000022768,29.78624000021188],[53.53407000000861,29.78624000059351],[53.53398000004748,29.78623000092811],[53.53392000021403,29.78623000052507],[53.53251999992265,29.78614000066934],[53.53182999996822,29.78609000105273],[53.53150000007111,29.78608000030147],[53.53110999997218,29.78606000062112],[53.53051999958516,29.78603000087135],[53.53044999961752,29.78602000093175],[53.53040999942325,29.78602000110095],[53.53037000023895,29.78602000033665],[53.53021999989865,29.78601000055115],[53.53019000015509,29.78600000035991],[53.53018000037116,29.786000000604],[53.53015999974682,29.78600000020808],[53.53011999955375,29.78600000028898],[53.53005999979052,29.78600000082849],[53.53002000027929,29.78599000083167],[53.52994999967796,29.78599000067019],[53.52974999940974,29.78598000058514],[53.52971000024868,29.78598000052157],[53.52956999978359,29.78597000068348],[53.52947000026749,29.78595000077372],[53.52942000029483,29.78595000083063],[53.52480999944281,29.78525000035879],[53.52431000036823,29.78515000061706],[53.52366999961838,29.78506000102202],[53.52324000039977,29.78496000067652],[53.52241999961332,29.78482000110856],[53.5219600001854,29.78470000073638],[53.52191000011825,29.78469000056075],[53.5217900002171,29.78455000034559],[53.52168000033226,29.78441000040884],[53.52165999992699,29.78439000037274],[53.52164999969738,29.78436000066668],[53.52165000015281,29.78433000045052],[53.52163999982017,29.78424000032937],[53.52164000023085,29.78417000073802],[53.52162000004298,29.7838800006117],[53.52160000015541,29.78373000054241],[53.52161000022227,29.78368000060216],[53.52159999954731,29.78362000068418],[53.52159999947437,29.78352000088463],[53.5215999999175,29.7834100010035],[53.521609999947,29.78334000092219],[53.52168000013168,29.78309000022396],[53.52173999955562,29.78288000028934],[53.52183999958159,29.78257000031048],[53.52187000032672,29.78246000071166],[53.52190999991333,29.78234000055073],[53.52202000034123,29.78199000056147],[53.52216000029389,29.78131000021107],[53.52199000028635,29.78046000106737],[53.52183999964643,29.78018000023107],[53.52163000013515,29.77981000046395],[53.52122999963699,29.77940000047576],[53.52080999943222,29.77925000109183],[53.52074999973954,29.77926000092135],[53.52068000000239,29.77930000046355],[53.52044000025862,29.77943000103062],[53.52028000017927,29.77952000060862],[53.5201499997988,29.77959000056214],[53.52004999992272,29.77966000021983],[53.51989999981366,29.77970000040133],[53.51974999969096,29.7797100010723],[53.51959999994079,29.77970000049892],[53.51943999943738,29.77967000081404],[53.51929000027423,29.77964000060701],[53.51915999959008,29.77961000058027],[53.51901999954803,29.77957000060331],[53.5189599999151,29.77960000070435],[53.51867000036695,29.77990000098689],[53.51848999979416,29.78023000107469],[53.51822999944689,29.78086000084655],[53.5179600002523,29.78173000065165],[53.51782999970749,29.78219000096812],[53.5177000000475,29.78256000037981],[53.51750000000366,29.78314000096555],[53.51740999972667,29.78352000042556],[53.51725999988296,29.78388000063482],[53.51709999961216,29.78414000088973],[53.5168600001502,29.78424000064291],[53.51656999957601,29.78428000093022],[53.51609999941916,29.78429000088443],[53.51520000006099,29.78434000053063],[53.51428999947395,29.78446000102929],[53.51295999999006,29.78474000074832],[53.51259000003707,29.78484000071642],[53.51155000002416,29.78492000038676],[53.50918999962995,29.78593000098916],[53.50708000027188,29.78686000053623],[53.50365000031832,29.7890100005127],[53.501490000119,29.79120000037323],[53.49652999953447,29.79218000086194],[53.49294999976345,29.79343000053745],[53.48895000007444,29.79607000044682],[53.48048999989066,29.80434000057245],[53.47411999987872,29.80490000050309],[53.47215999971461,29.80459000091957],[53.46957999948649,29.80275000110926],[53.4667599997915,29.8006300010852],[53.46525000015611,29.79641000079873],[53.46399000000265,29.79293000053658],[53.46191999960463,29.79071000076286],[53.46030999963994,29.78893000107069],[53.45671000019186,29.78496000052688],[53.4557199996605,29.78441000084084],[53.45316999936315,29.78323000064059],[53.450760000122,29.78231000089052],[53.44830000017124,29.78168000069109],[53.44759000039132,29.78118000105867],[53.44713999946453,29.78057000079936],[53.44682999990324,29.78023000104833],[53.44659000031369,29.78002000022669],[53.44635999986043,29.77975000107801],[53.44586000005087,29.77945000086264],[53.44559999963316,29.77926000090858],[53.44546999994814,29.77914000069224],[53.44527000018457,29.77891000055665],[53.44481999956302,29.77861000103073],[53.44396999951964,29.77825000067475],[53.44315000024552,29.77789000020169],[53.44286000020052,29.77774000027372],[53.44178999940711,29.77737000071257],[53.44150999949074,29.77720000067847],[53.44116999990184,29.77703000048513],[53.44072000032845,29.77684000030978],[53.44004000001779,29.77660000047425],[53.43930999954414,29.77630000092285],[53.43866999957774,29.77604000071394],[53.43778000033645,29.77539000032414],[53.43745000024185,29.77500000055985],[53.43698000031846,29.77427000092501],[53.43644999971153,29.77385000035784],[53.43626999940614,29.77358000102303],[53.43641999956407,29.77322000066441],[53.43645999962548,29.77275000085485],[53.43641999946723,29.77240000028567],[53.4360400002307,29.77204000079596],[53.43556999998566,29.77193000092722],[53.43517000023437,29.77161000087421],[53.43480999988201,29.77147000095379],[53.43437999990444,29.77102000058679],[53.4335600001991,29.7706300002939],[53.43320999956072,29.77034000102323],[53.43291999999952,29.77017000029324],[53.43255000013458,29.76996000079637],[53.43222000025347,29.76955000070222],[53.43212999963533,29.76943000066237],[53.43199999989413,29.76936000071962],[53.43188999968152,29.76932000025405],[53.43183999989288,29.76924000101641],[53.43179999968944,29.76904000022817],[53.43187999942344,29.76841000042523],[53.43162000016041,29.76751000092353],[53.43112999973171,29.76671000065127],[53.43051000028441,29.76611000034482],[53.42978999980567,29.7657300007808],[53.42884999951757,29.76526000105157],[53.4285099998746,29.76517000080432],[53.42814000019435,29.76453000075113],[53.42829000006426,29.76336000076659],[53.42818999937113,29.76295000025598],[53.42750000012238,29.76104000065962],[53.4272199996161,29.76024000046664],[53.42683999996805,29.75975000099094],[53.42621999983451,29.75971000085191],[53.42553000004198,29.75961000089599],[53.42520999976879,29.759250000437],[53.42503999997398,29.75869000072003],[53.42524000008115,29.75844000103431],[53.42531999990157,29.75814000067409],[53.42510000009099,29.75784000030114],[53.42466999989971,29.75769000046419],[53.42441000005729,29.7574300008351],[53.42433999939196,29.75681000088806],[53.42425999997327,29.75613000085799],[53.42438000013134,29.75573000068046],[53.42517999985227,29.7548300003346],[53.42595000031248,29.75333000056281],[53.42676999948951,29.75281000076996],[53.42805000003488,29.75183000049533],[53.42892999940024,29.75153000078301],[53.42989000013544,29.75130000081952],[53.43041999991225,29.7506200009025],[53.43118000025525,29.74971000095528],[53.43155999948699,29.74928000021243],[53.43184999945001,29.74862000026551],[53.43255999981749,29.7475100005],[53.43289999955942,29.7471000004815],[53.43380999978108,29.74674000099741],[53.4349299993932,29.74666000094284],[53.43497999938552,29.7462700009779],[53.43451000010063,29.74519000075455],[53.43415999951859,29.74427000091034],[53.43402000008346,29.74356000031266],[53.43387999946107,29.74291000039674],[53.43368000017381,29.74257000079884],[53.43353999937116,29.74232000069313],[53.43328000010501,29.74204000023417],[53.43301999992966,29.741740000995],[53.43290000029256,29.74159000032892],[53.43277999984381,29.74136000034741],[53.43244999978548,29.7407600005119],[53.43226999978003,29.74048000049519],[53.43198999950534,29.74024000054192],[53.43180999963978,29.73994000065741],[53.43140000029996,29.73951000068828],[53.43115000029155,29.73907000070514],[53.43085000017934,29.73860000109309],[53.43059999954723,29.73820000085677],[53.43032000021218,29.73790000032858],[53.42987000017305,29.73752000068529],[53.42972000036563,29.73748000098626],[53.4295499998908,29.73735000059891],[53.42907000014879,29.7372200009053],[53.42869000005185,29.73713000107102],[53.42819999981676,29.73706000064121],[53.42773999965685,29.73692000092621],[53.42736999981341,29.73680000072458],[53.427129999519,29.73655000102214],[53.42708999953038,29.73634000025651],[53.42668999990875,29.73602000094805],[53.42625999969567,29.73570000031454],[53.42606999943248,29.73542000088755],[53.42581999987549,29.73509000110332],[53.42517999941292,29.73466000090733],[53.4245899993778,29.73407000022239],[53.42425999954424,29.73392000027599],[53.42398999982048,29.73388000075205],[53.42303999972671,29.73352000078768],[53.42226999992938,29.73302000046538],[53.4219600001658,29.73284000109201],[53.42189000036817,29.73263000075952],[53.42192999939662,29.73231000067176],[53.4215100003147,29.73203000067639],[53.42124000011174,29.73190000053805],[53.42109999968528,29.73180000108644],[53.42087999987531,29.73175000036537],[53.42078999946642,29.73157000062537],[53.42069000035212,29.73146000069012],[53.42057999946817,29.7312500007321],[53.42054999985559,29.73095000079968],[53.42054000004899,29.73044000098061],[53.42099000012002,29.73013000105599],[53.42112999955243,29.72988000050868],[53.42121999939666,29.72965000032934],[53.42161999986367,29.7287700005942],[53.42216999976095,29.72777000063837],[53.42277999961835,29.72727000035925],[53.4235199993978,29.72676000082381],[53.42345999938689,29.72665000084683],[53.42330999952821,29.72648000078854],[53.42320000013205,29.72628000067051],[53.42302999999859,29.72612000082594],[53.42290999986169,29.72571000033002],[53.4226599995768,29.72554000032338],[53.42255999978803,29.72532000034264],[53.42251999935235,29.7250800003155],[53.42244999971413,29.72483000052421],[53.4225300000958,29.72455000053591],[53.42258999935081,29.72434000053647],[53.42255999943066,29.72404000095834],[53.42248000031695,29.72358000087931],[53.4224300000869,29.72319000092511],[53.42234999995965,29.72276000046591],[53.42223999934983,29.7224700008161],[53.42215999947744,29.72226000094711],[53.4221099996323,29.72202000054347],[53.42211000007428,29.72182000078175],[53.42212000035939,29.72170000081362],[53.4221899995355,29.72160000053272],[53.42222999982347,29.72138000087725],[53.42219999992682,29.72107000050268],[53.42216000026293,29.7204200009366],[53.42200999977191,29.72000000089206],[53.42188999944415,29.71968000081295],[53.42202999968915,29.7193900010882],[53.42216999935377,29.7191900006227],[53.42244999993454,29.71905000045858],[53.42270000012996,29.71898000063],[53.42292000011516,29.71901000106812],[53.42334999965718,29.71888000074193],[53.42366000014835,29.71886000078429],[53.42390999957851,29.71880000105734],[53.42422999970642,29.71877000100771],[53.42457999964937,29.71858000052879],[53.42500999954058,29.71851000077478],[53.42538999983392,29.71842000032331],[53.42570999959819,29.71827000044065],[53.42609999951184,29.71827000068306],[53.42672000002504,29.71823000085398],[53.42704999960748,29.71824000038514],[53.42742999963293,29.71822000047363],[53.42768000009146,29.71813000031261],[53.42798999987435,29.71802000105357],[53.42826000001943,29.71780000059684],[53.42856999987298,29.71765000070041],[53.42867999947524,29.71766000036341],[53.42880000021704,29.71783000041859],[53.42901000030827,29.71794000063349],[53.42915999966068,29.71810000033129],[53.42926999935418,29.7181500006037],[53.42939999984471,29.71816000051632],[53.42954999978181,29.71812000043728],[53.42966000027393,29.71809000083163],[53.42970999959052,29.717990000573],[53.42969999954074,29.71780000048441],[53.42967999975605,29.71754000093858],[53.42973999943235,29.71733000093317],[53.42975999965751,29.71717000087807],[53.42976000021167,29.71681000068969],[53.4295599997164,29.71654000022791],[53.42936000011709,29.71640000059396],[53.42918000030924,29.71629000037948],[53.42910999949977,29.71615000085046],[53.42918000031288,29.71595000019994],[53.42935000011069,29.71576000096274],[53.42963999959322,29.71561000063097],[53.42987999998164,29.71555000040012],[53.43032999960433,29.71529000039798],[53.43065000017761,29.71525000100013],[53.43088999952663,29.71528000083552],[53.43134000021776,29.71511000022728],[53.43174999988308,29.71485000069297],[53.43211999977225,29.71455000059433],[53.43233999958942,29.71432000059832],[53.43128999974498,29.71359000066129],[53.43067000022302,29.7132000007921],[53.42998999935753,29.71309000064566],[53.42979999940153,29.71276000110688],[53.42962000007649,29.71245000088376],[53.42934999982882,29.71200000078134],[53.42887999950714,29.71166000034533],[53.42840999942312,29.71146000084073],[53.42774999990411,29.71082000081523],[53.42708999947638,29.71019000036818],[53.42670999979947,29.70947000069507],[53.42662999982099,29.70838000088873],[53.42689999948858,29.70766000087476],[53.42760000018386,29.70705000082052],[53.42856999963038,29.70649000048083],[53.42921999990372,29.70618000086262],[53.42969999955743,29.70651000030057],[53.43023999942041,29.70709000064971],[53.43063000019547,29.70737000086123],[53.43094999954069,29.70738000064472],[53.43116999949837,29.70729000104652],[53.43129999975935,29.70708000099055],[53.4311799995989,29.70678000047949],[53.43107000021958,29.7063700008186],[53.43111999987465,29.70507000059636],[53.43111999948175,29.70465000058223],[53.43119999981938,29.70424000028393],[53.43121999972778,29.70399000070469],[53.43118999944677,29.7037000008964],[53.43116000032902,29.70359000043531],[53.43112999982808,29.70346000075766],[53.43113999937897,29.70329000044312],[53.43109000018585,29.70304000099702],[53.43102999966542,29.70277000103313],[53.43103999943234,29.70235000035192],[53.43093999990587,29.70190000024943],[53.43097000025569,29.70153000106929],[53.43108999986735,29.70113000100056],[53.43116000026983,29.70085000073118],[53.43160999949476,29.70046000080422],[53.43200000035383,29.70019000021059],[53.43262000008796,29.70066000054749],[53.43329000023139,29.70120000053909],[53.4340699997197,29.70151000029792],[53.4345400001121,29.70180000024201],[53.43491999995083,29.70231000071898],[53.43486999993802,29.70297000023922],[53.43534000011848,29.70358000036578],[53.43558999964954,29.70417000091687],[53.4363499999675,29.70447000073029],[53.43704999946526,29.70439000035812],[53.43748999967852,29.70424000085214],[53.43805999950703,29.70421000101412],[53.43846000014661,29.70435000056187],[53.43865000002864,29.70518000104776],[53.43791000001723,29.70614000052927],[53.43773999979044,29.70680000027614],[53.43834999937184,29.70756000031603],[53.43912999981072,29.70798000071272],[53.44000999989215,29.70779000078648],[53.44086000011759,29.70734000106663],[53.44123000035932,29.70718000104065],[53.44145000023306,29.70705000083223],[53.4417299993967,29.70695000079633],[53.44195999977269,29.70686000030148],[53.44231999972173,29.70669000096105],[53.44281999970737,29.70651000089921],[53.44327000003684,29.70629000088988],[53.44365999983748,29.70607000032215],[53.44437000037527,29.70576000108876],[53.44467999988612,29.70556000106592],[53.44544999991134,29.70517000026794],[53.44580999986839,29.70484000071481],[53.44619999939984,29.70463000071689],[53.44669999937972,29.70420000040496],[53.44762999968128,29.70366000087687],[53.44781999950805,29.70336000089327],[53.44744999991379,29.702860001044],[53.4461700000839,29.70172000067114],[53.44538999990565,29.70098000060641],[53.44484999971035,29.70028000048586],[53.44387999994168,29.69932000071534],[53.44307000018036,29.69820000050622],[53.44213000003111,29.69734000032085],[53.44115000013988,29.696910000774],[53.43999000005391,29.69664000041032],[53.43875999977408,29.69639000098137],[53.43699999972665,29.69581000068565],[53.43501999980751,29.69524000083601],[53.43315999991401,29.69450000057596],[53.43252999945211,29.69277000050783],[53.43178999946446,29.69124000024092],[53.43051999967255,29.69000000051519],[53.43006999952917,29.68982000102914],[53.42914000015713,29.69040000049769],[53.42840999957332,29.69123000087658],[53.42817999984629,29.69145000034527],[53.42785999953883,29.69265000092629],[53.42762999976257,29.69312000053842],[53.42741999974736,29.69349000023826],[53.42733000011344,29.69418000095455],[53.42687999953123,29.69488000036869],[53.42644000006938,29.69567000045163],[53.4260499997381,29.69725000109989],[53.42575000011699,29.69816000024356],[53.42507999964005,29.6988400009825],[53.42472999947709,29.69919000034237],[53.42461999966996,29.69975000072014],[53.4243699995264,29.70003000045046],[53.42402999947308,29.70017000104936],[53.42363000022875,29.70017000099375],[53.42319999949211,29.70025000034949],[53.42273999962272,29.70047000033491],[53.42235999981447,29.70038000072664],[53.42196000020846,29.69995000058963],[53.42163999999943,29.69963000048669],[53.4213600002413,29.69931000037154],[53.4212899999719,29.6989200004621],[53.4211100002963,29.69851000040304],[53.4209099994092,29.69814000089078],[53.42047000032794,29.69766000071144],[53.42014000028288,29.69724000038814],[53.41980000026538,29.69706000069339],[53.41938999983856,29.69685000029385],[53.41883999939225,29.69672000100967],[53.4183899994235,29.69691000062339],[53.41718999938718,29.69669000088274],[53.41588999969884,29.69631000049661],[53.41542000012223,29.69619000046413],[53.41314000025483,29.69557000102027],[53.41146999964909,29.6942500007885],[53.41006000032372,29.69338000030481],[53.40880000020514,29.69245000072042],[53.4087099995086,29.69174000034208],[53.40960999945325,29.69093000050227],[53.41013000002007,29.68941000040097],[53.41007999940032,29.68863000103859],[53.41055999984543,29.68790000037571],[53.41081000012881,29.68731000067871],[53.41091999943362,29.68654000103788],[53.41080000028739,29.6846500007798],[53.41134999983582,29.68326000065185],[53.41137000024584,29.68277000040048],[53.40887999965153,29.68139000033437],[53.40630999994502,29.68036000033277],[53.40544999974618,29.68022000044836],[53.40451999960297,29.68009000085111],[53.40344999972603,29.68035000069697],[53.40276000031268,29.6807400004544],[53.40159999934137,29.6818700005601],[53.39889100073039,29.68386702836445],[53.3988151164713,29.68393292831277],[53.39865803630154,29.68404410941339],[53.39581000014083,29.68637000030127],[53.39113000058556,29.68925000052151],[53.38779283448063,29.68994068846637],[53.38669106364829,29.69016870025145],[53.38596484962302,29.69031898478596],[53.38553181102135,29.6904125972046],[53.38512655538138,29.69048550878716],[53.38124000052736,29.69124000094946],[53.38040000051966,29.69049000036782],[53.37238838391289,29.69228210077895],[53.36963065614722,29.69196206142378],[53.36352851050557,29.69250402221167],[53.35952584162408,29.6930797389391],[53.35739577298984,29.69347345573502],[53.35203000045491,29.69430000101583],[53.32863063903475,29.68985988761937],[53.32419394277811,29.68871505174118],[53.31637965790401,29.68357648322116],[53.31408767582543,29.68063429714612],[53.31024418107055,29.67378627796608],[53.3070168586466,29.66627906045107],[53.30410929220352,29.65777209042005],[53.30360092845108,29.65193978475082],[53.30407268724841,29.64584561821821],[53.30536406908876,29.64301239696022],[53.31100046882619,29.63262814999609],[53.31375772426068,29.62944769358547],[53.32555615627412,29.62750933484485],[53.33393000020087,29.62653000030971],[53.34206477566372,29.62503477305757],[53.34617000004147,29.62428000023758],[53.34848188350593,29.62289287767117],[53.34891999948242,29.62263000053084],[53.3481699994411,29.62161000096333],[53.34631999953393,29.62040000039297],[53.34318999990941,29.61821000085808],[53.34113999939087,29.61623000050995],[53.34041999996914,29.61479000104687],[53.33970000010252,29.61262000057605],[53.3399699994787,29.6110700010603],[53.34267999971262,29.61154000059943],[53.34646999995367,29.61151000048723],[53.34837999960877,29.61129000097653],[53.34829999954813,29.60897000050176],[53.34860000029138,29.60712000031894],[53.35028000023403,29.60723000056668],[53.35993000019839,29.60775000046744],[53.36005999967891,29.60516000052477],[53.36295999957405,29.60537000042483],[53.36365999933205,29.60215000047273],[53.3645900001096,29.6003300006824],[53.36607999944076,29.59844000028433],[53.36659999984242,29.59719000064038],[53.36623999975981,29.59436000107842],[53.36568000030893,29.59423000043638],[53.3655200001087,29.5930600009892],[53.36629000020385,29.58925000062714],[53.36924999981071,29.58980000021822],[53.37115999979923,29.58788000083462],[53.3720199994057,29.58710000043289],[53.37287999945156,29.58583000031536],[53.3740299994245,29.58559000025795],[53.37444999946219,29.58509000030456],[53.37441999963119,29.58324000093063],[53.37711000000598,29.5823000009138],[53.37622000008975,29.58107000064648],[53.38105999936459,29.57727000020953],[53.38066000031042,29.57674000070302],[53.38135000019419,29.57631000056498],[53.38243999972864,29.5762400002159],[53.38286999947162,29.57582000094452],[53.38368999966507,29.57599000048555],[53.38526000036369,29.57687000058274],[53.38657999976157,29.57701000050671],[53.38925000026396,29.57559000032999],[53.39210000018859,29.57353000067245],[53.39454999972571,29.57333000107721],[53.3949000001563,29.573980000752],[53.3956100002349,29.57563000061668],[53.39689999936857,29.57784000047247],[53.39881000033246,29.57740000027491],[53.40127999935927,29.57706000046999],[53.40232000035287,29.57675000086808],[53.40270999942592,29.57602000043972],[53.40394999987589,29.57684000093921],[53.40559999944765,29.57694000068117],[53.40640999972806,29.57643000026249],[53.40849999964349,29.57619000076547],[53.40920999995611,29.57603000026722],[53.41058000003841,29.57570000063053],[53.41242000006235,29.57563000093055],[53.41304999942683,29.57538000053026],[53.41200999992637,29.57343000061965],[53.41218000022429,29.57164000063436],[53.4126699994998,29.57047000070113],[53.41365999958968,29.57021000109255],[53.41462999993762,29.56975000037928],[53.41564000021144,29.56903000067562],[53.41681000002171,29.56803000084959],[53.41787000000514,29.5656200002615],[53.41849000030675,29.56524000028789],[53.41858999960115,29.56363000096675],[53.41882999959592,29.56349000030183],[53.42009999979248,29.5626900009951],[53.42176000011464,29.56157000037429],[53.4228300000477,29.56019000035317],[53.42300999983006,29.56001000032692],[53.42316999976602,29.55987000086319],[53.42359000010822,29.55927000023559],[53.42486999946898,29.55846000055045],[53.42535999987157,29.55796000089125],[53.4255099997221,29.55789000069776],[53.42616000005114,29.5573600003491],[53.42633999933491,29.55701000021518],[53.42651999954053,29.55641000086979],[53.42688999976058,29.55512000086307],[53.42733000026983,29.55329000043637],[53.4278900002675,29.55153000091421],[53.42846999945677,29.55093000101575],[53.4292100001685,29.55043000088741],[53.42973000031377,29.5501400006364],[53.43005000001762,29.5501600010198],[53.43037999966965,29.55026000099456],[53.43118999960588,29.55059000099932],[53.43160999952126,29.55080000043844],[53.43213999967993,29.55101000081761],[53.43233000019681,29.55106000077753],[53.43242999971761,29.55096000044052],[53.43242000006326,29.55071000099518],[53.43240000028472,29.55060000059924],[53.43242000004556,29.55042000048682],[53.43247999959359,29.55023000034264],[53.43269000015508,29.55014000072712],[53.43276999988725,29.54998000061777],[53.43245999974825,29.54932000055902],[53.43243000037115,29.54923000069086],[53.43259999939933,29.54882000066242],[53.43261000025443,29.54839000100067],[53.43267000015437,29.54786000029331],[53.43275000017847,29.54709000053803],[53.43288999973652,29.54622000044176],[53.43312999966026,29.54493000035663],[53.43382000014346,29.54402000057481],[53.43473000034523,29.54316000044673],[53.43533000037461,29.54288000074338],[53.43535999949886,29.54266000084988],[53.43551999979839,29.54129000093529],[53.43513999958117,29.53984000092787],[53.4344000000382,29.5386900004559],[53.43393999970962,29.53777000021963],[53.43270999960165,29.5372500010752],[53.43179000014766,29.53656000020436],[53.43108999965933,29.53630000072707],[53.43021999940497,29.53593000021495],[53.430090000195,29.53538000026986],[53.42882999991396,29.53497000038541],[53.42716000017911,29.53409000051357],[53.42596999967955,29.53374000035123],[53.42528999955093,29.53300000052896],[53.42460999937018,29.53207000047304],[53.42404999936378,29.53150000079283],[53.4245800001586,29.52965000056386],[53.42500999941164,29.52855000083702],[53.42532999964072,29.52728000068],[53.42656999958179,29.52594000037865],[53.42708000015153,29.52377000093562],[53.42797000028265,29.52255000023232],[53.42935999965973,29.52130000093575],[53.42681000017043,29.51726000042667],[53.43276999949238,29.51579000077135],[53.43373999956323,29.51565000082085],[53.43422000005361,29.51531000086105],[53.42940000037807,29.51089000077088],[53.42869999990224,29.51013000107204],[53.42704999965829,29.51001000101281],[53.4262199998904,29.50973000067438],[53.42546999992137,29.508640000873],[53.42547999964312,29.50832000088882],[53.42489999995212,29.50789000070929],[53.42493999962974,29.50728000071172],[53.42593000027107,29.50670000041164],[53.42807999962109,29.50500000063672],[53.43001999962078,29.50330000096992],[53.4308599994256,29.5020900006925],[53.43260999988575,29.50128000054083],[53.43290000011319,29.50100000039389],[53.4327799998027,29.49999000066082],[53.43278094090756,29.49998800060487],[53.43293999973719,29.49965000076955],[53.43438999960442,29.49853000095887],[53.43550999984934,29.49782000072663],[53.43614999943077,29.49735000065537],[53.44060999955477,29.49480000027293],[53.44519000035736,29.49281000083381],[53.44983999999421,29.49079000033569],[53.4547399996121,29.48990000080479],[53.4587100001344,29.48909000066713],[53.4715199997752,29.48459000073489],[53.47760999986125,29.4813100006497],[53.48327999993889,29.48050000056108],[53.4936299995222,29.47572000059265],[53.49521000029564,29.47420000096479],[53.49699000006608,29.47269000065251],[53.49832000001026,29.47167000050663],[53.50000000004086,29.47080000023875],[53.50521000007317,29.47085000023811],[53.51085999985433,29.47189000096359],[53.5215399997753,29.47484000048532],[53.525139999914,29.47578000071193],[53.53061999946626,29.47634000027499],[53.53359000009279,29.47675000022621],[53.53612999970861,29.47734000060482],[53.53784999949031,29.47743000064487],[53.54030999968538,29.47664000058077],[53.54313000031767,29.47566000079478],[53.54535000011674,29.47872000089903],[53.54838999997796,29.48149000103887],[53.55066000030801,29.48295000047643],[53.55207999943445,29.4837000002596],[53.55558999996268,29.48617000068078],[53.56078000001459,29.48877000101943],[53.56361999966137,29.48998000076523],[53.57058000027908,29.49019000060819],[53.57831999947221,29.4893200009517],[53.58286000007059,29.48844000059188],[53.58513999961458,29.48753000096622],[53.58917000013177,29.48480000066882],[53.59104000031309,29.48364000054058],[53.59786999978751,29.47969000033656],[53.60207000000754,29.47698000025494],[53.60349000024552,29.47554000071705],[53.60449000032174,29.47338000058435],[53.60506999973193,29.4727800005678],[53.60918000027919,29.47241000044888],[53.61094000014328,29.47190000021319],[53.61574999948937,29.47050000045332],[53.61864999952768,29.46754000045136],[53.6199599996163,29.46541000028942],[53.62129999959477,29.46267000062253],[53.62195999965675,29.46073000066884],[53.62263000023933,29.45734000041704],[53.62371999969753,29.45445000043558],[53.62445000037205,29.45413000043207],[53.62537999972664,29.45354000060422],[53.62596000019384,29.45318000099796],[53.62675999994806,29.45273000038312],[53.62729000010436,29.45230000077677],[53.62760000010346,29.45201000062742],[53.62869000040894,29.45156000107974],[53.62956000043029,29.45113000064914],[53.63017000043139,29.45074000052634],[53.63114000003882,29.44995000047837],[53.63185000021841,29.44937000046893],[53.6323399999262,29.44902000054076],[53.6330599997122,29.44880000050222],[53.63385999989667,29.44864000079137],[53.63524999985557,29.44807000043004],[53.63646999984702,29.44745000085729],[53.63768000038194,29.44672000029185],[53.63820999959307,29.44634000068676],[53.63892999994916,29.44594000071705],[53.63909999945491,29.44583000094876],[53.63931999977137,29.44561000055646],[53.64147999947085,29.44461000048013],[53.64192000005821,29.4443200009573],[53.64251999992911,29.44368000019911],[53.64299999942583,29.44326000061522],[53.64351000001049,29.44270000080945],[53.64459999983222,29.44117000100541],[53.6453800000069,29.44032000099145],[53.64648999993261,29.43928000020223],[53.64735999950318,29.43841000041073],[53.64878000036982,29.43678000025471],[53.65236000002798,29.43292000039874],[53.65473999987336,29.43122000060173],[53.65606999966428,29.42988000104158],[53.65712999984358,29.42882000088291],[53.65862999975715,29.42770000091685],[53.6602100002421,29.42658000027886],[53.66206999950094,29.42562000072322],[53.66386000033125,29.42475000095979],[53.66649999971407,29.42370000059652],[53.66796999944678,29.4231900002762],[53.67044999953685,29.42206000105003],[53.67345000027319,29.42047000046699],[53.67460999993795,29.41952000088989],[53.67608999986228,29.41854000021014],[53.67734000006362,29.41752000065026],[53.67889999989213,29.4157800002839],[53.68005000005525,29.41472000019307],[53.6830099996808,29.41230000103842],[53.68576999969323,29.40957000040808],[53.68674999946823,29.40829000074661],[53.68797999950112,29.40614000042493],[53.68869000015936,29.40444000098446],[53.68927999982319,29.40245000077292],[53.68969000028436,29.40127000088284],[53.69046000037982,29.40010000020146],[53.69204999995767,29.39934000019319],[53.69395999965964,29.39833000092297],[53.69598000039971,29.39711000092127],[53.69784000030936,29.39607000104706],[53.69997000026137,29.39521000100904],[53.70087999970683,29.3948400005146],[53.70239999993889,29.39394000102421],[53.70432999947474,29.39268000082711],[53.70625000018333,29.39120000026366],[53.70743999969084,29.3903100008871],[53.70836999954082,29.38976000059576],[53.7097099995295,29.38945000043032],[53.71104000017155,29.3888200006635],[53.71203000045292,29.38856000096193],[53.71411999946419,29.38752000079464],[53.71669000039153,29.38600000040389],[53.71944000012235,29.38414000035145],[53.72048999978344,29.38373000067119],[53.7217900002031,29.38287000029316],[53.72335999994105,29.38192000048669],[53.72462999999718,29.38096000038591],[53.72574999969947,29.3797400003158],[53.72655999968327,29.37887000047056],[53.72739000028508,29.37787000018288],[53.72833999996018,29.37613000034643],[53.72880999947755,29.37501000081442],[53.72938999977726,29.37328000038474],[53.72979999963752,29.37052000046001],[53.7299800002022,29.36956000041978],[53.73041999994912,29.36879000072206],[53.7312200000248,29.36795000054765],[53.73294000005145,29.36633000084516],[53.73490000001846,29.36463000025974],[53.73590000022817,29.36352000044729],[53.73780999946811,29.36185000041723],[53.74187999961084,29.35742000101574],[53.74354999998488,29.35539000066202],[53.7445599996814,29.35416000084232],[53.74603999977234,29.35378000077403],[53.74926999989172,29.35313000037592],[53.75133000031961,29.35250000101415],[53.75253000013362,29.35204000053912],[53.7537499995512,29.35137000040146],[53.75578000006341,29.3499100003156],[53.75731999984765,29.34861000103144],[53.75844999950046,29.34757000106502],[53.75948000046528,29.34661000047273],[53.76045000014587,29.34519000053445],[53.76082000020509,29.34403000050889],[53.76098000031195,29.34324000088647],[53.76158999977617,29.3430100007183],[53.76238000029956,29.34304000080769],[53.76326999996132,29.34310000089055],[53.76493999993301,29.34302000027118],[53.76813999995879,29.34231000106854],[53.77030000024237,29.34148000102104],[53.77213000007541,29.34053000082887],[53.77454000045762,29.33959000037749],[53.77744000015491,29.33851000043079],[53.77954999985944,29.33767000026695],[53.78122000022748,29.33650000047915],[53.78292000014385,29.33489000102827],[53.78417000004546,29.33364000092553],[53.78517999982207,29.33279000084038],[53.78691000006378,29.33170000080302],[53.78942999980272,29.331120000608],[53.79088999968732,29.33054000031106],[53.79164999968292,29.33022000036699],[53.7927399999753,29.3296300004748],[53.79324000035838,29.32849000039734],[53.79341999971781,29.32768000060144],[53.79403999961057,29.32629000027637],[53.7950099997944,29.32580000096876],[53.79659999964392,29.32497000019005],[53.79912999949913,29.32390000028841],[53.80038000049434,29.32369000038684],[53.80223000009012,29.32301000063283],[53.80430999955787,29.32184000029642],[53.80556999965521,29.32053000108395],[53.80581999981931,29.31970000071281],[53.80591999996618,29.31868000081871],[53.80592000025909,29.3177400005794],[53.80614999955018,29.31717000053339],[53.80631999953812,29.31642000077191],[53.80659999994897,29.31613000023061],[53.80783000038552,29.31591000021937],[53.81023000037962,29.31534000078015],[53.81115999957421,29.31498000103607],[53.81202999968469,29.31426000032847],[53.8129999999387,29.31314000088852],[53.81442999964905,29.31210000066687],[53.81541999984384,29.31120000031109],[53.81608000031471,29.31076000043385],[53.81739000030495,29.31028000043416],[53.8184699996148,29.31003000038991],[53.81923999995684,29.30934000035171],[53.82004000043985,29.30875000091306],[53.82132746555005,29.30822323150801],[53.82374999315088,29.3069322698059],[53.82660885238613,29.30540302482737],[53.83632686949977,29.30000960487813],[53.84122283481997,29.29703979144934],[53.84790063880473,29.29346361756346],[53.84842360584532,29.29331051217986],[53.8495711581584,29.29340756593935],[53.85071693627665,29.29374562632653],[53.85193231045717,29.29478566876279],[53.85985560919185,29.30355597052851],[53.8624731181563,29.30647839730696],[53.86338086511115,29.30785130486376],[53.86602502200974,29.30659222874958],[53.86748621951705,29.30609956531044],[53.8697645199323,29.30434718986781],[53.87139232361009,29.30309509224613],[53.87340247104883,29.30177995480759],[53.878208629449,29.29903692812621],[53.88612539238191,29.29659065009485],[53.89314653836703,29.2970375213301],[53.90190198023479,29.29759424836505],[53.90953875792513,29.30018353099394],[53.91310233493998,29.2999525545224],[53.92200202174601,29.29904954005336],[53.92693978585963,29.2981456229139],[53.9286820950067,29.29745721644653],[53.93741454155833,29.29570531475526],[53.93831955385803,29.29512820488697],[53.94111843163483,29.29284532915094],[53.94518506377455,29.28793261275167],[53.94889120085126,29.28340106210172],[53.94953597894641,29.28147312388044],[53.95053933043823,29.27790431960425],[53.95076792595577,29.27674258620746],[53.95526143029294,29.2712973879785],[53.96002310750873,29.26552647170807],[53.96358333376355,29.2646197356595],[53.96612382187964,29.26252398537935],[53.97588164261661,29.25764102140138],[53.97713000035723,29.26032000098187],[53.98328000076287,29.25730000049128],[53.9881226078949,29.25591357041107],[53.98816000050483,29.25589000017132],[53.98866999994751,29.25575000082536],[53.98917999987886,29.25562000093448],[53.98959000047375,29.25551000060911],[53.98979000040364,29.25551000028956],[53.99002999972057,29.25552000033122],[53.99027000009828,29.2555300008161],[53.99048000026675,29.25555000105003],[53.99135999992037,29.25557000031706],[53.99303999979873,29.2556200003549],[53.99362999978283,29.25561000096711],[53.99424999984698,29.25558000024223],[53.99487999999268,29.25556000103879],[53.99563000043948,29.25552000082139],[53.99612999987738,29.25552000068247],[53.99718999997994,29.25548000054071],[53.99955999969009,29.25533000069446],[54.00494000022885,29.25506000087968],[54.00553000015496,29.25504000090907],[54.00939000062999,29.25437000048808],[54.00996999999952,29.2540900005909],[54.01002000059365,29.25406000018904],[54.01015000004504,29.25403000080194],[54.01059000013043,29.25395000086893],[54.01080999986705,29.25391000037648],[54.01083000060733,29.25389000070907],[54.01096000056452,29.25382000095007],[54.01121999997274,29.2537000008809],[54.01189000033228,29.25350000065622],[54.01252000025678,29.25326000054928],[54.01330999982008,29.25314000091149],[54.01403000065848,29.25297000064689],[54.01517000022434,29.25280000039344],[54.01572000033238,29.25270000036482],[54.01750000022255,29.25230000091267],[54.01804999992753,29.25220000052664],[54.0186399997143,29.25204000033395],[54.01951000058291,29.25194000092258],[54.02006999985946,29.25189000057024],[54.02178000053819,29.25176000099476],[54.02215000015823,29.25172000078983],[54.02273000019895,29.25164000046375],[54.02347000037472,29.25145000053837],[54.02405000070902,29.25133000064204],[54.02436000038347,29.25129000074964],[54.02550000013437,29.2509900003143],[54.02571999984689,29.2509300004666],[54.02656999989627,29.25074000040356],[54.02699000022391,29.25053000029963],[54.02698000035666,29.24983000018919],[54.02694000062353,29.24966000087191],[54.02690000007957,29.24945000044551],[54.02691000041466,29.24903000033201],[54.02683000049704,29.248590000599],[54.02670000024591,29.24835000099079],[54.02662999986416,29.24804000087966],[54.02670000046432,29.24784000029067],[54.02689000057715,29.2478700010146],[54.02722000041394,29.24816000103074],[54.02742000052358,29.24827000022711],[54.02766000025279,29.24818000069874],[54.02799000033772,29.24800000025661],[54.02905000040649,29.24798000034802],[54.02958000017895,29.24779000103796],[54.03015000001053,29.24771000082006],[54.03148000027223,29.24728000036926],[54.03194000011597,29.24722000095339],[54.03245999998992,29.24713000093656],[54.03411000059095,29.24660000031176],[54.03605000032859,29.2457600007155],[54.03728000054138,29.24544000020733],[54.03848000002698,29.24512000092736],[54.04017999986345,29.24470000100013],[54.04488999976463,29.24336000058239],[54.04627000025635,29.24319000054913],[54.05113000032457,29.2432500008907],[54.05292000028304,29.24302000048105],[54.05579999976246,29.24270000038831],[54.05758999972507,29.2423300003424],[54.05919000013838,29.24193000075629],[54.06025999975655,29.24154000032991],[54.06155999997322,29.24132000040526],[54.06292999998146,29.24114000085705],[54.06588999998051,29.2404000004283],[54.06611999997532,29.24032000042714],[54.06683999973111,29.24009000047331],[54.06777000037206,29.23979000055503],[54.0689100005978,29.23933000025479],[54.06918999977966,29.23918000058842],[54.06969000025546,29.23900000091446],[54.07003999995265,29.2388000007828],[54.07110000058096,29.23854000051944],[54.07382999999749,29.23797000105002],[54.07550000035336,29.23771000061701],[54.07824000025439,29.23719000050352],[54.07955000047712,29.23674000068061],[54.08237000022204,29.23584000066215],[54.0851900001067,29.2347400009282],[54.08596000035854,29.23442000071987],[54.08760999980674,29.2336100001844],[54.09013000018329,29.23223000075647],[54.09131000072561,29.23171000028367],[54.09307000045489,29.23102000034655],[54.09502000025125,29.23032000079437],[54.09544000032051,29.23019000090287],[54.09572000063091,29.23007000069792],[54.09734000070519,29.22950000058722],[54.09970000075683,29.22846000030468],[54.10110000016589,29.22785000100729],[54.10142999988911,29.2275600009573],[54.10174000010282,29.22735000024899],[54.10260000065276,29.22670000053832],[54.10395999998998,29.22623000061714],[54.10535000011723,29.2257800008448],[54.10605000067997,29.22556000033575],[54.10735999997899,29.22508000018421],[54.10891999998029,29.22442000040629],[54.11045000024836,29.22371000024081],[54.11093000029923,29.22357000050873],[54.1112199999674,29.22343000029754],[54.11155000066459,29.22336000089041],[54.11181000053524,29.22342000027147],[54.11233000041544,29.22352000039793],[54.11272000025103,29.2236300002915],[54.11309999991482,29.22373000027045],[54.11446999977777,29.22378000052022],[54.11495000003693,29.22346000061303],[54.11521000008788,29.22327000100909],[54.12197000011321,29.22543000059139],[54.1273900001414,29.2260900005157],[54.13362999994437,29.22625000034123],[54.13549000056408,29.22630000053251],[54.14412000036501,29.22886000041986],[54.1497500000632,29.23009000089889],[54.15227000012455,29.23064000033655],[54.15257000016089,29.23057000033791],[54.1602500006337,29.22869000053844],[54.16259000018236,29.22812000065851],[54.16478000008191,29.22758000042763],[54.16515000044794,29.22753000087555],[54.166310000346,29.22737000054734],[54.16831000030129,29.22709000082471],[54.17078000081307,29.2267500007961],[54.17359000083596,29.22636000076352],[54.17436000006947,29.22625000070402],[54.1770000000576,29.22891000082857],[54.1831300004846,29.23039000054967],[54.18251000080085,29.23591000051723],[54.18254000032987,29.23791000067991],[54.18205000016749,29.2400100005106],[54.18201000051715,29.24400000039273],[54.18227000034355,29.24789000042093],[54.18453000000255,29.25138000064301],[54.18491000081541,29.26096000093319],[54.18461000083239,29.26508000087214],[54.18624000073644,29.27064000071249],[54.18560000060738,29.27355000098337],[54.18424000077769,29.27792000017129],[54.18459000010206,29.28180000093696],[54.18480000024358,29.28414000104014],[54.1847300003752,29.28565000080714],[54.18557000006808,29.28910000041637],[54.18547000042447,29.29253000087668],[54.18394000056639,29.29502000023717],[54.18355000059817,29.29521000035595],[54.1685300005901,29.30626000055888],[54.16459000027873,29.30917000046044],[54.16414000044226,29.30964000098528],[54.15809000034285,29.31602000070397],[54.15598000034991,29.31826000035443],[54.15373000040064,29.32063000022009],[54.1530099999184,29.32137000053223],[54.1524399998752,29.3230100006603],[54.14887000006495,29.33270000075428],[54.14912000029326,29.33762000022003],[54.14913999992365,29.33815000064816],[54.14813000069685,29.3384300005019],[54.14507000072324,29.33930000024763],[54.14336000080495,29.33998000019309],[54.14316000005392,29.34007000083335],[54.14303000084652,29.34013000064749],[54.14184999988465,29.34073000075731],[54.13427000078177,29.34554000067342],[54.13186000057705,29.34705000037842],[54.12765999992771,29.34977000055274],[54.12679000019472,29.35064000025177],[54.12524000042507,29.35237000045366],[54.12326000073309,29.35478000076674],[54.12166000037563,29.35876000018295],[54.12160000028948,29.35894000043922],[54.12149000012601,29.35922000087968],[54.12077000013426,29.36116000050612],[54.11906000072319,29.36508000073691],[54.118849999807,29.36573000061031],[54.11861000061684,29.3662300006692],[54.11820999985109,29.36706000045846],[54.11741000020111,29.36907000035298],[54.11723000023327,29.36983000019957],[54.1167799998427,29.37160000066293],[54.1164500005845,29.37296000088039],[54.11599999993198,29.37467000036599],[54.11577000057053,29.37570000055279],[54.11547000047214,29.37721000099733],[54.11538000063325,29.37873000025357],[54.11545999980054,29.3800500003317],[54.11551000054915,29.38055000016977],[54.11556000002119,29.38132000092007],[54.11571000060567,29.38298000037037],[54.11576000079266,29.38403000033843],[54.11575000052297,29.38450000087613],[54.11574000049988,29.3846100005886],[54.11573000065817,29.38510000048606],[54.11473999983719,29.38989000099594],[54.11454000062587,29.39077000072392],[54.11364583908212,29.39493681262253],[54.11356289458845,29.39543244096582],[54.11335315554919,29.39639869992018],[54.11331756411789,29.396560011471],[54.11300895201305,29.39790374791338],[54.11269875703195,29.39953319940814],[54.11193247876034,29.40434100207396],[54.11265188650508,29.40675449055379],[54.11280486621532,29.40726769423495],[54.11032277402995,29.41516651878521],[54.10959425648689,29.41930954727941],[54.10552552482911,29.42980383130108],[54.10427297690043,29.43339058911756],[54.10382848656855,29.43474921633773],[54.09877028362658,29.4427692650641],[54.09075889732183,29.44008482509351],[54.0850559718421,29.44045914508512],[54.07836177547654,29.44092146814272],[54.07291591715732,29.44134189796439],[54.06979302947147,29.44281169082561],[54.06539059680662,29.44488351260184],[54.06060128282775,29.45030146706974],[54.05622032550503,29.45175072962505],[54.05015588043254,29.45375660672457],[54.0438596604687,29.45387631158256],[54.03959477598315,29.4517523347147],[54.03774075386566,29.45082893077599],[54.03521581121111,29.44844270507756],[54.03237062384324,29.44814869478095],[54.0306897866557,29.4480037969738],[54.02926000050735,29.44842000095445],[54.02756000065867,29.45074000073227],[54.02491999997866,29.45169000026972],[54.02188000038291,29.45438000101393],[54.01677000027824,29.45491000075581],[54.01358000062964,29.45475000083624],[54.01082000054544,29.45468000096608],[54.0096499997349,29.45440000045046],[54.00725000040042,29.45427000100078],[54.00734000021802,29.45327000035134],[54.00644000045496,29.45258000098849],[54.00539000023257,29.45196000038399],[54.00429000018991,29.44965000055083],[54.00296000051787,29.4486600009163],[54.00229999976173,29.44740000070664],[53.99998999995159,29.44631000061142],[53.99876000003009,29.44676000062283],[53.99761000027328,29.44635000049643],[53.99465999999354,29.44750000080882],[53.99429000003797,29.4453800008385],[53.99283000010885,29.444020000606],[53.99217000032541,29.44191000041481],[53.99180000049041,29.44033000065449],[53.99156000043887,29.43829000084856],[53.99258000037833,29.43547000072046],[53.98919000026543,29.43642000050511],[53.98705000058848,29.43825000022198],[53.98505000023626,29.43711000047549],[53.9846200003301,29.43587000055959],[53.9830300003389,29.43291000097931],[53.97831999986545,29.4282300005628],[53.97437000061579,29.42588000048152],[53.96619000030432,29.42189000041611],[53.96484000046548,29.42218000037165],[53.9609400005274,29.42248000017296],[53.95811999998678,29.421250000626],[53.95384000060555,29.41956000040672],[53.95114000036187,29.41883000078249],[53.94969999977984,29.41748000080672],[53.94955999995841,29.4151400002453],[53.94813000012117,29.41117000057637],[53.9489400004913,29.40973000047277],[53.9492500001847,29.4076400005947],[53.94920999971223,29.40287000083828],[53.95040000000375,29.39549000068532],[53.94999000021208,29.39038000092293],[53.95233999996827,29.38651000078007],[53.95148000031587,29.38444000052306],[53.94808000059964,29.38347000093373],[53.9442100002157,29.3832000009693],[53.9386499999632,29.38027000095007],[53.93225000017924,29.37938000074723],[53.93302000032525,29.37239000089998],[53.93160000056812,29.37055000071548],[53.93633000002089,29.35921000051702],[53.94661000061887,29.34625000091467],[53.94783000005442,29.34030000035708],[53.95247000056385,29.3404900008593],[53.95431000027014,29.33837000092041],[53.95702000019054,29.33522000074343],[53.95658000057902,29.33384000044645],[53.95499999976289,29.33216000021715],[53.95685000056898,29.32948000067353],[53.96077000012028,29.32765000106595],[53.9634799996461,29.32835000051714],[53.96482000066386,29.32321000103693],[53.96833000066128,29.32087000082042],[53.97873000018031,29.3138400004603],[53.97959999999862,29.31243000040745],[53.987629999657,29.30842000067239],[53.98664999974939,29.30566000101248],[53.97919999992596,29.31008000061438],[53.9674300004922,29.31256000053464],[53.95579000034756,29.31997000041732],[53.95305999986908,29.32869000031],[53.93619000039811,29.32738000022303],[53.92897999965118,29.32652000024657],[53.92708999994687,29.32809000023443],[53.92393000058718,29.3314200007272],[53.92449999964851,29.33274000101817],[53.92613999963687,29.33577000069822],[53.92517000026647,29.33921000036376],[53.92681000050016,29.34580000102511],[53.92466999991099,29.35248000046931],[53.92642000052687,29.35908000068005],[53.92731999973905,29.36332000021754],[53.9253499996912,29.36915000096077],[53.91995999985976,29.37342000063525],[53.91866000026727,29.37985000072911],[53.91601000009975,29.38246000106254],[53.91327000053263,29.38882000061192],[53.91911000047224,29.388860001053],[53.92392000020408,29.38723000062462],[53.92669000025074,29.38904000096101],[53.92503000058038,29.39214000045778],[53.92667000051668,29.39375000104529],[53.92707999963273,29.39584000044477],[53.92803999986577,29.40212000075589],[53.92708999962006,29.40454000053456],[53.92609999994863,29.4076900010789],[53.92097999978569,29.40846000019504],[53.91980999976749,29.41028000093598],[53.91691000008304,29.41267000098913],[53.91564000048861,29.41450000041542],[53.91061000001414,29.41692000067346],[53.90900000006982,29.41976000076375],[53.90717999959734,29.4219800004913],[53.90543000051001,29.4253500008136],[53.90506000031295,29.4283900008237],[53.9048400002591,29.43034000065147],[53.90358000035004,29.43369000069444],[53.90249000042173,29.43538000092889],[53.90095999998362,29.43624000061182],[53.89930999984063,29.4373200003059],[53.89797999962345,29.44062000074747],[53.89892000039161,29.44224000036203],[53.89999999994392,29.44403000090364],[53.90053000006548,29.44659000031185],[53.89835000023583,29.44866000062375],[53.89543000033537,29.4509700009915],[53.8931799997496,29.45229000071306],[53.89221000035803,29.45338000022394],[53.8912600004451,29.4543300009823],[53.88903999993541,29.45594000042867],[53.88758000052346,29.45669000031554],[53.88657999994986,29.45953000099963],[53.85570999984954,29.46220000021589],[53.85186000023246,29.46508000043975],[53.84846999965955,29.46811000022023],[53.84815999965181,29.46903000039348],[53.84711000023054,29.4693300008099],[53.84588000010865,29.47104000069798],[53.8431100000459,29.47098000035206],[53.84081000016221,29.47201000028276],[53.84116999998145,29.473530000948],[53.83877000007056,29.47311000050929],[53.83725000002744,29.47372000084972],[53.83469999984425,29.47451000057485],[53.83361999994219,29.47480000034713],[53.83181999959523,29.47609000027326],[53.82913999978717,29.47634000024935],[53.82697999988085,29.47789000094333],[53.82458999987291,29.47832000061254],[53.82215999961939,29.47967000026476],[53.82192000018789,29.48084000046818],[53.82115999970048,29.48239000031612],[53.81891000027797,29.48372000105003],[53.8175800001791,29.48561000105416],[53.81682999979505,29.48617000090843],[53.81500000014816,29.48649000106832],[53.81197999996466,29.48632000066726],[53.81089999984512,29.48671000061897],[53.81032000031249,29.48821000039721],[53.80943000010765,29.49030000087529],[53.80868999965361,29.49281000057611],[53.8084999995554,29.49495000036297],[53.80782999990566,29.49697000072566],[53.80662000032642,29.49860000036653],[53.80638999953445,29.50001000083585],[53.80570999966307,29.5038400007943],[53.80433000007227,29.50743000025869],[53.80284000021113,29.50659000033742],[53.80097000028835,29.50584000074175],[53.79944999987286,29.50516000050457],[53.79852999995198,29.50369000039139],[53.79703000021834,29.50314000098505],[53.79613999977165,29.50223000053722],[53.7962400003637,29.50534000081084],[53.79571000000168,29.50729000064775],[53.79510999963858,29.5085900007408],[53.79414999986857,29.5101700009922],[53.79226000007797,29.5126500004162],[53.78950000030766,29.51476000029315],[53.78527000034192,29.51880000019979],[53.78433000027695,29.51965000033644],[53.7806299999984,29.52053000038477],[53.77615999953203,29.52113000060677],[53.77424999956126,29.52455000019866],[53.77249999954569,29.52861000021378],[53.77158000021344,29.53298000106158],[53.77033999982878,29.53803000057556],[53.77006999975899,29.54095000057481],[53.76855000046308,29.544300000807],[53.76621000039557,29.54784000096075],[53.76463999953824,29.54883000075987],[53.76139000006867,29.55069000066528],[53.7590900002735,29.55396000050179],[53.75724000047427,29.55702000079359],[53.75543000022525,29.55902000092714],[53.75445000030613,29.56207000022696],[53.7537099999083,29.56417000069877],[53.75271999971775,29.56699000063271],[53.75231000040579,29.5705600004387],[53.75166999977407,29.57171000067962],[53.74942000017724,29.57474000085704],[53.74825000035944,29.57621000092296],[53.74674000023619,29.57814000025993],[53.74657000038554,29.58223000043722],[53.74698000042115,29.58571000079635],[53.74818000038272,29.58868000077216],[53.7478799995101,29.58994000064387],[53.74537000029336,29.59034000086288],[53.74284999982752,29.58976000071797],[53.74048000031647,29.58935000029671],[53.73754999977319,29.58853000057041],[53.73571000017902,29.5877600003814],[53.7328299995843,29.58650000080251],[53.7315799999302,29.585590000417],[53.72996000018092,29.58455000083313],[53.72715000047179,29.58337000029977],[53.7249700001689,29.5831000010618],[53.72299999992269,29.5825500005132],[53.71918000025007,29.58146000053173],[53.71495999953089,29.58022000080873],[53.71004000043647,29.57904000093014],[53.7067100004767,29.57919000085709],[53.72055000006493,29.59624000034995],[53.72263000039192,29.60128000085079],[53.72339000045328,29.60578000051507],[53.72079999973025,29.61012000020834],[53.71955999946803,29.61485000059805],[53.71943999952353,29.61558000076699],[53.71880999995421,29.61635000100175],[53.71775999954573,29.61759000022877],[53.71635999985986,29.61795000041895],[53.7142900003203,29.61838000067581],[53.7119099996337,29.61893000056016],[53.70972000010085,29.61930000091225],[53.70824000019696,29.62014000062289],[53.70472999984381,29.62132000052143],[53.70090000032666,29.62244000022134],[53.69857999996852,29.6231700003821],[53.69358000024897,29.6246000004648],[53.68306000003641,29.6280400002556],[53.68112999965104,29.62820000088325],[53.67932000015599,29.62937000062854],[53.67532000001884,29.63126000035886],[53.67111999965578,29.62875000082859],[53.66654000015207,29.62643000076599],[53.66308000026861,29.6268300003155],[53.65826999953369,29.62704000043798],[53.65722999946237,29.62570000073166],[53.65457999992027,29.62363000078378],[53.65205000038085,29.62117000048807],[53.64990999981644,29.61893000096441],[53.64682999948059,29.61547000048258],[53.64503000025695,29.61449000102941],[53.64334999986973,29.61438000091389],[53.63966999969659,29.61434000091188],[53.63661000044016,29.61453000063231],[53.63231999954356,29.61448000072437],[53.62812000013258,29.6147600002049],[53.62368999978051,29.61534000081826],[53.61861000010825,29.61558000064229],[53.6147499998015,29.61608000033786],[53.61255999965726,29.61616000078797],[53.61132000039628,29.61586000023049],[53.60994000009691,29.61663000076373],[53.60823999971659,29.61679000037392],[53.60429999951161,29.61784000029137],[53.59880999977216,29.61828000101286],[53.59697000008588,29.61879000084564],[53.5951199996127,29.61906000076057],[53.59347999987866,29.61903000036804],[53.5905999998714,29.62089000061905],[53.58820000034329,29.62199000042014],[53.58577999942034,29.62348000092501],[53.58435000018549,29.62358000050239],[53.58138000015446,29.62497000035182],[53.57845999978778,29.62609000053676],[53.57792999956658,29.62671000079882],[53.5766400004074,29.62789000093837],[53.57410000021263,29.62933000097792],[53.57190999990679,29.62886000023057],[53.56755000011366,29.6306700004971],[53.5660200002277,29.63054000081593],[53.56146999942972,29.63179000092361],[53.56006999953876,29.6317600005995],[53.55919000024956,29.63147000024628],[53.55840000013193,29.63180000093539],[53.55690000034684,29.63153000089385],[53.55595999966465,29.63073000049301],[53.55463999939212,29.62869000045432],[53.55406000020874,29.62773000100184],[53.5532699994493,29.62428000044645],[53.55344999972974,29.62263000086102],[53.55189999997754,29.61939000074059],[53.5507899996533,29.61707000110286],[53.5507400001772,29.6153400010466],[53.55156000034444,29.61322000075437],[53.55168000031441,29.61247000079082],[53.55019999958567,29.61199000068123],[53.54968000003709,29.61039000054871],[53.54953999937883,29.60970000040769],[53.5496599998926,29.60846000031473],[53.54934000006442,29.60575000047023],[53.54965999940028,29.60357000048988],[53.550649999874,29.60159000030026],[53.55188000012352,29.59953000108725],[53.5540599996418,29.59647000050579],[53.5563099999328,29.59398000068559],[53.55676000035029,29.59348000087177],[53.55715000023928,29.59200000025571],[53.5591799997771,29.59112000108602],[53.56047000005955,29.59089000071042],[53.56071999963059,29.58927000064631],[53.56156999967262,29.58795000046711],[53.56189999999988,29.58713000036986],[53.56230000039248,29.5857500006556],[53.5617500003917,29.58462000024554],[53.56152999966834,29.58359000029418],[53.56159999951905,29.58071000042978],[53.55960000021293,29.57997000027304],[53.55824000009272,29.58106000077075],[53.55776000007191,29.58199000043512],[53.55587999960019,29.58213000020251],[53.55442000015919,29.58136000031935],[53.55308999963528,29.57367000038558],[53.549519999812,29.56736000078108],[53.54531000025517,29.56310000020794],[53.54368000013335,29.56489000049411],[53.54258999941782,29.56613000063191],[53.5412999994534,29.56747000073883],[53.54061999961564,29.56795000036491],[53.53772000022327,29.56766000037528],[53.53678999986654,29.56733000093556],[53.53538999977154,29.56636000044828],[53.53323000002758,29.56498000019592],[53.53123000025446,29.56412000105478],[53.52860999963703,29.56343000074629],[53.5261499995858,29.56305000104491],[53.52389999979424,29.56289000095195],[53.52113999994577,29.56299000059435],[53.51840000028461,29.56285000068864],[53.51368999972246,29.56237000026025],[53.51050999992935,29.56244000047997],[53.50846999986506,29.56274000028398],[53.50727999971305,29.56293000060537],[53.5066000003379,29.56285000091383],[53.50466000010439,29.56271000047473],[53.50321999977162,29.56260000072113],[53.50112000014139,29.56269000055251],[53.49622999973042,29.56295000025141],[53.49424999968994,29.56268000052098],[53.49250000037698,29.56232000093009],[53.49181999950457,29.56230000056263],[53.49064999976902,29.56196000107603],[53.48958000011748,29.56167000058182],[53.48801000031508,29.56157000023288],[53.48689999966154,29.5616200002103],[53.48621999963235,29.5617400010182],[53.48433000004724,29.56254000089615],[53.48325999948149,29.56313000107316],[53.48234999982095,29.56356000081916],[53.48122999994068,29.56416000075786],[53.47967999955308,29.56498000104797],[53.47837999989842,29.56558000087049],[53.47732000007127,29.5661500004779],[53.47510999948106,29.56743000027191],[53.47405000028526,29.56805000020783],[53.47273000010102,29.56881000093579],[53.47123000003283,29.56985000056517],[53.46986000028934,29.57069000105437],[53.46879999967253,29.57127000071072],[53.46617999978516,29.57270000055879],[53.46548999998322,29.57298000031897],[53.46477999966213,29.57333000024001],[53.46382999972559,29.57413000079114],[53.46329999958362,29.57447000046431],[53.46205000002448,29.57508000022628],[53.46112000006963,29.57553000065652],[53.46006999966761,29.57589000049739],[53.45894999994921,29.57669000081187],[53.45766000020116,29.57771000036475],[53.45649999972332,29.57852000099584],[53.45548000005656,29.57925000053242],[53.45463000004142,29.57967000029489],[53.45336999988839,29.58031000077316],[53.45282000024523,29.58169000094069],[53.45216999979267,29.5824500003457],[53.45120999991391,29.5840200007115],[53.45092999962433,29.58464000064923],[53.45052000016614,29.58541000033141],[53.44971000038365,29.58626000103975],[53.44881000013811,29.58756000080588],[53.44814999947685,29.58798000076252],[53.44689999938031,29.58881000064748],[53.44574000034046,29.58916000103108],[53.44211000008134,29.59014000071858],[53.43891999987259,29.59202000095707],[53.43883999969165,29.59549000028145],[53.44003000036838,29.60102000056486],[53.44074999966715,29.60484000093048],[53.44382000022923,29.60807000053623],[53.44520999999218,29.60940000082748],[53.44607000001692,29.61864000089816],[53.44691000008215,29.62570000107525],[53.44490999953914,29.63082000104222],[53.4427800001204,29.63701000047116],[53.44184999939246,29.63902000070828],[53.44080999955447,29.64008000060229],[53.44031999997685,29.64274000063244],[53.44042999991618,29.6475600005583],[53.43842999967335,29.65423000095818],[53.43526999950826,29.65852000107702],[53.43340000033963,29.65988000026725],[53.43153000020887,29.66051000085888],[53.42958000018722,29.66372000078018],[53.42930000020997,29.66448000029403],[53.42997000002256,29.66555000097761],[53.43092999983996,29.66665000101105],[53.43356000021968,29.66805000023368],[53.43408999998479,29.66921000093857],[53.43535999992075,29.67085000049209],[53.43548999985909,29.67199000106905],[53.43716999974085,29.67241000104841],[53.43992999968574,29.67175000047866],[53.44129999973785,29.67149000058829],[53.4426399993786,29.67081000062659],[53.44395999981503,29.6703000009498],[53.44735000033527,29.66962000037157],[53.45412999985492,29.67155000054442],[53.45916000013298,29.67212000108565],[53.46385000037481,29.67276000021466],[53.46480999966182,29.67298000099774],[53.46622999951335,29.67407000025183],[53.46834999963446,29.67514000087304],[53.46993000028579,29.67545000096476],[53.47298000014269,29.6757300003884],[53.47593999994337,29.67631000077971],[53.48111999988144,29.67559000069294],[53.48370999960316,29.67535000104095],[53.48583999969546,29.67339000035679],[53.48606999957942,29.67001000105354],[53.48930999944645,29.66512000082112],[53.48944999937034,29.6618900006087],[53.49113000029364,29.65969000085612],[53.50037999985653,29.65677000104738],[53.50187999962431,29.6602400005979],[53.50426999947677,29.66057000027825],[53.50906999980777,29.66190000070379],[53.51372999996498,29.661720000587],[53.51427000002181,29.66324000092242],[53.51804999955095,29.66524000046835],[53.52175999998409,29.66640000056739],[53.52491999987245,29.66700000056881],[53.52883000018731,29.66721000026338],[53.53466999963621,29.66662000063663],[53.54380999955387,29.66641000095835],[53.55243999991073,29.66658000067771],[53.55722999951081,29.66288000031617],[53.55897000018333,29.66303000075722],[53.55927999995458,29.66672000037378],[53.5620699999285,29.66998000048767],[53.5658700004042,29.67435000105842],[53.56604999943524,29.67719000076688],[53.56546999995447,29.68014000101214],[53.56681000024651,29.68153000034209],[53.57121999967138,29.68021000062651],[53.57463999969863,29.67816000099075],[53.57746999968052,29.678770000643],[53.57796000009589,29.68093000097952],[53.57782999987138,29.68435000099958],[53.57865999981498,29.68708000086093],[53.57827999997855,29.68917000082124],[53.58064000042813,29.68808000066749],[53.58317000019883,29.68954000045165],[53.58516999956638,29.69149000043421],[53.58777000026242,29.69561000057091],[53.58988999977902,29.697930000541],[53.59356000032623,29.70155000069509],[53.59524999942864,29.70398000064731],[53.59737000037575,29.70631000092791],[53.59787999980905,29.7091400004164],[53.59735000008184,29.71398000079738],[53.59653999997079,29.71740000039972],[53.59659999987136,29.71986000026202],[53.59662999999523,29.72097000079361],[53.59747999962725,29.7234400009758],[53.59743000013643,29.72552000035758],[53.59574000040178,29.7273600009741],[53.5983300000993,29.72664000096257],[53.60308999999178,29.72626000040305],[53.60811000020267,29.72323000060962],[53.6117499997732,29.72145000069422],[53.61612999964419,29.72307000053333],[53.61964999964465,29.72508000059578],[53.62106999972186,29.72534000032795],[53.62356000004855,29.72510000085516],[53.62586999969874,29.72629000089954],[53.62923999975209,29.72679000049921],[53.632520000388,29.7276700006931],[53.63760999951361,29.72728000096492],[53.64007999967892,29.72648000067808],[53.64079000042879,29.72448000101771],[53.63977999972656,29.72336000103749],[53.64482000004024,29.72089000097732],[53.65032999953758,29.72040000043901],[53.650439999635,29.72428000043895],[53.65139999994753,29.72379000089958],[53.65370000034224,29.72460000097331],[53.65543000022006,29.72437000044462],[53.65625000037672,29.72276000077537],[53.65841999956963,29.72280000058674],[53.65966999982803,29.72467000077166],[53.66497000018602,29.72409000024818],[53.67077999971782,29.72324000084005],[53.66943000022489,29.72059000068451],[53.66948999952113,29.7189100004769],[53.67075000024111,29.71715000028746],[53.67360999978729,29.71648000110263],[53.67493000027751,29.71546000049564],[53.67630999954707,29.71439000054143],[53.67890000027305,29.71386000088031],[53.68087999982284,29.71334000065215],[53.68279000029906,29.71270000043311],[53.68502999993863,29.71194000028767],[53.68341000013483,29.71097000070149],[53.67931999958889,29.70912000039276],[53.67762999959141,29.7067000008173],[53.6786800000068,29.70535000038253],[53.68206999961944,29.70235000026217],[53.68610999967551,29.69942000053527],[53.68792000010258,29.69834000100187],[53.68998000014708,29.69839000050414],[53.69050000041634,29.69744000030413],[53.69530000040854,29.69838000098609],[53.70015999997833,29.69781000069558],[53.7031799998899,29.69805000075797],[53.70556999969317,29.69742000066694],[53.70587000048183,29.69628000065988],[53.70139999995746,29.69561000107894],[53.69879000008725,29.69500000079032],[53.6957400002922,29.69335000067287],[53.69331000002687,29.69284000100602],[53.69111000048563,29.69175000086195],[53.69061000021622,29.6883800006456],[53.69311999965958,29.68618000076232],[53.69460000002834,29.6842900010972],[53.69639999952118,29.68284000065182],[53.69884999987529,29.6812700005901],[53.70108999995002,29.67981000033256],[53.70402999950079,29.68031000107668],[53.70813000001426,29.68364000027866],[53.71054999987781,29.68482000081746],[53.71492000025189,29.68596000075112],[53.7167700000962,29.68781000045271],[53.71708000010123,29.68989000066382],[53.71770999991328,29.69319000089822],[53.71602999975531,29.69531000034305],[53.72350999976907,29.69497000039857],[53.72889999967916,29.69391000074546],[53.73020999995981,29.69038000038427],[53.72595999990486,29.68952000077791],[53.72528000016084,29.68849000058427],[53.72514000016429,29.68717000038901],[53.72532999964937,29.68612000052972],[53.72729999978702,29.68483000045645],[53.7290599996786,29.68368000083059],[53.73179999967433,29.6847600011034],[53.73350000048384,29.68590000051611],[53.73478000032582,29.68669000072522],[53.73670000000794,29.6857000004867],[53.73839999995743,29.68434000065529],[53.73986999995801,29.68270000042169],[53.74145999984859,29.68125000048338],[53.74317999989353,29.68093000071085],[53.74334000027484,29.68261000080142],[53.74453000025677,29.68260000058413],[53.7462199997328,29.68105000036979],[53.7478799998625,29.67934000057445],[53.75076999960984,29.67670000034251],[53.75188999960334,29.67403000038762],[53.75337000018875,29.67295000102533],[53.7547100001721,29.67435000052238],[53.75711000027756,29.67297000048244],[53.7569999999348,29.6717400008666],[53.7568799996796,29.67033000087975],[53.75967000017136,29.66913000083154],[53.76194000047647,29.66889000105486],[53.76599999998117,29.66673000054863],[53.77145000036682,29.66519000074319],[53.77433000025712,29.66636000032167],[53.77617000035719,29.67011000034712],[53.77806000011152,29.66799000094038],[53.77976999981997,29.66691000070529],[53.78221999968257,29.66563000054852],[53.78477999954238,29.66406000083029],[53.78536000007964,29.66140000100123],[53.78357999954005,29.65964000100159],[53.78589999971894,29.65732000037377],[53.78755000021229,29.65425000053611],[53.78790999988607,29.65150000090684],[53.78868000002161,29.64759000076117],[53.78894000052147,29.64481000063562],[53.79043999991782,29.64243000054974],[53.79114999993399,29.64061000082207],[53.79317000036653,29.63807000046774],[53.79385999998677,29.63472000064862],[53.79451999997318,29.63288000032522],[53.79954000025439,29.62541000107694],[53.81215999960132,29.62674000036387],[53.8151799997038,29.62842000092601],[53.82178000028247,29.62806000029114],[53.82347000029864,29.62837000081017],[53.82574999954704,29.62933000032223],[53.82717000012234,29.62946000090908],[53.82748743104871,29.62997803418062],[53.82904026843065,29.63004140549433],[53.83102916838647,29.6301225447566],[53.83218851326954,29.6299345224232],[53.83604523204772,29.62930896310458],[53.83805169053686,29.62793886739322],[53.84171941671177,29.62631971505683],[53.84310847304405,29.62738138453697],[53.84476431542301,29.62870716075306],[53.8466058929835,29.63056601497033],[53.84922218449432,29.63178098996326],[53.85206487042095,29.63234862443686],[53.85457076462736,29.63220318633298],[53.86000215320475,29.63016112007493],[53.86748383849484,29.62998558769008],[53.87252635157135,29.62892532534003],[53.87874217216941,29.6295276464212],[53.88704522290971,29.62838527239281],[53.89220315611199,29.63053736191578],[53.8948342687741,29.63384413110789],[53.89702903448634,29.64339945188311],[53.89702925775623,29.64558637188722],[53.89703008644867,29.65336667128764],[53.89093907206827,29.66315591188195],[53.88381710500336,29.66951596318178],[53.87370345349606,29.67301442257342],[53.87059455677355,29.67487189713399],[53.86880153446987,29.67690542668789],[53.868653739104,29.6772985615351],[53.86786657248977,29.67939238228653],[53.86678862973021,29.68092473399153],[53.8642829079456,29.68365625164253],[53.86002975617704,29.68627610590949],[53.85866953281222,29.68690741213235],[53.85604342143193,29.68749369185754],[53.8552362492721,29.68779805607701],[53.85108766518869,29.68936227803383],[53.84922994002579,29.68905355178541],[53.84905857839598,29.68902507261183],[53.847767154027,29.68700570401629],[53.84736000001239,29.6874400008303],[53.84209000029549,29.68978000104256],[53.83774000005413,29.69207000093247],[53.82776999972441,29.70005000072279],[53.82292000007711,29.70420000060719],[53.81745999964116,29.7088800009098],[53.81523999967596,29.71269000101572],[53.81425999967799,29.71480000064242],[53.81411000020954,29.71490000020662],[53.80371999979943,29.72766000068912],[53.80356999975005,29.72775000039222],[53.80341000016186,29.72801000041772],[53.80314000049472,29.7282800006822],[53.80275000044183,29.72843000033813],[53.80254000001521,29.72849000072859],[53.80207999968452,29.72861000096814],[53.80110999960997,29.72887000099626],[53.8002400002088,29.72906000109094],[53.79961000001245,29.7292700010198],[53.79878000049544,29.72968000043305],[53.798119999855,29.73002000096861],[53.79724000028384,29.73046000054977],[53.79636999992212,29.73096000083406],[53.79562999973638,29.73129000067965],[53.79423000053097,29.73188000106375],[53.79397000034017,29.73198000068739],[53.79331999975347,29.73220000102749],[53.7929999998909,29.73228000069266],[53.79290000020276,29.73232000052051],[53.79270999983424,29.73243000052769],[53.79260000029605,29.73247000022701],[53.79234999952038,29.73257000032408],[53.79215999976044,29.73266000064295],[53.79202999985568,29.73272000072632],[53.79185999959925,29.73280000064668],[53.79166000033734,29.73289000029915],[53.79159999992927,29.73292000102883],[53.79094000031727,29.73314000092113],[53.79083000003815,29.73314000044461],[53.79044000043317,29.73322000096524],[53.78980000009726,29.73355000098362],[53.78943000027508,29.73378000045306],[53.78770000018343,29.73486000066431],[53.78686000039685,29.73538000101003],[53.78604000013955,29.73587000095935],[53.78495999971865,29.73637000101241],[53.7842100000575,29.73680000023977],[53.78303000014831,29.73737000028471],[53.78171999974032,29.73798000071612],[53.78119000016109,29.73823000108311],[53.78031999971175,29.73862000023342],[53.77916000031126,29.73918000065275],[53.77786000033605,29.73987000047917],[53.77631000024035,29.74076000059722],[53.77557999972226,29.74128000069353],[53.77501000048181,29.74171000043687],[53.77470000009404,29.742020000706],[53.77402999957189,29.74258000110247],[53.77384000036019,29.74274000067981],[53.77364000009429,29.74303000030064],[53.77282999984681,29.74400000046883],[53.77275000045822,29.74412000105498],[53.77233999972363,29.74450000052939],[53.77020000035936,29.74727000107469],[53.76671000004259,29.75181000029959],[53.76636999949369,29.75225000029138],[53.7663659110309,29.75225073975665]]]},"properties":{"Name":"پارک ملي بختگان","description":"<html xmlns:fo=\"http://www.w3.org/1999/XSL/Format\" xmlns:msxsl=\"urn:schemas-microsoft-com:xslt\">\n\n<head>\n\n<META http-equiv=\"Content-Type\" content=\"text/html\">\n\n<meta http-equiv=\"content-type\" content=\"text/html; charset=UTF-8\">\n\n</head>\n\n<body style=\"margin:0px 0px 0px 0px;overflow:auto;background:#FFFFFF;\">\n\n<table style=\"font-family:Arial,Verdana,Times;font-size:12px;text-align:left;width:100%;border-collapse:collapse;padding:3px 3px 3px 3px\">\n\n<tr style=\"text-align:center;font-weight:bold;background:#9CBCE2\">\n\n<td>پارک ملي بختگان</td>\n\n</tr>\n\n<tr>\n\n<td>\n\n<table style=\"font-family:Arial,Verdana,Times;font-size:12px;text-align:left;width:100%;border-spacing:0px; padding:3px 3px 3px 3px\">\n\n<tr>\n\n<td>FID</td>\n\n<td>11</td>\n\n</tr>\n\n<tr bgcolor=\"#D4E4F3\">\n\n<td>OBJECTID_1</td>\n\n<td>12</td>\n\n</tr>\n\n<tr>\n\n<td>cod</td>\n\n<td>2</td>\n\n</tr>\n\n<tr bgcolor=\"#D4E4F3\">\n\n<td>tafkik_id</td>\n\n<td>1</td>\n\n</tr>\n\n<tr>\n\n<td>tafkik_nam</td>\n\n<td>پارک ملي</td>\n\n</tr>\n\n<tr bgcolor=\"#D4E4F3\">\n\n<td>shahrestan</td>\n\n<td>آباده طشک- ني ريز- استهبان-خ</td>\n\n</tr>\n\n<tr>\n\n<td>NAME1</td>\n\n<td>پارک ملي بختگان</td>\n\n</tr>\n\n<tr bgcolor=\"#D4E4F3\">\n\n<td>sal_mosava</td>\n\n<td>1374</td>\n\n</tr>\n\n<tr>\n\n<td>AREA_ha</td>\n\n<td>183548</td>\n\n</tr>\n\n<tr bgcolor=\"#D4E4F3\">\n\n<td>F_AREA</td>\n\n<td>1835488500.24</td>\n\n</tr>\n\n<tr>\n\n<td>Shape_Leng</td>\n\n<td>456662.005637</td>\n\n</tr>\n\n</table>\n\n</td>\n\n</tr>\n\n</table>\n\n</body>\n\n</html>\n\n","timestamp":null,"begin":null,"end":null,"altitudeMode":"clampToGround","tessellate":-1,"extrude":0,"visibility":-1,"drawOrder":null,"icon":null,"snippet":""}},
{"type":"Feature","geometry":{"type":"MultiPolygon","coordinates":[[[[52.04517579074863,30.42703731070546],[52.04530580830514,30.42704050875202],[52.04517365685076,30.42704254595734],[52.04517579074863,30.42703731070546]]],[[[52.04517579074863,30.42703731070546],[52.04515898603704,30.42703689754338],[52.04437262272305,30.42704319134937],[52.04389554411485,30.4271951634916],[52.0433830133141,30.42722889188933],[52.04255962183278,30.42696879015069],[52.04207844718641,30.42673558323987],[52.04169543403383,30.4260867535007],[52.04104080187066,30.42561787757403],[52.04028354439464,30.42514388869915],[52.03976693759255,30.42479242982873],[52.03893949504072,30.42414713146237],[52.03793986473278,30.42338467120596],[52.03725327371431,30.42312344738132],[52.03639292570631,30.42259691839389],[52.03594297409445,30.42251787414253],[52.03509247880937,30.42238311328758],[52.03443820841695,30.42227509375183],[52.03378901066302,30.42264815442225],[52.03330546429331,30.42324631278105],[52.03262270708719,30.42353472947491],[52.03219820202988,30.42353808666404],[52.03102502855986,30.4237737694957],[52.03025280107425,30.42390103120563],[52.02928290937736,30.42386446054185],[52.02805883241395,30.4239183275745],[52.02662695926487,30.42362004934113],[52.02458467504169,30.42350343070882],[52.02407676024203,30.42372852171947],[52.02306184734444,30.42426713097803],[52.02159139952116,30.42516306741639],[52.0201190851627,30.42588211797237],[52.01905448101064,30.42655374936709],[52.01829187606307,30.42682502681257],[52.01747961869774,30.42722934959978],[52.01615481596192,30.42741655348807],[52.01498720281639,30.4280005119119],[52.01386968555583,30.42849562790595],[52.01326149704424,30.42889833960397],[52.01393763324845,30.4301312790881],[52.01119317578985,30.43121387478981],[52.00804271129036,30.43252065562069],[52.00646994486079,30.43341721372634],[52.00307958878124,30.43622924324136],[51.99858947544565,30.43931493163436],[51.99667620847166,30.44288051161736],[51.99507234813098,30.44576712182918],[51.99158597253904,30.44925175030431],[51.99102994128959,30.44978662767053],[51.99073311464348,30.45071752406893],[51.9859409652491,30.45128447684775],[51.98309893344626,30.4529067266401],[51.98209279975255,30.4543736002685],[51.98103293887206,30.45557554361187],[51.98023312311507,30.45726195750532],[51.97932367846735,30.45819743122403],[51.97560912632372,30.45937501182934],[51.97222762867313,30.45811784275045],[51.96795152774463,30.45929939018051],[51.96612318106973,30.46024158749967],[51.9634491570106,30.46239724650199],[51.96086285939835,30.46414094915744],[51.95836557184315,30.46455731079317],[51.95429017472232,30.4654273926304],[51.95199141443577,30.46526730488045],[51.95192043714655,30.4652627021122],[51.95165924732903,30.46524576534801],[51.95137844127957,30.46522755536679],[51.950910361128,30.4656399144123],[51.95087228415333,30.46567345841107],[51.95088896499149,30.46564394140973],[51.95151729531876,30.4645320514653],[51.95152469905834,30.46451894877578],[51.95159662588534,30.46448863255346],[51.95259233895158,30.46406894413853],[51.95381051534105,30.46335250285565],[51.95441614840109,30.4626405334396],[51.95404720657701,30.46144925926221],[51.95342521349531,30.46048093919405],[51.9525540451576,30.46013353317438],[51.95200271069798,30.46021955939718],[51.95077012992731,30.46041187441153],[51.95016352533194,30.46036628292066],[51.94979124643184,30.46033830270231],[51.94979105560444,30.46033828063091],[51.94969737436419,30.46033124587252],[51.94968015433528,30.46032424006324],[51.94841616487999,30.45980991125705],[51.94784937363631,30.45964123213369],[51.94781665556081,30.45963149541213],[51.94754587531965,30.45955090762205],[51.94752082070254,30.45956036833425],[51.94479940102252,30.46058791783388],[51.94281453134403,30.46155241794553],[51.94276705060729,30.4615754891769],[51.94141746730986,30.46215045457295],[51.94139440442446,30.46216027963225],[51.94138925533098,30.46216143478721],[51.94057940272769,30.46234304385804],[51.93931266468496,30.4622637286211],[51.93890346529417,30.46217823178992],[51.93847983988337,30.46229165592042],[51.93810897292141,30.46239095307208],[51.93788512977447,30.46245088524643],[51.93722071134771,30.46236721781806],[51.93670730975967,30.46206135550048],[51.93614033117451,30.46149054837673],[51.93599258725347,30.46143477563679],[51.93544455659866,30.46122789595108],[51.93519766615393,30.46113469497141],[51.93417806443975,30.46127466404022],[51.93392391810659,30.46136238550666],[51.9332622328286,30.46159076922554],[51.93272770011581,30.46197339229367],[51.93251993292438,30.462122113213],[51.93245100983155,30.46217144768915],[51.93238442850355,30.46217192359301],[51.931808762682,30.46217603686677],[51.93178743894589,30.46217618918131],[51.93178294570382,30.46217129901688],[51.93085897600078,30.46116572635955],[51.92988201087686,30.46042092974751],[51.92905537250552,30.46012943718522],[51.92865278252703,30.45998747184017],[51.92814236515395,30.45977090630639],[51.92762773541605,30.45955255047519],[51.926296860936,30.45916401462593],[51.92592160733975,30.45910765555579],[51.92580236933328,30.45908974755374],[51.9257345580417,30.45907956310299],[51.92559161063377,30.45916150827299],[51.92530992841397,30.45932298067847],[51.9250324140692,30.45948206331156],[51.9247191385024,30.45966164285688],[51.92411288607026,30.46032926078756],[51.92402491389134,30.46048484822391],[51.92379015445083,30.46090004160616],[51.92371121648037,30.46103964847896],[51.92356437380046,30.46143193200304],[51.92346225614988,30.46170473211751],[51.92201802489932,30.46228982694355],[51.92188540822686,30.4622971500706],[51.92165633174297,30.46230979895319],[51.92109964590372,30.46234053579186],[51.92060791280013,30.46231359629582],[51.91966957711313,30.46226218360538],[51.91870222788538,30.46253432853803],[51.91806327317623,30.46261032744224],[51.91712150956025,30.46272233717607],[51.91676827728556,30.46283790053839],[51.91610670268205,30.46305433849673],[51.91518760812399,30.46335501884501],[51.91478104064216,30.46344610419294],[51.91376124229348,30.46367456888211],[51.91353653782365,30.46397759499044],[51.91312554407048,30.46453183634198],[51.91303045497902,30.46466006678508],[51.91292872939329,30.46479724700437],[51.91290419859953,30.46483032796078],[51.9128437079826,30.46487471694784],[51.91275549269762,30.46493945008445],[51.91267713890527,30.46499694687027],[51.91242430388704,30.46518248008974],[51.91229577237705,30.46527679934368],[51.91136767118316,30.46537746347644],[51.91085763723532,30.46543278063442],[51.9101973296796,30.46579116076352],[51.91009141662877,30.46581697853141],[51.9093719583841,30.46599235283219],[51.90907677814048,30.46606430390386],[51.90905377813812,30.46607877893668],[51.9085760674301,30.46637941609532],[51.908366233344,30.46651146886274],[51.9081046020917,30.46700748032509],[51.90806534110894,30.46708191256648],[51.90801506017905,30.46717723581445],[51.90787928177045,30.46720436597607],[51.90755645851611,30.46726887044392],[51.907150794881,30.46741271383962],[51.90679321149847,30.46753950767435],[51.9064878322765,30.46778764915754],[51.90613451206319,30.46807474319982],[51.90581237687461,30.46839378098725],[51.9057298156993,30.46847554788728],[51.90537618560637,30.46853213986448],[51.90486323303531,30.46861422654186],[51.9035339513249,30.46840233432795],[51.90317335304919,30.46805105964899],[51.9014820605264,30.46836490161622],[51.90144059068361,30.46837259644883],[51.90016684048831,30.46864672230847],[51.899565470942,30.46881646896513],[51.89807915593869,30.46923599284109],[51.8978608525963,30.4692923653807],[51.89614378050365,30.46973574167986],[51.89515546293259,30.46996363554592],[51.89490293940101,30.46995385990697],[51.8941851369434,30.46992607022952],[51.89347045732899,30.46993096783031],[51.89230198541684,30.47055806861789],[51.89219558688432,30.47067377297656],[51.8914426123544,30.47149259728425],[51.89088670535384,30.47211549741902],[51.89119916519466,30.47278995273371],[51.89130891803945,30.47362941167302],[51.89116422316447,30.47455905326873],[51.89086395616936,30.47522442728278],[51.89076789198872,30.47588840691157],[51.89072167149137,30.47641938096537],[51.89015459231371,30.47704336938238],[51.89012637663431,30.47707441575098],[51.88991288383173,30.47730933210596],[51.8887957553943,30.47798027382851],[51.88824019694034,30.47864738147319],[51.88758252287909,30.47931518274394],[51.8871282544499,30.47989315321994],[51.8868769935651,30.4803370775235],[51.88672634830623,30.48029472096913],[51.88656986762896,30.48025072284806],[51.88579725091987,30.47950420760095],[51.88574219316585,30.47906236618078],[51.88599385659242,30.47866266231111],[51.88614341096276,30.47826365273465],[51.88547972242187,30.47826816082904],[51.88517340434282,30.4782702403507],[51.88532176109066,30.47773857468172],[51.88562607609497,30.47751540023106],[51.88521485452261,30.47720864174091],[51.88500664477903,30.47676783926925],[51.88485108911627,30.47650356542453],[51.88515460136887,30.47619195439003],[51.88499904523403,30.47592768159793],[51.88453598174468,30.47553282852268],[51.8838707125936,30.475360452609],[51.88412117597434,30.47482809600799],[51.88452478902757,30.47429470033253],[51.88442028905236,30.47403007953556],[51.88390698477624,30.47372400872789],[51.8831894281827,30.47115075082768],[51.88277824131352,30.47084398277942],[51.88242010014836,30.47075796304832],[51.88200174392968,30.46965525269146],[51.88132855510638,30.46859848398479],[51.88080892193628,30.467584896717],[51.87998262029511,30.46652915420364],[51.87992282843234,30.46555668102717],[51.87990529912102,30.46360662338216],[51.87887208327963,30.4622427167632],[51.87845567049463,30.46134782131773],[51.88064345332423,30.46054150269246],[51.88053699090662,30.46005578223034],[51.8807866399943,30.45943499318211],[51.88083569361329,30.45921355393965],[51.88129309219229,30.45898935591097],[51.88211256907039,30.45929336981686],[51.88261981162528,30.45893616551216],[51.88358882920818,30.45884116266843],[51.88435367335015,30.45874753684856],[51.88496051207301,30.4581154734971],[51.88520613062393,30.45705248759715],[51.88591431662156,30.45634013358547],[51.88667273221719,30.4555389910481],[51.88626480327333,30.45558598398139],[51.88717833609775,30.45500489365345],[51.88768754206115,30.45486876458514],[51.88838526457115,30.4530067054162],[51.88857855092049,30.45180698044584],[51.88887190345175,30.45038546618746],[51.88912027095724,30.44963200442515],[51.89120397834086,30.44864491166329],[51.8925995834233,30.44496497050332],[51.89285193952254,30.44465369247875],[51.8952789672153,30.44215622533865],[51.89613966969787,30.44139854892006],[51.89567187861,30.44047310343392],[51.89545683484621,30.43928059251638],[51.89546454118911,30.43920801353926],[51.90081037810624,30.43716986068418],[51.90294983924439,30.43676292780201],[51.90650469294411,30.43615173028026],[51.90675020155425,30.43594516083177],[51.90727957787003,30.4356139170043],[51.9076930070059,30.43538706222792],[51.90843993621898,30.43459189091781],[51.90859292340116,30.43404291455398],[51.90788711814189,30.43342164219841],[51.90622534209729,30.43198513891392],[51.90597623589215,30.43190859505851],[51.90514130575198,30.43197309241594],[51.90448449041421,30.43176239433829],[51.90281089532495,30.43133035101426],[51.89737393030681,30.43010962688257],[51.90119442202026,30.42368485377025],[51.90575847650477,30.41800508581436],[51.91032528171542,30.41267815348765],[51.91150335176404,30.40796311403962],[51.91105895634038,30.40396541489344],[51.91274373692286,30.39536368999281],[51.91618820718496,30.38627892389878],[51.91978539687386,30.37907572361949],[51.92540757834702,30.37079906018004],[51.92982880446964,30.36476645641916],[51.93600437562218,30.35777978684755],[51.93895222745246,30.35387550054531],[51.94299308857519,30.35078696655151],[51.94609083432535,30.34841116471006],[51.94919865130021,30.34709425704356],[51.95189711970669,30.34554491488696],[51.95343309065388,30.34462256240765],[51.95383990785901,30.34374443193292],[51.95436816231464,30.34270465530862],[51.9556644592513,30.34128201082154],[51.95621698746764,30.33925440854631],[51.95846473952702,30.33760514484623],[51.96055529849457,30.33553189523192],[51.96149578552495,30.33300017555226],[51.96206653506496,30.33152637599182],[51.96252257430932,30.33034875188122],[51.96265799068475,30.33038866064527],[51.96260700737196,30.33132983421938],[51.96234928695017,30.33207212474353],[51.96162162188784,30.33425639869938],[51.96065939752929,30.33704798458942],[51.95931212806848,30.33894262985733],[51.95901016073304,30.33974602965368],[51.95912647277572,30.3398637149147],[51.95954879203109,30.33983535966706],[51.95997300433952,30.34070719963443],[51.96024245523346,30.34107923416299],[51.96038682780053,30.34144792773842],[51.96043127243703,30.34189995551172],[51.96062773043104,30.34186154026897],[51.96092822333411,30.34152479177461],[51.96219858512348,30.34021755340431],[51.96362261678772,30.33899733751863],[51.96450745923657,30.33824065032569],[51.96520437712812,30.33799877071884],[51.96566515990782,30.33816332699704],[51.96566334054606,30.33868934805119],[51.9658250130011,30.33938491258266],[51.96617680639458,30.33954728059978],[51.96705939176736,30.33982084326245],[51.96767220627184,30.33962854033402],[51.96848375749855,30.33917438763518],[51.96890920204512,30.339305125771],[51.96965881662129,30.33997603607897],[51.97121465715742,30.34082258647338],[51.97182537194484,30.3410868797153],[51.97205919529848,30.34057563327255],[51.97286645866763,30.3397769555784],[51.97402465672759,30.33927119257128],[51.97512160706449,30.33840186008164],[51.97574417801125,30.33765276188925],[51.97755958509931,30.3361732895717],[51.97838942899388,30.3354856774859],[51.9803213434969,30.33243170833659],[51.98197391974092,30.3311034536314],[51.98542180783741,30.3285394026954],[51.98747559272279,30.3272420161156],[51.99084708920712,30.32670938557981],[51.99128084515448,30.32645729853285],[52.00108463750048,30.32164350453931],[52.00321915397882,30.32120854165871],[52.00491245125219,30.32104198315074],[52.00563731825882,30.32084262857904],[52.00841766603818,30.31827488237757],[52.00916083244569,30.31773616041596],[52.01459932948414,30.31449935657905],[52.01594947117162,30.31376157090422],[52.0182666952259,30.31160434183236],[52.01919274978364,30.31057152614553],[52.02012367374061,30.30971218664498],[52.02064847588601,30.3089381952506],[52.02145708309143,30.30744233695885],[52.02140940294494,30.30712996532473],[52.02197576920745,30.304947521045],[52.02261874572036,30.3033294364742],[52.02297396103526,30.30287987031654],[52.02350686763767,30.3023547927769],[52.02342347715107,30.30187229794487],[52.02488534342171,30.29720986008038],[52.02536461779626,30.29518737904336],[52.02597570672532,30.29371932985473],[52.02705282375982,30.29241094039342],[52.02881669752858,30.29008483723274],[52.03000225299051,30.28883377399081],[52.03163067572297,30.28840201927467],[52.03500017958604,30.28796116097859],[52.03797547762825,30.287231577738],[52.04000169330291,30.28650947082467],[52.0425714245303,30.28590067564589],[52.04349741836524,30.28577833236986],[52.06266257249361,30.29255192686423],[52.06191403344642,30.29402173809159],[52.06085540967898,30.29509164252479],[52.05518156208342,30.29823302799608],[52.05315131828223,30.29900115026027],[52.05178113368868,30.29954283003142],[52.05051473535963,30.30026054914348],[52.04986028972126,30.30101756914217],[52.04939588657896,30.30169913832577],[52.04639924932816,30.30438006886151],[52.04732650898742,30.30586856963268],[52.04756382311788,30.30681593612256],[52.04854974682179,30.31010400696752],[52.04911769887749,30.3116070371674],[52.04919962878819,30.3134299970083],[52.04924563221902,30.31445353662923],[52.04898510044981,30.31485357908139],[52.04797919707745,30.31639808584299],[52.04620480529697,30.3191224316165],[52.04541407655875,30.32049070641326],[52.04471645258624,30.32192712044903],[52.04166435740149,30.32727613318694],[52.03953926676463,30.32985164869661],[52.03899589721765,30.33123899753268],[52.03876917180369,30.33241637452615],[52.03933592014953,30.33324168960705],[52.04047479842981,30.33416311275792],[52.04046468237836,30.34267859145273],[52.0407173193144,30.35691587121023],[52.04230824660418,30.3578760644175],[52.04201028655072,30.35863020328502],[52.04211976378038,30.35933687184176],[52.04080856934277,30.36071818030523],[52.0356403877559,30.36386799408888],[52.03372411477397,30.36591734692977],[52.04023597480957,30.37406872339005],[52.04088836648228,30.37787982028525],[52.04059408719155,30.37898769428357],[52.04195195954538,30.38198391398724],[52.04339218872429,30.38312217045789],[52.04776271203651,30.38162789555149],[52.0497347066225,30.38002010509949],[52.05183027611353,30.37566957951084],[52.05243655649168,30.3751340438096],[52.05212205124953,30.37434059565148],[52.05593741816846,30.36869373290101],[52.0570201718693,30.3697905091626],[52.0581153301403,30.37203692422793],[52.05870028281559,30.37448378950259],[52.05922599514155,30.37647142202806],[52.06073207396831,30.38103083828409],[52.06183446031154,30.38451983722115],[52.06508618114182,30.39499692659803],[52.06533685396113,30.3974385854423],[52.06411241640541,30.39822588799956],[52.05911659723487,30.40269236778219],[52.05722842744722,30.40431089162067],[52.05460493708237,30.40531347205179],[52.05517530238131,30.406231932969],[52.05484687044056,30.40696332514869],[52.05390454415959,30.40794258511572],[52.05369356281509,30.40917342608282],[52.05359033938677,30.41000016227332],[52.05326866461944,30.41136306887656],[52.05259870168931,30.41161138388249],[52.05204968873101,30.41268462510392],[52.05183643557439,30.41370657643134],[52.05201864960397,30.41501683626117],[52.05118363429234,30.41555796976471],[52.0502941194239,30.41624528338502],[52.04917065040285,30.41811988563774],[52.04828940723194,30.41958443993314],[52.04723738460844,30.42080744600949],[52.04607582051908,30.42227423489228],[52.0449728652323,30.42398345599922],[52.04543166358884,30.42495143290149],[52.04549445330355,30.42558250242379],[52.04539218467053,30.42650638925567],[52.04517579074863,30.42703731070546]]]]},"properties":{"Name":"منطقه حفاظت شده برم فیروز","description":"<html xmlns:fo=\"http://www.w3.org/1999/XSL/Format\" xmlns:msxsl=\"urn:schemas-microsoft-com:xslt\">\n\n<head>\n\n<META http-equiv=\"Content-Type\" content=\"text/html\">\n\n<meta http-equiv=\"content-type\" content=\"text/html; charset=UTF-8\">\n\n</head>\n\n<body style=\"margin:0px 0px 0px 0px;overflow:auto;background:#FFFFFF;\">\n\n<table style=\"font-family:Arial,Verdana,Times;font-size:12px;text-align:left;width:100%;border-collapse:collapse;padding:3px 3px 3px 3px\">\n\n<tr style=\"text-align:center;font-weight:bold;background:#9CBCE2\">\n\n<td>منطقه حفاظت شده برم فیروز</td>\n\n</tr>\n\n<tr>\n\n<td>\n\n<table style=\"font-family:Arial,Verdana,Times;font-size:12px;text-align:left;width:100%;border-spacing:0px; padding:3px 3px 3px 3px\">\n\n<tr>\n\n<td>FID</td>\n\n<td>12</td>\n\n</tr>\n\n<tr bgcolor=\"#D4E4F3\">\n\n<td>OBJECTID_1</td>\n\n<td>13</td>\n\n</tr>\n\n<tr>\n\n<td>cod</td>\n\n<td>13</td>\n\n</tr>\n\n<tr bgcolor=\"#D4E4F3\">\n\n<td>tafkik_id</td>\n\n<td>3</td>\n\n</tr>\n\n<tr>\n\n<td>tafkik_nam</td>\n\n<td>منطقه حفاظت شده</td>\n\n</tr>\n\n<tr bgcolor=\"#D4E4F3\">\n\n<td>shahrestan</td>\n\n<td>سپیدان- مرودشت</td>\n\n</tr>\n\n<tr>\n\n<td>NAME1</td>\n\n<td>منطقه حفاظت شده برم فیروز</td>\n\n</tr>\n\n<tr bgcolor=\"#D4E4F3\">\n\n<td>sal_mosava</td>\n\n<td>1396</td>\n\n</tr>\n\n<tr>\n\n<td>AREA_ha</td>\n\n<td>17987</td>\n\n</tr>\n\n<tr bgcolor=\"#D4E4F3\">\n\n<td>F_AREA</td>\n\n<td>179877416.788</td>\n\n</tr>\n\n<tr>\n\n<td>Shape_Leng</td>\n\n<td>78204.156444</td>\n\n</tr>\n\n</table>\n\n</td>\n\n</tr>\n\n</table>\n\n</body>\n\n</html>\n\n","timestamp":null,"begin":null,"end":null,"altitudeMode":"clampToGround","tessellate":-1,"extrude":0,"visibility":-1,"drawOrder":null,"icon":null,"snippet":""}},
{"type":"Feature","geometry":{"type":"Polygon","coordinates":[[[52.29538717656029,29.82295630912428],[52.28410876960966,29.83460188570173],[52.27210166791821,29.84393103039085],[52.26790336816389,29.84597135944684],[52.2642641525859,29.84807496077621],[52.24620056775815,29.83360397216714],[52.24608161707068,29.83316042196289],[52.24609215665781,29.83278118951165],[52.24620117694664,29.83255989107531],[52.24641251443106,29.83234120856301],[52.24666816508483,29.83185960826805],[52.24696387824087,29.83150146947148],[52.24735744452862,29.83121821542325],[52.24750291274253,29.83089871002835],[52.24768140019666,29.83047308815535],[52.24785091403515,29.83032052751132],[52.24808460206783,29.83016627021185],[52.24822477823818,29.82998582408076],[52.24838187255857,29.82983338104408],[52.24851606257939,29.82950784410868],[52.24882038060971,29.82927347188375],[52.24892645190777,29.82904966257931],[52.24920576730884,29.82883647093458],[52.24932256655926,29.82857573482825],[52.24992947623596,29.82830016489726],[52.24996694635861,29.828217477598],[52.24993674506302,29.82772923451679],[52.24999931267981,29.82760828451736],[52.25001313754255,29.82758154263968],[52.25022094532447,29.82747735485961],[52.25039757322362,29.82739657174801],[52.25043602445483,29.82713008824055],[52.25050043088071,29.82704967155022],[52.25055120319146,29.82693833497499],[52.25049273938505,29.82670383770347],[52.25059065043909,29.82662056901569],[52.25074205818479,29.82651006446977],[52.25083637879122,29.82633872256906],[52.25131520445647,29.82608749621578],[52.2513772205367,29.82594824071294],[52.25162429705428,29.82583898553071],[52.25194519788162,29.82573912060499],[52.25203355081828,29.8256530538631],[52.25204564111808,29.82543087372998],[52.25194986567603,29.82509491573122],[52.25201759762843,29.82498268605026],[52.25215779596446,29.82483834873904],[52.25212646916871,29.8244905715135],[52.25199222005001,29.82412502019401],[52.25201874962176,29.82389873271461],[52.25215977104654,29.82375329573291],[52.25258323518729,29.82367627896545],[52.25276440360006,29.82356187146513],[52.25305119912996,29.82354863059068],[52.2531685501557,29.82343050549163],[52.25319383999827,29.82310673783182],[52.25334834129205,29.82298032014846],[52.25345380196735,29.82287134039398],[52.2534396240198,29.82270140512632],[52.25325868588026,29.82231139156588],[52.2532428438143,29.82207431544994],[52.2533648276575,29.82189801701172],[52.25359155172812,29.82184960999772],[52.25383467324267,29.82182162113097],[52.25401708617103,29.82161007749133],[52.25426421278848,29.82157122222539],[52.25445360450262,29.82164846301354],[52.25457726391681,29.82160321670702],[52.25474665678333,29.82144306960761],[52.25490938305904,29.82131187065964],[52.25512076097588,29.82064327791083],[52.25527260125454,29.82050315820359],[52.25533738071285,29.82038698357767],[52.25545200889643,29.82015334405117],[52.25575168226376,29.81991610391443],[52.25599309628242,29.81959132711691],[52.25614321474296,29.81960901216816],[52.25626942607497,29.81976486057428],[52.25635829353985,29.82011027583767],[52.25651657290311,29.82041059698942],[52.25671682212062,29.82059317382013],[52.25680933966085,29.8206395781559],[52.25691465673027,29.8207479621014],[52.25702583338145,29.82034139498584],[52.25708076776586,29.81984221977998],[52.25720966832643,29.81959182846349],[52.2572554993575,29.81954950496569],[52.25764353263948,29.81945439204217],[52.25767965868636,29.81939735190882],[52.25738613602279,29.81917488591849],[52.25718091784444,29.81905735450497],[52.25715728702589,29.81892542651399],[52.25722433155472,29.81872762855093],[52.25752884085697,29.8185127354318],[52.25779726021195,29.81839097646967],[52.25818162102802,29.81830131216335],[52.25816183401131,29.81824337861451],[52.25792217792112,29.81808790653576],[52.25761421304087,29.81780347788543],[52.25759998627058,29.81762921122463],[52.25765994588541,29.81739537553548],[52.2578619672706,29.81664454479681],[52.25791509673493,29.81616777421849],[52.25797937246351,29.8159797568992],[52.25809270912008,29.81587357806204],[52.25855833063284,29.81582501645861],[52.25870053267013,29.8157738055706],[52.25895414319064,29.81556265267562],[52.25934074772243,29.81545562827915],[52.25968370100046,29.81552921426707],[52.25983392905466,29.81575018128427],[52.26011506012484,29.81552141923441],[52.26027351038355,29.81547871360678],[52.26043460662395,29.81554539643707],[52.26069873867075,29.81550997670575],[52.26040429962911,29.81511745439956],[52.26016479059457,29.81490818703181],[52.2601112267512,29.81473466579794],[52.26017498876654,29.81450765170828],[52.26035756459788,29.81437553505442],[52.26057269663798,29.81432939267593],[52.26089202551247,29.81433640717293],[52.26118016108216,29.81439751825457],[52.26154230343813,29.81428784154505],[52.26133375834331,29.81400714549832],[52.26130559190188,29.81381171717673],[52.26141484900134,29.81364563875491],[52.26164211078687,29.81344737376888],[52.26157081013734,29.81314872768343],[52.26163363094872,29.81304232345873],[52.26172818388848,29.81302632475868],[52.26218413734182,29.81298299552741],[52.26219419806473,29.81296015054357],[52.26210116861846,29.81288974252552],[52.26202905567609,29.8128164185097],[52.26194596338337,29.81272912316168],[52.2617556406617,29.81280499868144],[52.26151975659715,29.81271774348919],[52.26130038108098,29.81291773862974],[52.26121667504153,29.81291241954554],[52.26094754918249,29.81236222905554],[52.26099116601524,29.81214623440912],[52.26102577574271,29.81208250411249],[52.2619217006744,29.80979417939205],[52.26208605863376,29.80969617369935],[52.26244211187522,29.80966165857785],[52.26248704722517,29.80987317020137],[52.26253586967774,29.80990302354642],[52.26270002483076,29.80982926496382],[52.26334329252018,29.80950852128862],[52.26384158920128,29.80911288249261],[52.26381693300273,29.80898290554432],[52.26371364925662,29.80884742799464],[52.26380576855485,29.80883399495164],[52.26410045383665,29.8089940459661],[52.26427532704304,29.80899693897887],[52.26438224815789,29.80875700306962],[52.26435465114195,29.80851512372823],[52.26447489197786,29.80836996311232],[52.26440175297758,29.80813434889673],[52.26457369380329,29.8080135990579],[52.26483030357169,29.80802921770884],[52.26512715837172,29.80812338945042],[52.26526570541991,29.80807229784871],[52.26515751519311,29.80787254619662],[52.26479979150942,29.80765196492889],[52.26439116269453,29.8075730184043],[52.26430434545621,29.8074962186022],[52.26434997714134,29.80742226457706],[52.26449601803469,29.80732947460531],[52.26464316101503,29.80718523852734],[52.26456898790947,29.80694962612996],[52.26461890193197,29.80677280624652],[52.26475463783748,29.80664480466554],[52.26505676220992,29.8066622694364],[52.26523159979764,29.80669043804272],[52.26526268325231,29.80666429549836],[52.26527314193967,29.80658760263518],[52.26517712821517,29.80642956756343],[52.2652383080467,29.80633488300438],[52.26534593288842,29.80632868190577],[52.26576798017332,29.80642929753499],[52.26586527575275,29.80641135578493],[52.26592751456485,29.80630222186713],[52.26589346977419,29.80622638751727],[52.26553773705781,29.80606266576569],[52.26519954801728,29.8059377667139],[52.26509833116188,29.80579868704086],[52.26510785841533,29.80564889172499],[52.26545711977124,29.80525850978779],[52.2655557895322,29.8049924018404],[52.26574434291495,29.80482745553641],[52.26596690339076,29.80476181358514],[52.26671058962719,29.80497827874991],[52.26679558489028,29.80497630897863],[52.26706029619896,29.80495238491564],[52.26714968903831,29.8048683558601],[52.26708403097005,29.80479463870685],[52.2669009299091,29.8047245831327],[52.2667152578309,29.80459745864886],[52.26662031516925,29.80441687388468],[52.26663004768457,29.80411185889772],[52.26681040659031,29.80388644026083],[52.26697619067574,29.80371966212101],[52.26699304321932,29.80350941760648],[52.26710178574533,29.80344274616363],[52.26749290416656,29.80345127689398],[52.26788489913881,29.80357351449769],[52.26806291029609,29.80354121693578],[52.26833837638195,29.80338177675402],[52.26838308085649,29.80322479461135],[52.26832315182637,29.80316156281228],[52.26803142271213,29.80311523693641],[52.26779160260173,29.80294171893867],[52.26773280195133,29.80281531877334],[52.26776505800439,29.80268449878214],[52.26798591496081,29.8023472196543],[52.26787653754919,29.80212871202859],[52.26749310569885,29.80179892604848],[52.26745600913495,29.80168788354304],[52.26752337122893,29.80161124754595],[52.26794557109612,29.80158913299004],[52.26844003335512,29.80168530988884],[52.26877308955591,29.80177228726501],[52.26882278735681,29.80174887175995],[52.26870834870039,29.80144824310591],[52.26873331834404,29.80134449190854],[52.26892273837156,29.80129505500915],[52.26978190295227,29.80104055390728],[52.27014022550697,29.80081080404067],[52.27029086325977,29.80024705009528],[52.27026520164652,29.8002099104239],[52.27026341795635,29.79999422465514],[52.27038886740057,29.79980845603564],[52.27059587073209,29.79976535391226],[52.27083991936314,29.79986937858557],[52.27113872807909,29.80003032314853],[52.27125254634326,29.8000277295695],[52.27126099411309,29.79990049552059],[52.2709169810864,29.79950126252739],[52.27093466022731,29.79943721427348],[52.2710547969481,29.79935250803044],[52.27154316154763,29.79935661767796],[52.27160637328112,29.79928358487973],[52.27152171029858,29.79915354597378],[52.27154038315907,29.79911656656228],[52.27181162233936,29.79900223459751],[52.27200721305926,29.79897896604476],[52.27196074574493,29.79890672692129],[52.27168976573481,29.79882884263253],[52.27158644106822,29.79871953851854],[52.27158154906247,29.79851107461353],[52.27141783491889,29.7986814659741],[52.27126988540316,29.79867590473242],[52.27121101534498,29.79859733264026],[52.27128782039764,29.7984169219295],[52.27163593911327,29.79807344970849],[52.27174286395653,29.79780733911747],[52.27168809933975,29.79775403845186],[52.27099942229556,29.79820996459767],[52.27093532612337,29.79817381005756],[52.27092834283098,29.7979797762294],[52.27112554264684,29.797523344254],[52.27162324445036,29.79673512247701],[52.27193547773017,29.79613893255068],[52.27261839603361,29.79532834238707],[52.27287437750785,29.79500913557519],[52.27345959385313,29.79452512142045],[52.27404356878347,29.79419180620648],[52.27439752656907,29.79411094316714],[52.27469030159968,29.79412657367812],[52.27486962401495,29.79387768363866],[52.27507257375873,29.79375515969002],[52.27538089996759,29.79374733844361],[52.27539547862849,29.79368057540851],[52.27534486402027,29.79361013797062],[52.27498611376465,29.79340582691273],[52.27531660205456,29.79306954489953],[52.27535193686048,29.79295316752781],[52.2752849629308,29.79273561841281],[52.27537091609032,29.7926779484986],[52.27577649662092,29.79266751951606],[52.27650826663258,29.79244804561325],[52.27670094095105,29.79226053013641],[52.27684482691557,29.79220922997522],[52.2772472388835,29.79224933306244],[52.27763403595125,29.79236161252075],[52.27770654501401,29.79230121955461],[52.27769110106394,29.79223622728006],[52.27754444931941,29.79203394255612],[52.27754149798014,29.79191391908978],[52.27766170640538,29.79176694155512],[52.27779316958673,29.79170930847163],[52.27812214361604,29.79173850613633],[52.27842106301127,29.79180016151401],[52.27843847678605,29.79179725348801],[52.27801825915094,29.79146533922156],[52.27757632118296,29.79124484670914],[52.2772197876726,29.79087309974096],[52.27675181071216,29.79046851959114],[52.27659239387187,29.79022308354013],[52.27657491193026,29.79020911214025],[52.27622874826736,29.78990581202271],[52.27621435203908,29.78987012308511],[52.2757765201799,29.78982232823762],[52.27539287700807,29.78980225439408],[52.27512270199982,29.79002959476987],[52.27484286911994,29.79007776085779],[52.2743771012057,29.78988583799857],[52.27377910862067,29.78932424604453],[52.27236276961283,29.78871608353826],[52.27184683737558,29.78827477524929],[52.27161187480445,29.78756629479328],[52.2719116303112,29.78689988986376],[52.27268587236385,29.78642115966261],[52.27270916926142,29.78640898611162],[52.27280425615105,29.78636086644304],[52.27349060704606,29.78597635845685],[52.27334687543066,29.78540798587673],[52.2733551675494,29.78538295529224],[52.27319815553011,29.78505566124056],[52.27318510025306,29.78501829591822],[52.2726978302758,29.78470589776779],[52.27185955506786,29.78435329104505],[52.27141401273171,29.78437421002477],[52.27070759154959,29.78419078323633],[52.27009229108922,29.78390199729376],[52.26974628437384,29.78360964147626],[52.26930833781004,29.78365475792038],[52.2692769004096,29.78365615161691],[52.26887730071151,29.78357173754261],[52.26855601903403,29.78331317257954],[52.2682080205963,29.78336468461654],[52.26792642555839,29.7836297275156],[52.26770472467645,29.78359824714845],[52.2675715060406,29.78377778382594],[52.26757762936651,29.78379603526935],[52.26756826565719,29.78382840581336],[52.26742185440985,29.78415512395624],[52.26741575974145,29.78415951018797],[52.26723500534587,29.7845378214495],[52.26708550344965,29.78480699353067],[52.26684747235338,29.78492578518166],[52.2664709896665,29.78489557653799],[52.26629845071683,29.7850364896675],[52.24968689712851,29.77855302874314],[52.24978917959955,29.77845878278986],[52.24988970089716,29.77834609969968],[52.24999948262633,29.7783044096068],[52.25011949712356,29.77825884169877],[52.2504153652478,29.77824926718337],[52.25059517441517,29.77837221263061],[52.25075415339161,29.77858357169469],[52.25079319365312,29.77861438870048],[52.25084228542163,29.7786650974568],[52.25087750788026,29.77874993192266],[52.25091903362384,29.77865125166366],[52.25093103986611,29.7785919057475],[52.25093238415864,29.77838975954618],[52.25101950368048,29.77824998658116],[52.25124399504534,29.77824032751316],[52.25144965043496,29.77836871219505],[52.25156763506217,29.7783345592743],[52.2517678562925,29.77797201812831],[52.25179412912147,29.77770583755759],[52.25173545780225,29.77751534978448],[52.25155993475769,29.77730036658898],[52.25145242316538,29.7772542175813],[52.2509103732152,29.77724905951236],[52.25072648627604,29.77709001262113],[52.25023517273298,29.77705964657899],[52.25013387199838,29.77700537858193],[52.25021798234855,29.77680423559788],[52.25034539564201,29.77668978281051],[52.25069728688482,29.77657739300006],[52.25106968803619,29.77658054771225],[52.25157408867319,29.7768473642435],[52.25191107164671,29.77700838959146],[52.2520690961848,29.77716470183891],[52.25226213243567,29.77743204521306],[52.25233238323951,29.77748808553184],[52.25248543013008,29.77752435455906],[52.25292919610843,29.77753480590678],[52.25320729066526,29.77764974175017],[52.25342024801407,29.77774564963232],[52.25345756983326,29.77769245148804],[52.25338857455298,29.77748480974875],[52.25297766942079,29.77696001690002],[52.25276693271324,29.77677476858899],[52.25261909777903,29.77671503368857],[52.25216084139866,29.77670366356303],[52.251992415729,29.77658344589125],[52.25163208241744,29.77614263267496],[52.25168832166298,29.77589633664003],[52.25178783336813,29.77576198559905],[52.25191209964627,29.77568001078661],[52.25181913834258,29.77558605054365],[52.2516102090451,29.77557316605827],[52.25153275229269,29.77548825412072],[52.25164079123444,29.77519779252399],[52.25154799973255,29.77499915415535],[52.25164109832953,29.77433506642107],[52.25185136743023,29.77415392699626],[52.25238450118238,29.7738919526358],[52.25275072304744,29.77386982154258],[52.25290173488008,29.77388172893737],[52.25306916734528,29.77397397211547],[52.25314233496257,29.7741563539783],[52.25331501600785,29.77419897023524],[52.25342879922371,29.77420090571182],[52.25365953308864,29.77416327287887],[52.25377148703446,29.77400998868045],[52.25388346776857,29.77384136364747],[52.25398481107015,29.77385772748107],[52.25416353859279,29.77400864418586],[52.25420078122604,29.77400417609961],[52.25401421144965,29.77357078998329],[52.25368666929102,29.77333577518469],[52.25320677334191,29.77328647887582],[52.25315000740563,29.77320339309876],[52.25310724777341,29.77275393382625],[52.25320991297307,29.77259071264305],[52.25359299820956,29.77235923021744],[52.25389243108265,29.77204192839749],[52.25636537966668,29.77367726960281],[52.25650345533639,29.77397795761925],[52.25686977991359,29.77388452693775],[52.25729079119472,29.77388320472783],[52.25756991160123,29.77400534987018],[52.25766913945026,29.7740559952908],[52.2580637166295,29.7737478146994],[52.25802860604356,29.77370535782199],[52.25776381432549,29.77369423264944],[52.25756845001406,29.7735929395285],[52.2574921568673,29.77342409861816],[52.25749816137444,29.77286910417615],[52.25726169040788,29.77259449304875],[52.25727313397676,29.77255661056864],[52.25749025652811,29.77262543715576],[52.25755226478221,29.77266341526492],[52.25759675582621,29.77265624144775],[52.2579003771743,29.77229110265591],[52.257827192318,29.77211775652114],[52.25796408790026,29.77188508379918],[52.25805621954789,29.77183645243387],[52.25804813139045,29.77170830190677],[52.25815580100506,29.77165067119985],[52.25831820183708,29.77164724003293],[52.25833805804074,29.77151460860289],[52.25841674819052,29.77146236091475],[52.25864638007522,29.77146713289896],[52.25876687154969,29.77112885552837],[52.25888292363718,29.77099813369543],[52.25907633043685,29.77101278795944],[52.25947338702879,29.77111159873484],[52.25970996581476,29.77131852540876],[52.25976690098751,29.77128339568511],[52.2597642221901,29.77100002754157],[52.25961044364407,29.77076161239806],[52.2597108800436,29.77069404284541],[52.25975851039381,29.77066431588533],[52.25929493858422,29.77007360162339],[52.25929841975394,29.76982273355583],[52.25934826721742,29.76968832655056],[52.25942905036692,29.76962073682174],[52.25967738771735,29.76956416555858],[52.25997825485648,29.76965203383693],[52.26007445579311,29.76964943882318],[52.26013043191129,29.76956918008574],[52.25998915710251,29.76927122345898],[52.26000689555465,29.76917197389895],[52.26041597176444,29.76882860898401],[52.26088700201944,29.76856381807911],[52.26113419686043,29.76857492459054],[52.26122001176967,29.76860118668964],[52.26139268454519,29.76865191405557],[52.26179553019674,29.76903499402633],[52.26210534670403,29.76937375126375],[52.26301562508065,29.77007323117209],[52.26310747552905,29.77021592266862],[52.26296973334034,29.77033218253861],[52.26307929576671,29.77039276964176],[52.26350027423305,29.7704040525566],[52.26359116857625,29.77049439671328],[52.26367694596052,29.77055044510067],[52.26369815054905,29.7701913026147],[52.2637914733859,29.77002625879093],[52.26352699558383,29.76980035646792],[52.26321212099215,29.76938038352099],[52.2628881543848,29.76880608027117],[52.26266093103091,29.7678573750776],[52.26265724062972,29.76755235050295],[52.26281886283979,29.7673711442009],[52.26315114678255,29.76719102309707],[52.26350699028502,29.76717246396843],[52.26388747657432,29.76728026248723],[52.26471656581364,29.76760514454921],[52.265108236511,29.76785464253279],[52.26536429666464,29.76817618350949],[52.26548499776654,29.76840553264162],[52.26555604138692,29.7686357268248],[52.26558485715263,29.768737726855],[52.26581539863684,29.76882100292701],[52.26604912978964,29.76885283855049],[52.2662675460262,29.76873034374003],[52.26634001086949,29.76869341841433],[52.26643428102128,29.76859335405393],[52.26676838251014,29.76858829444432],[52.26705996533139,29.76866892710462],[52.26710133734316,29.7686680696039],[52.26709014340697,29.76853720541332],[52.26656044149481,29.76787696354592],[52.26628973642003,29.76767091643273],[52.26614223101458,29.76738107640082],[52.26611991053882,29.76707513046381],[52.26618412429553,29.76701473390385],[52.26643557939985,29.76693559686064],[52.26727236531967,29.76693648784151],[52.26742541968832,29.76696101874545],[52.2675711168655,29.7670658596296],[52.26756374171021,29.76715698859539],[52.26736065351739,29.76741216173294],[52.26742881551516,29.7674862346284],[52.2681091901007,29.76765480950073],[52.26815783622418,29.76762959166465],[52.26826186941239,29.76720376257802],[52.26841141012859,29.76677707284207],[52.26856453506876,29.76674654754455],[52.26886545156821,29.76680552803328],[52.26922616154401,29.76700082504263],[52.26934214355303,29.76690619739806],[52.26936408919452,29.76674288160465],[52.26947371827706,29.76675472526348],[52.26979795979229,29.76714671955495],[52.26997705269186,29.76704132551257],[52.27004755616353,29.7669123481282],[52.27000864743805,29.76662714564016],[52.27007835482074,29.76633572856821],[52.27024715535639,29.7661870105051],[52.27056587413824,29.76607995063917],[52.27098589008401,29.76602533656607],[52.27133959050379,29.76606180416305],[52.27163014786579,29.76612617491877],[52.27167050600211,29.76611719621997],[52.27163048231902,29.76588252019257],[52.27165456791428,29.76566686352767],[52.27149137231016,29.7654952388229],[52.27124446501399,29.76528020194232],[52.27113700594175,29.76519436267481],[52.27073563932046,29.76523003660412],[52.27061366688234,29.76516764571801],[52.27048058908083,29.76491301821316],[52.27040923162411,29.76491023851199],[52.26992994233061,29.76519670883842],[52.26982654329029,29.76516862693652],[52.26961896488532,29.76493648821649],[52.26944617702272,29.76497330259864],[52.26922887852875,29.76503985502322],[52.26903032946381,29.7650071539747],[52.26841531059969,29.76471412213542],[52.26804094460275,29.76467131058679],[52.26785065302076,29.76465847208382],[52.26783735269159,29.76454926716649],[52.26805914394915,29.76423003450367],[52.2683334903986,29.7640525505689],[52.26874017222853,29.76391129873169],[52.26922013742027,29.76388383555044],[52.26936395027754,29.76385420278778],[52.27067789087261,29.76359387361987],[52.27095817776293,29.76360228884981],[52.27094487937325,29.76348947475407],[52.27039932803128,29.76308281459094],[52.26991975440816,29.76282692178337],[52.26983408771164,29.76270139297563],[52.26986626740118,29.76261570079937],[52.27055991337534,29.76213181558727],[52.27127296586404,29.76182483152527],[52.27154297763497,29.7617799965603],[52.27173014095396,29.76181087143674],[52.27193680087449,29.76195727256027],[52.27266797770341,29.76277382240902],[52.27298173838033,29.76327047863285],[52.27303941807616,29.76345283583824],[52.27306302397257,29.76358641258037],[52.27320037904875,29.76373906346618],[52.27327075314947,29.76371477163379],[52.27343646586682,29.76354979951911],[52.27369710535093,29.76355367053779],[52.27401344976423,29.76366770658882],[52.27411582988902,29.76368314458718],[52.27423881553164,29.76375275956904],[52.27434626141008,29.7638449139958],[52.27440119857728,29.76375473327484],[52.2743463556051,29.76299753368437],[52.27420400837263,29.76271132576609],[52.27406986167396,29.76247384748475],[52.2739121749466,29.76205405519243],[52.27389063784825,29.76192047580809],[52.27394897336372,29.76161190468778],[52.27408981636747,29.76147217717073],[52.27429677425854,29.76139838111729],[52.27468461025584,29.76141862843302],[52.27504741201529,29.76159678059322],[52.27544200954431,29.76197439479052],[52.27548005753641,29.76214408129041],[52.27538050930059,29.76233259175361],[52.27549324171962,29.76233902150177],[52.27577052386384,29.76226891156842],[52.27585735379487,29.76231502572375],[52.2759676902505,29.76256510253323],[52.27596439338917,29.76271219508306],[52.27605743462987,29.76274477574988],[52.27642261031551,29.76269370577747],[52.2768145551333,29.76273741495729],[52.27715153613575,29.76289658069958],[52.27718969258203,29.76298234342625],[52.27715539631802,29.76310142857331],[52.27726188341499,29.76314304671055],[52.27754317476714,29.76316949489394],[52.27766512149808,29.76325083859456],[52.27779123653562,29.76250826277356],[52.27785862597614,29.76238830820383],[52.27805837168766,29.76228743150696],[52.27818038427602,29.76231462416722],[52.27819173505296,29.76233539552372],[52.27828412502715,29.76207559210659],[52.27830337535732,29.76158378099841],[52.27836880415408,29.76137628729442],[52.27844436070669,29.76133755784622],[52.27862427352579,29.76137564076066],[52.27878649445386,29.76150123572796],[52.27942364675874,29.76228426658855],[52.27965854835034,29.76252311964806],[52.27989744095703,29.76268107962132],[52.28002855870842,29.76292400250452],[52.2801153010839,29.7629045478368],[52.28020439160797,29.76278491359528],[52.28020169052714,29.76214867355865],[52.28031525946032,29.76156953764736],[52.28044075286635,29.76147586514157],[52.28067766619559,29.76148172896466],[52.28082401484776,29.76154947918949],[52.28107699551548,29.76190361306741],[52.28112752702653,29.76215963371639],[52.28122679215075,29.76215545973569],[52.28141400931693,29.76201720558102],[52.28182097219291,29.76180189007766],[52.28216754424611,29.76181074013031],[52.28222169386682,29.76172107828514],[52.28208912604872,29.76156119858952],[52.28174103941776,29.76121392598385],[52.28161722114125,29.76097909064909],[52.28158402164658,29.76069047976732],[52.28170142644408,29.76048494351631],[52.28179195599547,29.76041854455684],[52.28206425179006,29.76045308355155],[52.28238312161469,29.76062995467942],[52.282604535586,29.76063861744494],[52.28293722140889,29.76058887343516],[52.28312980332331,29.76061394227355],[52.28331835154835,29.76079065761909],[52.28345688706695,29.76091981446367],[52.28355586400371,29.76087683117627],[52.28357739283003,29.76071426548515],[52.28356779427316,29.76026397357281],[52.2830570272361,29.75974075803428],[52.28303511126065,29.75957753185052],[52.28313497151107,29.7593775075392],[52.28314517476941,29.75922132417212],[52.28326734637855,29.75909968860654],[52.28360362973375,29.75911580970775],[52.28394423751731,29.75915807409043],[52.28423255250779,29.75912303322952],[52.28447215104785,29.75907381922232],[52.28492900174682,29.75916776750669],[52.28501937288729,29.75924328583026],[52.28547216111665,29.75930496654456],[52.28565293562622,29.75915457984329],[52.28566503023855,29.75911209564345],[52.28528509684276,29.7587938916242],[52.28521746192442,29.75846667873848],[52.28420250099302,29.75647689281989],[52.28421132180156,29.75644276856486],[52.28404485467366,29.75590132496543],[52.28402227497871,29.75537620542848],[52.28392900536932,29.75507711579609],[52.28404143127477,29.755035859694],[52.2846602288329,29.75534818395997],[52.28594856527082,29.75598064117755],[52.28613273911021,29.75626386683528],[52.28626039867065,29.75645896503689],[52.28669692329036,29.75673802943609],[52.28700793588204,29.7568328035838],[52.28740747916715,29.75687382793245],[52.28787424121094,29.75704711599916],[52.2883557561474,29.75739450782849],[52.28852501086552,29.75761824610076],[52.28858044061433,29.75783543181764],[52.28857295294524,29.7584852617145],[52.28872787565506,29.75886340970829],[52.28889867482572,29.75901855166039],[52.28908857094427,29.75896240511349],[52.28931056635284,29.75877611047116],[52.28953990342637,29.7584661380532],[52.28960584607167,29.75843236890132],[52.28983545269062,29.75843013921654],[52.2903522931788,29.75852371024348],[52.29089400604844,29.75876064078512],[52.29144277978872,29.75910852856569],[52.29159825982214,29.7591518495753],[52.29165200771502,29.75901075156927],[52.29158465339516,29.75872324511968],[52.29148171222413,29.75851626948754],[52.29139274323926,29.75824152600007],[52.2911854499997,29.758049601694],[52.29063779032213,29.75771072556004],[52.29024031664095,29.75753613994467],[52.2900329980824,29.75733969307443],[52.28990219523976,29.75700472476163],[52.28986454970043,29.75654106226775],[52.28986402309645,29.75633529825184],[52.28975214927143,29.7560408324346],[52.28931716125568,29.75555510067846],[52.2891703348237,29.75528881420533],[52.28924867414037,29.75511688771029],[52.28933717678907,29.75505772250681],[52.28948232270223,29.7551038089119],[52.28978614811962,29.75547839276374],[52.29008867092709,29.75568150974219],[52.29036345395591,29.75577377782056],[52.29078473290777,29.75581556269204],[52.29116259203038,29.7559956704314],[52.29170015318873,29.75636799600204],[52.2918468406635,29.75634367926861],[52.29226221945131,29.75601817640053],[52.29266639742752,29.75571530685832],[52.29280313441237,29.75574339712114],[52.29329434783659,29.75641109203095],[52.29341888981963,29.75646631802336],[52.29368073796673,29.75648916750359],[52.29392911891645,29.75664385189118],[52.29403621861044,29.75658185770848],[52.29416435303892,29.75643130594305],[52.29431076002875,29.75637088513686],[52.29434573726461,29.7562100461695],[52.29415039484441,29.75582311420246],[52.29415302788856,29.75576082353812],[52.29436108367,29.75551142839146],[52.29444862316183,29.75546218727137],[52.29482015457742,29.7554907118915],[52.29569825756828,29.75575995570833],[52.29606886988659,29.75580382619137],[52.29613109772149,29.75569064502126],[52.29610250003359,29.75546790286501],[52.2960187877682,29.75534113601822],[52.29579908704719,29.75501391179573],[52.29570171461291,29.75472478756024],[52.29497752204161,29.75415863488204],[52.2949094225924,29.75404350758648],[52.29482805545993,29.75381835876213],[52.29485811544086,29.75369184004256],[52.29508663481121,29.75354881422279],[52.29534858276227,29.75344891917151],[52.2956187451387,29.75347803719797],[52.29642775920029,29.75391102168053],[52.29652485032113,29.75402868756186],[52.29661052821957,29.75441173687954],[52.29675870924608,29.75458415341091],[52.29746419255877,29.75500149810462],[52.29805515512737,29.75545650802054],[52.29812883925086,29.75548856829139],[52.29849693843236,29.75547468651261],[52.29881300303823,29.75541868546854],[52.29907345904983,29.75539459817533],[52.29932785174268,29.75525412552751],[52.29959813699957,29.75516320094213],[52.29976985458575,29.75503133708765],[52.29971502407064,29.75435750317624],[52.29977330668878,29.75413604693641],[52.29993726032443,29.75407191842012],[52.30013185164673,29.75409063442483],[52.30084796770426,29.75414148277155],[52.30124540973502,29.75431243540798],[52.30152310686572,29.75424402051845],[52.30171831010288,29.75420857659057],[52.30205798533894,29.75399630669649],[52.30231302242191,29.75380709471015],[52.30246618686978,29.7538179222697],[52.30286585167438,29.75400870941244],[52.30320814333724,29.75400217952349],[52.30348695156778,29.75407725345833],[52.30362529526228,29.75404575179302],[52.30370089382973,29.75392437725295],[52.3038148467402,29.75354646646718],[52.30398448560966,29.75328104004078],[52.30410066451176,29.75319101083831],[52.30431479793006,29.75319606462251],[52.3048606637338,29.75356827953131],[52.30525318587458,29.75350369542765],[52.30554222091444,29.75329713302937],[52.30576641204073,29.75326512391624],[52.30625563714943,29.75326855084808],[52.30660366858236,29.75320152259787],[52.30667737260211,29.75310271548852],[52.30670363212237,29.75288776397385],[52.30701450838663,29.75269911953111],[52.30710852522173,29.75268502497884],[52.30767559434333,29.75272318599796],[52.30823549586292,29.75263774500803],[52.30850264914567,29.75254501878878],[52.30885892139089,29.75247431261791],[52.30906605070496,29.75237652123584],[52.30926316180073,29.75232120419237],[52.30765389413185,29.74931808992686],[52.30763717770739,29.74928812484179],[52.31018220363627,29.74795270919464],[52.31248414368535,29.74620779364722],[52.31286391197789,29.74471276313519],[52.31385853662483,29.74264335607256],[52.31315799319439,29.74167016124748],[52.31309824270964,29.7416492596225],[52.31274180260577,29.74096784380862],[52.31197736427573,29.74028935107687],[52.31017630946575,29.74017225828199],[52.3096661583399,29.74000074318862],[52.30908745565583,29.73944867108592],[52.30855906898281,29.73874882909163],[52.30771508124339,29.73873662520576],[52.30745611464044,29.73869874051808],[52.30743810972013,29.73871006186036],[52.30699947824693,29.7386271197283],[52.30658413792267,29.73838153006141],[52.30645323231307,29.73835575572186],[52.30640403433838,29.73837237863382],[52.30596990703678,29.73839268816968],[52.30593990046804,29.73838589703348],[52.30545937113268,29.7382574574844],[52.30520238043492,29.73775272569277],[52.30538181668794,29.73707990659757],[52.30597288973915,29.73651036876475],[52.30682307025695,29.73601722072946],[52.30718511578296,29.73547041043574],[52.30778307013674,29.73441737626205],[52.30847850193827,29.73326989941652],[52.30942435606291,29.73239862546784],[52.30797592580745,29.73102848465301],[52.30794916753756,29.73104860771659],[52.30787102565974,29.73109144516232],[52.30536249502354,29.73059828340762],[52.30507482621012,29.7303424419116],[52.30548237302212,29.72943020068203],[52.3052485798184,29.72899356084091],[52.30488833647785,29.72907002783218],[52.30434495717429,29.72933446123548],[52.30433739865467,29.72934000052751],[52.30399903658098,29.72951437051739],[52.30372927437818,29.72991905027428],[52.30370349473043,29.72993838139397],[52.3030496486892,29.73036886962065],[52.30251164660337,29.7306372520128],[52.30143098100468,29.73130287799242],[52.30141727062774,29.73130251198963],[52.30098748087823,29.73163426398264],[52.30065847121531,29.73173744340911],[52.30003335503726,29.73175550300388],[52.29886742361236,29.73125841213234],[52.29695251060083,29.7291198404366],[52.30045152544771,29.72584451979694],[52.2992863976589,29.72542645969062],[52.2961470142185,29.7271475346958],[52.29581169999901,29.72577918257574],[52.29309025184427,29.72484877752975],[52.29268266556979,29.72431253909134],[52.29236738689032,29.72377359150786],[52.29219685583737,29.72329462275019],[52.29200255198965,29.72282465959469],[52.29192444974905,29.72253726708519],[52.29199868671579,29.72223097357764],[52.2921236487362,29.7219169135124],[52.29225805720533,29.72166402199781],[52.29241142383894,29.72145700191654],[52.29257176755924,29.72124832354145],[52.29274598039345,29.72110820875342],[52.292893265208,29.72100134239975],[52.29303372107459,29.72087647149702],[52.29328061870452,29.72067465226641],[52.29361264957172,29.72035836559164],[52.29383774567427,29.72015902608234],[52.29402938423908,29.71999759022732],[52.29416631577504,29.71986471149023],[52.29429476814803,29.71976425416294],[52.29441207350864,29.719653704287],[52.29454638490748,29.7195231987857],[52.29469257360496,29.71939553680479],[52.29480015199332,29.7193221019246],[52.29494534985455,29.71918768782015],[52.29510265362239,29.71905701912738],[52.29526343579916,29.71891387959937],[52.29547160661153,29.71874844394268],[52.29584278162685,29.71841722240773],[52.29614127258868,29.71813304518338],[52.29648819300187,29.71780466363691],[52.29676827042975,29.71754192818371],[52.29706090767484,29.71728464672285],[52.29741715162044,29.71700236888428],[52.29786634498716,29.71667058208782],[52.29846975670009,29.71620047313753],[52.29890616861312,29.71586891024284],[52.29934895354875,29.71553266592032],[52.29987861757527,29.71514547961941],[52.30042688005722,29.71475846682559],[52.30099929380832,29.71437617669449],[52.30138187113894,29.7140908025702],[52.30151621339997,29.71401924517389],[52.30175116560437,29.71386205243065],[52.30196610431713,29.71367237275884],[52.30209336317066,29.71353335297191],[52.30223123952707,29.71332772677643],[52.30232801236151,29.71316857581544],[52.30243047638855,29.7129868246199],[52.3026094634026,29.7126462540526],[52.30284806086319,29.71224458573266],[52.30299260942592,29.71201924106694],[52.30317225601699,29.71181700458293],[52.30329644419974,29.71168737159686],[52.3034034283551,29.71159514280182],[52.30350313800596,29.71150027027636],[52.30361852140084,29.71141217454606],[52.30380417257584,29.71124601485818],[52.30389126240291,29.71118301478434],[52.30402077202803,29.71105798321742],[52.30422902959127,29.71088809906806],[52.30451811108346,29.71067447761888],[52.30463883932769,29.71058512910207],[52.30485486680443,29.71043910579489],[52.30505028009379,29.71031998045753],[52.30524912630137,29.71015598079738],[52.30542743721104,29.71000938539427],[52.30573853507464,29.70977271947447],[52.30615787351307,29.70940705102452],[52.30661253038016,29.70905209686214],[52.30717849022945,29.70862347028011],[52.30751206989495,29.70834167411158],[52.30769015903918,29.70816059798475],[52.30799944299856,29.70778228642688],[52.30822066477221,29.70747117822909],[52.30860382342066,29.70696749411735],[52.30870582752092,29.70679560943695],[52.30882750337727,29.70661745902675],[52.309080499934,29.70625350600035],[52.30943328411296,29.70581172267012],[52.30961474048538,29.70558278548913],[52.30983338615096,29.70532902389859],[52.31022112254203,29.70496093944756],[52.31039773214965,29.70479371245619],[52.31052262839025,29.70466719898544],[52.31081498947538,29.7043895791709],[52.31139070558216,29.70377997812633],[52.3115540796347,29.70359103408681],[52.31163403685705,29.70352568856588],[52.31175877811137,29.70340188264627],[52.31185061281696,29.70329321968715],[52.31201942854408,29.70305761684942],[52.31212431675334,29.70288315184049],[52.31218715773701,29.70277578659944],[52.3122436870301,29.70266872029724],[52.31228009804268,29.70254625298177],[52.31234720782869,29.70232014353819],[52.31241401005695,29.7021242190262],[52.31251026342134,29.70199852272107],[52.31264154743265,29.7018700896248],[52.31277496209544,29.70174703512613],[52.31286092968691,29.70164339094209],[52.31295938966427,29.70150258284175],[52.31303537009941,29.70138765493808],[52.31312572577247,29.70124539212294],[52.31347263023177,29.70081154895516],[52.31360521792613,29.70061885703506],[52.31371661500359,29.70041637682198],[52.3138132140062,29.7002474395216],[52.31393681853937,29.70009779782944],[52.31414837972057,29.69983017864642],[52.3142249022676,29.69972445710875],[52.31433935451138,29.69957016025947],[52.3144860553204,29.69935878080183],[52.31460604315883,29.69917023488642],[52.31473597715619,29.69896870413623],[52.31486219866681,29.69878999793448],[52.3149575103636,29.6986523870175],[52.31510396560599,29.69846765753597],[52.3151296158218,29.69842186690785],[52.31518922695009,29.69834097662743],[52.31537148314122,29.69807277578026],[52.3155761293358,29.69778289187447],[52.31571384186937,29.69762413788276],[52.31575266255839,29.6975553608065],[52.31586672060995,29.69740416898798],[52.3159249300349,29.69732375072499],[52.31597703182524,29.69724855113118],[52.31600035515007,29.69721816994999],[52.31602456596156,29.69718855599337],[52.31608635953713,29.69709243852856],[52.31622389196313,29.69689360298104],[52.31627775303934,29.69681171088164],[52.31634151274852,29.6967228649957],[52.3164045798224,29.69662315679255],[52.31648198277647,29.69649194202729],[52.31655035034431,29.69639038352883],[52.3167106335961,29.6961611899557],[52.31685416885157,29.69594375740247],[52.31706535981424,29.69565200596275],[52.31712017909386,29.69557030162672],[52.31727459708002,29.6953506596692],[52.31732427010823,29.695280845666],[52.31737747698141,29.69520787967375],[52.31742852660322,29.69514171289805],[52.31757199430963,29.6949406332067],[52.31761161832214,29.69489145092727],[52.3176831675368,29.69477995298054],[52.31777392116761,29.69467109379184],[52.31778252422953,29.69464186311433],[52.31785610031285,29.69454710753018],[52.31794532082122,29.69441932522534],[52.31799635510134,29.69433280159215],[52.31815036736482,29.69411411289692],[52.3183456635127,29.69384342222439],[52.31850081527134,29.69364419967656],[52.31855699185586,29.69356197321722],[52.31861801884529,29.69348996663364],[52.31881316714261,29.69323931773666],[52.31901123386985,29.6929664120665],[52.3190992401642,29.69279843103517],[52.31921185658626,29.6925978752554],[52.31925552391913,29.69238303474466],[52.31922660915007,29.69211430778077],[52.31974918769416,29.69232292642142],[52.32010237402532,29.69256249278519],[52.32065487172233,29.69259812197419],[52.32117600171738,29.69239965407575],[52.32183599776386,29.69222098991197],[52.32246665818676,29.69226375260767],[52.32294414245836,29.69239611274237],[52.32295297936606,29.69240481546318],[52.32383374772152,29.69259060365921],[52.32425157602233,29.69267471484632],[52.32439099968783,29.69282283518085],[52.32463454884498,29.69301371284584],[52.32545736500952,29.69333426962892],[52.3258936165603,29.69354347747394],[52.32670920551209,29.69369007486188],[52.32732361868308,29.69369530079707],[52.32767792231935,29.69381511574829],[52.32802730618119,29.69394436379766],[52.32859563224737,29.69394917689412],[52.32919653303058,29.69364112279755],[52.33003762651995,29.69323867760202],[52.33026349209394,29.69294294599936],[52.33147280060627,29.6925668857832],[52.33187212444675,29.69241642319463],[52.33206792000024,29.69214176553693],[52.33280356068698,29.691831528186],[52.33359086932916,29.69148383321417],[52.3338321248979,29.69120327581006],[52.33382457113192,29.69091386363875],[52.33406879246119,29.69026034753293],[52.3341441051895,29.68995464120412],[52.33416001829423,29.68970842050131],[52.33424414143668,29.68924803447658],[52.33463563468619,29.68899433397375],[52.3349084967444,29.68871831283926],[52.33510044457854,29.68831510259334],[52.33515317322301,29.68786818007682],[52.33529917188431,29.68767648896614],[52.33544410516382,29.68745866564733],[52.33559345274466,29.68729538702864],[52.33588258275939,29.68718126343033],[52.3362238093478,29.68726714555591],[52.33648148944054,29.68750102950371],[52.33680554385894,29.68749613810308],[52.3374805599972,29.68731203425894],[52.33798984741573,29.68719521203187],[52.33825157340912,29.68723959020872],[52.33840551590691,29.68737576479917],[52.33868065601573,29.68740401645247],[52.33890123598756,29.68707370257257],[52.33914113726851,29.68687730796283],[52.33955473106815,29.6867635550879],[52.33998877711148,29.68648381922655],[52.34016131389886,29.68622055226129],[52.34026295111254,29.68607682475434],[52.34048729222534,29.6860437359241],[52.34072987246273,29.68607276946354],[52.34101017727836,29.68601676415922],[52.34119783559284,29.68603814027061],[52.3412880461156,29.68613882283895],[52.34145101704518,29.68622131026996],[52.34175333386796,29.68612528746748],[52.34210150673087,29.68588052263392],[52.34235718308803,29.68570585329552],[52.34275313179652,29.68565656554425],[52.34296354957974,29.68559721013378],[52.34299843032233,29.6853884480708],[52.3428423143437,29.68511411899972],[52.3421171744446,29.68410515805239],[52.34227001804458,29.6839082195781],[52.34262379814689,29.68383009189884],[52.34307356894413,29.68376996353258],[52.34336380945528,29.6835450964238],[52.34354223797608,29.68318707184809],[52.34380192605835,29.68303647609315],[52.34405614189007,29.68318244380172],[52.34415846812389,29.68328101269005],[52.34429817694472,29.68331105105377],[52.34446210946144,29.68311431615859],[52.34451830352737,29.68272060009631],[52.34455831904694,29.68232081728233],[52.34463290709863,29.68181181717651],[52.34464658409958,29.68177438943509],[52.34492124280584,29.68119151472558],[52.34508610301707,29.68093673239733],[52.34552917608969,29.68055894695449],[52.34574573754263,29.68033366083329],[52.34575966681102,29.67999320319037],[52.34567736344434,29.67967307627811],[52.34568476505071,29.67963564449281],[52.34567790814757,29.679189212517],[52.34566711863916,29.67913280892898],[52.34563697027386,29.67889535318246],[52.34563437139005,29.67882801350934],[52.34561337036496,29.67857308144371],[52.34544756149227,29.67841227244983],[52.34569769349481,29.67827478341859],[52.34604020396068,29.67822961974745],[52.34655173690602,29.67807731908367],[52.34709425820831,29.67789148942154],[52.34743651011623,29.6778399522193],[52.34753638205648,29.67790855849239],[52.34764683264805,29.67802976492383],[52.34778856946739,29.67812763787478],[52.34801955904542,29.67808119056325],[52.34814938732001,29.677853927959],[52.34820057108931,29.67753760681811],[52.34833405960097,29.67727031976609],[52.34849873997774,29.67696948690165],[52.34881788360566,29.6766605248184],[52.34919032106977,29.67640873986086],[52.34970581655657,29.67624981851958],[52.35023553749451,29.67607597562331],[52.350464645072,29.67607247119774],[52.35080460525415,29.67598878358833],[52.35096428556124,29.67582964122414],[52.35132948806756,29.67563609045689],[52.35142428387402,29.67573616723218],[52.35151873940403,29.67589329745096],[52.35166401748926,29.67601437987407],[52.35198338658142,29.67619585416507],[52.35225018489795,29.67610065149411],[52.3525464802313,29.67603947087728],[52.35287883863533,29.67609025639396],[52.35322932654498,29.67603350202628],[52.35362919562675,29.67576680708834],[52.35392709202116,29.67540982352896],[52.35411475702146,29.67493983247159],[52.35420348690202,29.6746070362312],[52.35430306255612,29.67426178998288],[52.35429406674416,29.67422958588553],[52.35441063991722,29.67379761080135],[52.35462904064605,29.67361248189527],[52.35509682009718,29.67338158504004],[52.35542799797027,29.67307391563771],[52.35577619050814,29.67250023315867],[52.35577757646877,29.6722805192701],[52.35576109197198,29.67228050475049],[52.35571911778236,29.67226183992509],[52.35569652214838,29.67224933406463],[52.3555037228254,29.67198261402188],[52.35541762504553,29.67177953243492],[52.35547724370754,29.67155969569274],[52.35564010268047,29.6713904638121],[52.35597664344197,29.67117380697353],[52.35610734265937,29.67087141871625],[52.35616744818432,29.67066329224707],[52.35635733900867,29.67054014244518],[52.35667536391509,29.67045794068023],[52.356934905713,29.67028464208805],[52.35724203631954,29.67001630913435],[52.35761980706606,29.66986433149],[52.36493693889987,29.6786242892867],[52.36496215460401,29.67860864764869],[52.37210787144556,29.68540553003119],[52.38127082223677,29.69634214706099],[52.38862721694834,29.70795178552084],[52.38972562147003,29.71640189710977],[52.38993092489648,29.71730629163928],[52.39009573201321,29.71710745156879],[52.39028114218397,29.71692758369883],[52.3903996747204,29.71692392682479],[52.39052009751541,29.71712818525612],[52.39068117538388,29.71728227911191],[52.3908329577586,29.71735042283397],[52.39107910637163,29.71731612569896],[52.39136881363475,29.71700591393633],[52.39154319846623,29.71677202202499],[52.39183572501805,29.71650736975646],[52.39228053563524,29.7163043774112],[52.39266388632672,29.71616024522138],[52.39307547359013,29.71599597275359],[52.3933381648885,29.71584505286082],[52.39367498473926,29.71562528144687],[52.39394312201821,29.71546276995138],[52.394300776254,29.71538891442705],[52.39447173977437,29.71547064550935],[52.39470689698193,29.7156147554262],[52.39490139501061,29.71591445642999],[52.39503423738532,29.71617520392148],[52.39519069160565,29.71636287903062],[52.39536021801997,29.71645615714536],[52.39565311044422,29.71649109528213],[52.39577900849963,29.71657947094148],[52.395800014085,29.71679745339688],[52.39576505792928,29.71708591475744],[52.39572709784812,29.71750715974484],[52.39564041722446,29.71770164300067],[52.39557186847001,29.71793236343331],[52.39555442847148,29.71810799453475],[52.39561746413178,29.71825972278938],[52.39566645916261,29.71843601696307],[52.39581647143416,29.7186749230336],[52.39600641803718,29.71879013877737],[52.39616697777828,29.71880548661778],[52.39634822576828,29.71877516044578],[52.39668020641185,29.71861901288857],[52.39693888071601,29.71853312088938],[52.39721098918798,29.71856810960979],[52.39750576625764,29.71859622880742],[52.39769550995069,29.71861193084262],[52.39798508882321,29.71862165596127],[52.39810968868806,29.71858635261928],[52.39833848478977,29.71849502541474],[52.39856794693926,29.71844863291986],[52.39870448907945,29.71849008499159],[52.39862702702654,29.71863160328664],[52.39833975532741,29.71885615708052],[52.39805131240723,29.71913659328057],[52.39770084740034,29.71958524874377],[52.39758502996352,29.71981286783279],[52.39750381908873,29.72003661490803],[52.39741806194306,29.72035091501831],[52.39734612394302,29.72060775568396],[52.39732187567978,29.72075656476959],[52.3974597522443,29.72089144263116],[52.39756437311716,29.72100200448534],[52.39767803572721,29.72111964816749],[52.3977267217716,29.72123120201239],[52.39775418843476,29.72132091715374],[52.39765363078187,29.72148807664078],[52.3975704589012,29.72166990627429],[52.39755555060732,29.72192274298546],[52.39755645281882,29.72204171074404],[52.39750542339692,29.72217631155855],[52.38360989512825,29.72391561771198],[52.38304838785235,29.7328055177482],[52.38341053422517,29.73276995140655],[52.38459620027452,29.73271530790817],[52.38532033085992,29.73254150389058],[52.3857958010191,29.73244669939726],[52.38614166107713,29.73250491897984],[52.38666592315978,29.73280889208586],[52.38679854560422,29.73305455749541],[52.38676220158625,29.7333490461867],[52.38697922158306,29.73362486642159],[52.38739407414855,29.73398921317498],[52.38779562700661,29.73437652957631],[52.38797941681896,29.73472372500717],[52.38795983237274,29.73503536797462],[52.38805247504916,29.73561909785446],[52.38845998713209,29.73607326226594],[52.38857695318716,29.73637904907573],[52.38836098456332,29.73670523580923],[52.38818859146819,29.73686518593566],[52.38774535688867,29.73692014510836],[52.38747929374028,29.73716924366595],[52.3873631497744,29.7374567807357],[52.38740612557294,29.73774416276646],[52.38757633749666,29.73805050926753],[52.38814792036097,29.73877248910408],[52.38817774200101,29.73944798439738],[52.38796741071432,29.7399133060094],[52.38770201305087,29.74051580514934],[52.3873883291207,29.74091120653967],[52.38724698777754,29.74107422553379],[52.38745537862933,29.74135293027586],[52.38772625361175,29.74164199085978],[52.3879479603271,29.74208761188246],[52.38788463311799,29.74261710385367],[52.38782866923449,29.74300024043103],[52.38754284946042,29.74342063499067],[52.38720104995637,29.74367247555288],[52.38689322274598,29.74390447268341],[52.38628920591094,29.74417453474286],[52.38626975778185,29.74416822075505],[52.38606435816207,29.74458074205602],[52.38587247453379,29.744931736568],[52.38537120404027,29.74523241556381],[52.38494816098157,29.74550236512167],[52.3847824496001,29.74591872010215],[52.3845546160602,29.74634336077056],[52.38452889037417,29.74662468025388],[52.38461039369548,29.74697024911781],[52.38447912025438,29.74804033763875],[52.3842418864777,29.74872033506951],[52.38385374589858,29.74935100669774],[52.38381306839572,29.74938724688502],[52.38333428302756,29.74973257493801],[52.38221252987272,29.75009215615711],[52.38163723126556,29.75019500516389],[52.38129410482119,29.75037249213537],[52.3784807328943,29.74790736468838],[52.37807151913175,29.7482196941614],[52.37769944607142,29.74861354305864],[52.37731920537627,29.74931026358093],[52.37707464353358,29.74959842507682],[52.37672172124047,29.7497750268372],[52.37655868423543,29.74979684602793],[52.37629238803454,29.74976306190277],[52.37605827336217,29.74980197971291],[52.37579977164009,29.75000037255016],[52.37574053901513,29.75004583592607],[52.37551205479472,29.75037523685027],[52.3754975842196,29.75063708950833],[52.37542211020603,29.75096464755235],[52.37525720485588,29.75112996020418],[52.37499996451115,29.75121134716642],[52.37493103886136,29.75123315174114],[52.3747819655426,29.75135315408967],[52.37475263030367,29.75172165884418],[52.37466344798257,29.75203224021504],[52.37441973604921,29.75231490180034],[52.37419615683785,29.75275884056816],[52.37419931369476,29.75321989681417],[52.37412189109475,29.75335888880002],[52.3740696990673,29.75339380190569],[52.37361765611193,29.75351565021049],[52.37331396094782,29.75373315858385],[52.37315488004071,29.75389261508822],[52.37158807821216,29.7554631014179],[52.37132316221367,29.75575399757608],[52.3710096014097,29.75606817484234],[52.37052194418115,29.75649001053127],[52.36989882432491,29.75710928659502],[52.36967063397518,29.75739355758108],[52.36959600157678,29.75744859752937],[52.36940245087858,29.75769997021338],[52.36916010906548,29.75780935469333],[52.36896825961716,29.75770968921066],[52.36879333061641,29.75756832161854],[52.36877508844766,29.75746116442234],[52.36885122239811,29.7573050447698],[52.36885549090157,29.75718227927224],[52.36878538517873,29.75699904004845],[52.36833137314951,29.75647301259966],[52.3682779166197,29.75636176279498],[52.36823140155369,29.75604749973882],[52.36820108764103,29.75575270359267],[52.36836046063787,29.75556310279343],[52.36842390413691,29.75545495701881],[52.36833496380754,29.7552575105919],[52.36818123418277,29.75514927408087],[52.3680183776043,29.75518281180386],[52.3679377852729,29.75518739004402],[52.36706051297314,29.75601994671547],[52.36681534700578,29.75634321615758],[52.36662402904513,29.756474546637],[52.3661179765815,29.75651760095857],[52.36600321623688,29.75658484812213],[52.36597022835743,29.75665743198163],[52.36605263665917,29.75676833866268],[52.36636604958013,29.75696941471726],[52.36662604326636,29.75706194620746],[52.36670000067143,29.75716121806971],[52.3666305691544,29.75734973523565],[52.36646563256987,29.75744826275717],[52.36602855328834,29.75747154548523],[52.36564167000699,29.75753032367285],[52.36536165486402,29.75774302279348],[52.36524042204129,29.75792494529601],[52.36515043015817,29.75818680055899],[52.36520083897798,29.75863014465585],[52.36514436311901,29.75891867163279],[52.36496229755331,29.75924389345442],[52.36470209618735,29.75940130654005],[52.36451527640632,29.75955604100599],[52.364463215841,29.75973081446861],[52.36440543176099,29.75980460212339],[52.36445025322706,29.75982751999933],[52.36422546895627,29.76019837276537],[52.36418553410157,29.76048669264577],[52.36417989364669,29.76104892305001],[52.36428911438515,29.76161518344521],[52.36430978551885,29.76233770970792],[52.36420244562764,29.76261420902267],[52.36390857694313,29.76280180907764],[52.36374893521268,29.76304103746981],[52.36372879054471,29.76333815054914],[52.3638262270191,29.76348405954938],[52.36392297484344,29.76365164039905],[52.3638713815872,29.76398793351772],[52.36368551091101,29.76433484957471],[52.36341708677477,29.76456274746867],[52.36340806030055,29.76477761278722],[52.36298519653958,29.76524737397593],[52.36280816792144,29.76536769654654],[52.36257090878501,29.76540663269871],[52.36249429126303,29.76546710341339],[52.36221533925157,29.76561752315283],[52.36211225654811,29.76583621674167],[52.36207691288505,29.76602252164192],[52.36219908461468,29.76616272675857],[52.36250385181577,29.76627277970238],[52.36268501701338,29.76641588675426],[52.36270494270611,29.76656453519164],[52.36247679356673,29.76678923700442],[52.36240920036409,29.76696329526341],[52.36246850335941,29.76738036994315],[52.36244090164723,29.76766404127223],[52.36231844156673,29.76783514459517],[52.36214115504561,29.76787335490455],[52.36157328225045,29.76760583191548],[52.36117304293327,29.76760701028052],[52.36077574899569,29.76753234961961],[52.36064877567934,29.76741566306931],[52.36056082232463,29.76708374850443],[52.36041407161868,29.76689329846705],[52.36022629954557,29.76659326398015],[52.36012272945933,29.76632018221499],[52.35997086721441,29.76593579413863],[52.35972507000436,29.76562832355532],[52.35952455841634,29.76524090678979],[52.35935281433305,29.7649731541984],[52.35913974236994,29.76477357552458],[52.3590123128846,29.76475976047865],[52.35893681103907,29.76482562467025],[52.35916806867764,29.76552489007555],[52.35942520436778,29.76589629494715],[52.35945079615588,29.76607735278276],[52.35930971710668,29.76631365196848],[52.35928929741141,29.76646277886536],[52.35939001035385,29.76655361240451],[52.35955790696603,29.76677358905456],[52.35960903266285,29.76706624127461],[52.35953924687914,29.76716632692813],[52.35954187492485,29.76720239353692],[52.35971548768008,29.76732483790794],[52.35982742494556,29.7675382599099],[52.35986811652727,29.76808820174641],[52.36001681868738,29.76820554087384],[52.36024816811327,29.76851407966478],[52.36027262421194,29.76888645885577],[52.36025633122907,29.76916637696402],[52.36015194604146,29.76936884897191],[52.35994732858241,29.76948123109417],[52.35749663370883,29.76856225860816],[52.35734526684483,29.76867053480757],[52.35691029630662,29.76883182839982],[52.35671712381377,29.76904528009596],[52.35658477064918,29.76937801279843],[52.35642597362388,29.76947465152088],[52.35597425766769,29.76946501762262],[52.35543744619765,29.76945980068143],[52.35524243225861,29.76961908042432],[52.35501006103843,29.77009893018524],[52.35445055752289,29.77032214961385],[52.3542852178822,29.77044783676128],[52.35426150081154,29.77056619906261],[52.35419088841638,29.77064700695805],[52.35398109732017,29.77066382755446],[52.35366770125779,29.77099537006833],[52.35331688240598,29.7715292980181],[52.35318674117502,29.77165834045586],[52.35304596765408,29.7716458041932],[52.35275301050959,29.7711705665268],[52.35258905133941,29.77077742239567],[52.35236279471449,29.77046863825689],[52.35221727831906,29.77039025804078],[52.35184054472445,29.7703604425209],[52.35177195606542,29.77032483251126],[52.35169869998747,29.77000774153424],[52.35158890392044,29.76999047356533],[52.3513786133893,29.76995316227731],[52.35132603620529,29.7698596912243],[52.35122254484322,29.76973951604635],[52.35093242452108,29.76968111027288],[52.35046086742419,29.76946246503578],[52.35014874176721,29.76914977026094],[52.3500375957676,29.76909731350885],[52.35001128300174,29.76915976407714],[52.34942325864839,29.76965473900388],[52.34930220007041,29.76964837542144],[52.34884126537779,29.76923566252509],[52.34853220559338,29.76902941160684],[52.3483935023725,29.76901684827996],[52.34830797644798,29.76905083708375],[52.34808619598098,29.76911285267494],[52.34776774706037,29.76912230677403],[52.34757321020487,29.76899825588523],[52.34735857616938,29.76905028856819],[52.34717802451659,29.76887290106387],[52.34703450518348,29.76878639050198],[52.34697170708545,29.76881840628181],[52.34697215764908,29.76920368462299],[52.34688697078554,29.76927465702104],[52.34673943256093,29.76920080305202],[52.34589149633373,29.76820250370702],[52.34566712704765,29.76809490585744],[52.34525412333258,29.76816907709453],[52.34496874974893,29.76840026016695],[52.34496329917985,29.76848240381603],[52.34510625690887,29.76850847200536],[52.34527120554288,29.76856415757436],[52.34543438029388,29.76876422053832],[52.34591228387418,29.76978496912703],[52.34609344216748,29.77016089060445],[52.34818501697182,29.7721988626724],[52.34818866703049,29.77237027475038],[52.34747777011706,29.77311423829111],[52.34716055207946,29.7732590234363],[52.34689819830957,29.77340794311705],[52.3465217825032,29.7738626251893],[52.34644979760099,29.77401922366271],[52.34649350543008,29.77427336277504],[52.34668045544074,29.77447055670912],[52.34673653733427,29.77460730649625],[52.34663905213368,29.77469100194788],[52.34629075071124,29.7747178025407],[52.34561014679304,29.77538485527468],[52.34539581231891,29.77580862108246],[52.3451485483149,29.77591322125736],[52.34467478621939,29.77601849125256],[52.34409512105899,29.77607939302432],[52.3437197860047,29.77597916510942],[52.34351543732758,29.77580194163932],[52.34305059481682,29.774964260826],[52.34293353642651,29.77494342299124],[52.34285737992158,29.77498546158604],[52.34271262573083,29.77510286655547],[52.34260027519814,29.77559539943615],[52.34244332689578,29.77596101704092],[52.34244328180778,29.77606929140789],[52.34232145332338,29.77631827351808],[52.34222435238038,29.77644436314588],[52.34211792402139,29.77645503559991],[52.34189181873451,29.77627344550487],[52.3417672506513,29.7762246915048],[52.34163283458346,29.776341125962],[52.34149060915535,29.7763971530603],[52.34129638427704,29.77619459325523],[52.34117926499403,29.77616833941479],[52.34094327255696,29.77637480375269],[52.3409154666691,29.77650041528529],[52.34085109640854,29.77658658523595],[52.34073873515471,29.77662797010566],[52.34034132975081,29.77648908154811],[52.33991703991091,29.7762366957394],[52.33958189977564,29.77611992249849],[52.33930132219014,29.77608939612682],[52.33919838501351,29.77614244206387],[52.33918592245375,29.77624990470636],[52.33938044817999,29.77693698995796],[52.33933169702386,29.77703477685332],[52.33895816037307,29.77713121488674],[52.33887957961787,29.77713357169849],[52.33843857507046,29.77697692809119],[52.33830738830532,29.77699588818993],[52.33829334610919,29.77704290822772],[52.33835116539799,29.77714536416903],[52.33844725745985,29.77747492812702],[52.33857664981296,29.77759855082091],[52.33872750604656,29.77780862829527],[52.33882887460115,29.77803620725125],[52.33864819481585,29.77818453570278],[52.33853283273292,29.77835045754914],[52.33850382393437,29.7786845001974],[52.33861675007291,29.77904462807266],[52.3388032949679,29.77942319468455],[52.33916660646501,29.77967871986833],[52.33944415954234,29.7797182915719],[52.33972624713032,29.77980023873889],[52.34065343172829,29.78041274152636],[52.34084737803403,29.78069561441792],[52.34097426092016,29.78088420411558],[52.34117901284227,29.78099195410104],[52.34131846672381,29.7809720319],[52.3417753734074,29.78094358144698],[52.34181342897126,29.78103263853185],[52.34156747210766,29.7812815784258],[52.34139921385332,29.78131884873928],[52.34128878320242,29.78134488248669],[52.34124357592322,29.78149046843805],[52.34096412957838,29.78169723747612],[52.34077488563946,29.7818140467536],[52.34033574124497,29.78186402376039],[52.34013916200535,29.78185727258421],[52.34009434159038,29.78159411900458],[52.33988094903148,29.78144582953815],[52.33954451492071,29.78141568960091],[52.33933394545009,29.78135038911988],[52.33900404991085,29.78101794152917],[52.33873292593154,29.78123005478678],[52.33843813424262,29.78122849959168],[52.33785195787345,29.78103407202174],[52.33761110987169,29.78105017974848],[52.33737989533315,29.78121600844828],[52.33729568794083,29.78173540457376],[52.33716507443116,29.78181751442562],[52.33714067810499,29.7819782928939],[52.33707758221701,29.78231799485069],[52.33712508479697,29.78287527554001],[52.33731172357194,29.78315187578728],[52.33731198357462,29.78340722359321],[52.3371679743624,29.78394869259637],[52.3370219728172,29.78404444743996],[52.3366592695783,29.7840839578882],[52.3363889594312,29.78404613827334],[52.33619828863651,29.78389497019493],[52.33616068870658,29.78374094555252],[52.33615704298143,29.78368141815542],[52.3362467897406,29.78354184458886],[52.33625604787292,29.78342267486408],[52.33614400327028,29.78304630265718],[52.33594659665327,29.78283563706564],[52.33543040458368,29.7824900294255],[52.33501198831842,29.78197591900973],[52.33493207265728,29.78194579283521],[52.33480325743245,29.78245286951805],[52.33456480909918,29.78262054501864],[52.33431794562653,29.78265834628687],[52.33414660599857,29.78258463761649],[52.33396872654122,29.78235939720623],[52.33367907764514,29.78212951793628],[52.33334101703124,29.78191981586424],[52.33273544203896,29.78129691813173],[52.33260601968661,29.78128247547511],[52.33263143993677,29.78157644575863],[52.33255643517586,29.78185938074677],[52.33241448658143,29.78205976511108],[52.33225040940255,29.78210240405099],[52.33181755923371,29.78204765101408],[52.33172988576496,29.78207532451582],[52.33179163180968,29.78215429217656],[52.33182772701034,29.78248518640506],[52.33170183643963,29.78308698027806],[52.33158638119076,29.78370042583745],[52.33152149955428,29.78373155222122],[52.33139793395388,29.78367916902338],[52.33125978398464,29.78361515668363],[52.33112002271621,29.78371627452604],[52.33093736070792,29.78376175287245],[52.33082855963968,29.78374084754261],[52.33073991284994,29.78354656790766],[52.3305802418527,29.78339066690829],[52.33028882703377,29.78330696326165],[52.33017485701708,29.783399780516],[52.33003915071251,29.78337725205608],[52.3299720957643,29.78339666878326],[52.32993817159038,29.78353404254779],[52.32941980115268,29.7836314517921],[52.32889568454675,29.78377852800684],[52.32848130494241,29.78405206712416],[52.32812659135554,29.78417450883585],[52.32814172544435,29.78424659127056],[52.32859216883926,29.78430123351799],[52.32878897391855,29.78444605261102],[52.32885441164406,29.7845899720802],[52.32874985623747,29.78480994617323],[52.32874218743007,29.78501409257983],[52.32875832015316,29.78551727958094],[52.32374027125995,29.78755570752958],[52.3236922145148,29.78761738818634],[52.32382558820471,29.78772565416719],[52.32388677159657,29.78785786991427],[52.32380527730276,29.78811287384702],[52.3236068175631,29.78835875289632],[52.3234552915785,29.78841753420047],[52.32239562180279,29.7883697465791],[52.32213502619395,29.78826324791368],[52.32184063814196,29.78819398352958],[52.32153141663775,29.78808691499054],[52.32126078625712,29.78789838046612],[52.32110651927946,29.787909207597],[52.32119458339159,29.78810904204609],[52.32126281056961,29.7883004742256],[52.321201854176,29.78841290486147],[52.32080682459723,29.78860707056359],[52.32077961891351,29.7886875637763],[52.32083284441165,29.78874043409618],[52.3209757981916,29.78876291751337],[52.32107258446189,29.78882812183793],[52.32292224640971,29.79069209667258],[52.32300043565083,29.7907464180864],[52.32315227579952,29.79095593848646],[52.32323004924918,29.79097706042314],[52.32373141540714,29.79082474822458],[52.32409114982711,29.79079702508104],[52.32421515377411,29.79089722698161],[52.32441214110271,29.79140657054767],[52.32459714146003,29.79161824386068],[52.32485193461426,29.79199726511648],[52.32511453557267,29.7922111105866],[52.32526897581,29.79258900643233],[52.32531307430484,29.79277638372596],[52.32521824781902,29.79292861617648],[52.32501068727927,29.79331350782866],[52.324677187324,29.79384273154243],[52.32451639690903,29.79390789651489],[52.32446920534601,29.79406702254024],[52.32455551392806,29.79411605853338],[52.32465871904245,29.79420467527338],[52.32467836027767,29.79443282221258],[52.3245014964232,29.79477960441937],[52.32460724595777,29.79503603579116],[52.32449440778341,29.79514147105956],[52.32452056465017,29.79517467770871],[52.32457517309291,29.79538002245378],[52.32441156856743,29.79547679023173],[52.32439267863585,29.79556172973849],[52.32446542602379,29.79559912575885],[52.32450492854673,29.79562051303382],[52.32453473702146,29.79571415063536],[52.32465024135937,29.79578914377687],[52.32472391921267,29.79604399151359],[52.32466504037158,29.79616800724418],[52.32466483702397,29.79626094395738],[52.32471519640373,29.79622450702213],[52.32483605388278,29.79620382260629],[52.32495952915486,29.79635997556451],[52.32503824250247,29.79637026753661],[52.32510142325238,29.79626426486372],[52.32521257692614,29.79620123912073],[52.3252938796524,29.79626835403173],[52.32538413674561,29.79629661255899],[52.32545241523585,29.79641254060661],[52.32553655597227,29.79645076111916],[52.32568886891591,29.79636219040318],[52.32601031904464,29.79621742168818],[52.32650130958375,29.79594516914176],[52.32670354652694,29.79588693999647],[52.32676212905702,29.79595872168395],[52.32668752299171,29.79628856240751],[52.32648053769202,29.79662292788866],[52.3262659499273,29.79691674394235],[52.32570048281763,29.79696212999994],[52.32564218001502,29.79703561690167],[52.32580624667413,29.79710396775787],[52.3258566050401,29.79718121855019],[52.32580310634756,29.79744414599406],[52.32569499355808,29.7976145232543],[52.32557705834643,29.79795819900101],[52.3255270335625,29.79803253226747],[52.32536146376846,29.79816419559224],[52.32478218805797,29.79826230711108],[52.32465643449146,29.79854197353699],[52.32431484757022,29.79875003609406],[52.32418353742135,29.79875815560204],[52.32386614525188,29.79843641039686],[52.32378551681204,29.79844328279601],[52.32375387709087,29.79860590824595],[52.32364489697849,29.79856695272387],[52.3235830020926,29.79858632374702],[52.32362337254245,29.79870334342217],[52.32370266816829,29.79900777451464],[52.32363124498446,29.7992329361865],[52.32330658588771,29.79959787352139],[52.32270475011142,29.80020201327779],[52.32250165618287,29.80039649329127],[52.32232930760306,29.80044278566589],[52.30185942704372,29.81186413661556],[52.29538717656029,29.82295630912428]]]},"properties":{"Name":"منطقه حفاظت شده تنگ سرخ و کوه قلات","description":"<html xmlns:fo=\"http://www.w3.org/1999/XSL/Format\" xmlns:msxsl=\"urn:schemas-microsoft-com:xslt\">\n\n<head>\n\n<META http-equiv=\"Content-Type\" content=\"text/html\">\n\n<meta http-equiv=\"content-type\" content=\"text/html; charset=UTF-8\">\n\n</head>\n\n<body style=\"margin:0px 0px 0px 0px;overflow:auto;background:#FFFFFF;\">\n\n<table style=\"font-family:Arial,Verdana,Times;font-size:12px;text-align:left;width:100%;border-collapse:collapse;padding:3px 3px 3px 3px\">\n\n<tr style=\"text-align:center;font-weight:bold;background:#9CBCE2\">\n\n<td>منطقه حفاظت شده تنگ سرخ و کوه قلات</td>\n\n</tr>\n\n<tr>\n\n<td>\n\n<table style=\"font-family:Arial,Verdana,Times;font-size:12px;text-align:left;width:100%;border-spacing:0px; padding:3px 3px 3px 3px\">\n\n<tr>\n\n<td>FID</td>\n\n<td>13</td>\n\n</tr>\n\n<tr bgcolor=\"#D4E4F3\">\n\n<td>OBJECTID_1</td>\n\n<td>14</td>\n\n</tr>\n\n<tr>\n\n<td>cod</td>\n\n<td>14</td>\n\n</tr>\n\n<tr bgcolor=\"#D4E4F3\">\n\n<td>tafkik_id</td>\n\n<td>3</td>\n\n</tr>\n\n<tr>\n\n<td>tafkik_nam</td>\n\n<td>منطقه حفاظت شده</td>\n\n</tr>\n\n<tr bgcolor=\"#D4E4F3\">\n\n<td>shahrestan</td>\n\n<td>شیراز</td>\n\n</tr>\n\n<tr>\n\n<td>NAME1</td>\n\n<td>منطقه حفاظت شده تنگ سرخ و کوه قلات</td>\n\n</tr>\n\n<tr bgcolor=\"#D4E4F3\">\n\n<td>sal_mosava</td>\n\n<td>1403</td>\n\n</tr>\n\n<tr>\n\n<td>AREA_ha</td>\n\n<td>11313</td>\n\n</tr>\n\n<tr bgcolor=\"#D4E4F3\">\n\n<td>F_AREA</td>\n\n<td>11313</td>\n\n</tr>\n\n<tr>\n\n<td>Shape_Leng</td>\n\n<td>83126.047691</td>\n\n</tr>\n\n</table>\n\n</td>\n\n</tr>\n\n</table>\n\n</body>\n\n</html>\n\n","timestamp":null,"begin":null,"end":null,"altitudeMode":"clampToGround","tessellate":-1,"extrude":0,"visibility":-1,"drawOrder":null,"icon":null,"snippet":""}}
]}